nome_personagem,classe,raca,nivel,forca,destreza,constituicao,inteligencia,sabedoria,carisma
Personagem_1,Ladino,Tiefling,10.0,7.0,16,13,12,11,12
Personagem_2,Druida,Draconato,3.0,12.0,11,9,12,15,8
Personagem_3,Patrulheiro,Draconato,5.0,11.0,15,14,10,15,10
Personagem_4,Mago,Halfling,4.0,6.0,18,12,16,11,9
Personagem_5,Feiticeiro,Humano,6.0,7.0,15,10,7,7,18
Personagem_6,Ladino,Humano,11.0,11.0,17,11,8,11,11
Personagem_7,Paladino,Tiefling,4.0,16.0,10,17,9,12,17
Personagem_8,Clérigo,Githyanki,14.0,10.0,9,12,9,19,11
Personagem_9,Ladino,Anão,6.0,5.0,16,11,16,9,13
Personagem_10,Patrulheiro,Githyanki,8.0,12.0,15,14,10,14,5
Personagem_11,Patrulheiro,Humano,5.0,6.0,16,10,8,13,8
Personagem_12,Mago,Draconato,6.0,7.0,15,8,14,11,7
Personagem_13,Feiticeiro,Draconato,6.0,9.0,14,12,9,8,19
Personagem_14,Druida,Tiefling,6.0,9.0,12,15,10,16,6
Personagem_15,Mago,Anão,8.0,7.0,15,16,18,10,10
Personagem_16,Mago,Elfo,4.0,9.0,11,14,19,12,8
Personagem_17,Clérigo,Halfling,5.0,14.0,12,12,13,14,13
Personagem_18,Guerreiro,Tiefling,7.0,17.0,14,16,10,10,8
Personagem_19,Feiticeiro,Elfo,6.0,7.0,13,10,8,10,17
Personagem_20,Bruxo,Githyanki,3.0,11.0,12,13,9,9,19
Personagem_21,Mago,Tiefling,3.0,5.0,13,15,18,12,6
Personagem_22,Guerreiro,Elfo,4.0,16.0,12,17,4,7,10
Personagem_23,Bruxo,Githyanki,3.0,8.0,13,13,8,12,16
Personagem_24,Feiticeiro,Humano,4.0,10.0,14,17,14,10,17
Personagem_25,Bardo,Tiefling,5.0,8.0,14,11,10,13,18
Personagem_26,Paladino,Tiefling,5.0,13.0,7,9,6,11,16
Personagem_27,Guerreiro,Tiefling,1.0,14.0,14,11,9,7,13
Personagem_28,Monge,draconato,7.0,10.0,18,14,10,16,6
Personagem_29,Bardo,Githyanki,1.0,10.0,12,12,15,8,11
Personagem_30,Patrulheiro,Humano,5.0,9.0,18,15,8,18,8
Personagem_31,Patrulheiro,Halfling,7.0,12.0,19,16,8,10,7
Personagem_32,Paladino,Halfling,6.0,,9,13,9,10,19
Personagem_33,Clérigo,Githyanki,2.0,11.0,11,12,10,12,17
Personagem_34,Ladino,Anão,5.0,8.0,18,17,9,12,13
Personagem_35,Druida,Anão,5.0,9.0,11,16,12,11,10
Personagem_36,Monge,Elfo,7.0,14.0,15,14,11,15,7
Personagem_37,Clérigo,Halfling,4.0,14.0,11,15,11,18,10
Personagem_38,Feiticeiro,Tiefling,7.0,8.0,14,14,11,9,15
Personagem_39,Clérigo,Elfo,6.0,11.0,8,13,8,16,8
Personagem_40,Ladino,Humano,7.0,11.0,17,12,12,9,11
Personagem_41,Feiticeiro,Githyanki,7.0,7.0,10,12,9,8,17
Personagem_42,Monge,Githyanki,5.0,12.0,13,13,9,18,6
Personagem_43,Ladino,Draconato,8.0,7.0,16,15,12,12,13
Personagem_44,Bruxo,Elfo,13.0,10.0,14,14,13,7,17
Personagem_45,Druida,Githyanki,4.0,13.0,13,15,9,13,10
Personagem_46,Monge,Draconato,9.0,10.0,16,14,7,14,8
Personagem_47,Bruxo,Humano,7.0,6.0,13,16,7,7,17
Personagem_48,Paladino,Humano,7.0,15.0,13,18,6,12,14
Personagem_49,Monge,Tiefling,4.0,9.0,16,11,13,15,4
Personagem_50,Paladino,   anão,6.0,14.0,9,17,10,11,13
Personagem_51,Feiticeiro,Halfling,5.0,8.0,13,18,9,10,18
Personagem_52,Bruxo,Elfo,11.0,10.0,12,14,9,9,20
Personagem_53,Druida,Humano,5.0,11.0,10,13,11,14,10
Personagem_54,Ladino,Draconato,,9.0,16,14,13,8,15
Personagem_55,Mago,Halfling,6.0,8.0,15,12,20,12,12
Personagem_56,Clérigo,Githyanki,4.0,12.0,9,14,12,16,10
Personagem_57,Bardo, elfo ,5.0,7.0,15,15,8,7,17
Personagem_58,Druida,Githyanki,6.0,11.0,15,14,13,15,7
Personagem_59,Bruxo,Anão,5.0,8.0,11,12,14,9,15
Personagem_60,Mago,Elfo,6.0,12.0,14,14,20,10,11
Personagem_61,Druida,Elfo,5.0,9.0,14,15,8,17,9
Personagem_62,Bruxo,Githyanki,9.0,9.0,10,16,9,8,17
Personagem_63,Guerreiro,Draconato,3.0,16.0,13,17,9,6,8
Personagem_64,Guerreiro,Draconato,7.0,14.0,13,20,5,9,12
Personagem_65,Paladino,draconato,5.0,17.0,6,15,13,8,16
Personagem_66,Druida,draconato,4.0,8.0,14,12,14,19,8
Personagem_67,Guerreiro,Draconato,3.0,18.0,15,18,9,7,9
Personagem_68,Bruxo,Humano,11.0,9.0,14,15,6,9,17
Personagem_69,Paladino,Githyanki,5.0,16.0,9,14,13,10,15
Personagem_70,Bruxo,Githyanki,4.0,6.0,9,14,11,10,18
Personagem_71,Paladino,Draconato,10.0,12.0,12,14,9,12,16
Personagem_72,Druida,Humano,3.0,10.0,13,17,7,20,9
Personagem_73,Mago,Anão,5.0,5.0,16,11,14,12,8
Personagem_74,Ladino,Githyanki,3.0,9.0,16,10,10,9,15
Personagem_75,Monge,Githyanki,7.0,11.0,18,10,10,18,5
Personagem_76,Mago,Githyanki,7.0,7.0,15,16,20,10,10
Personagem_77,Feiticeiro,Draconato,4.0,5.0,11,12,12,11,16
Personagem_78,Bruxo,Elfo,9.0,7.0,11,13,9,11,15
Personagem_79,Feiticeiro,Draconato,11.0,9.0,14,12,8,11,17
Personagem_80,Mago,Anão,10.0,7.0,18,13,16,10,10
Personagem_81,Paladino,Tiefling,6.0,14.0,5,15,11,12,17
Personagem_82,Monge,Tiefling  ,6.0,,15,14,6,17,11
Personagem_83,Monge,Tiefling,6.0,12.0,13,12,10,17,8
Personagem_84,Bardo,Halfling,6.0,9.0,14,14,11,10,15
Personagem_85,Monge,Tiefling,7.0,13.0,19,13,8,16,9
Personagem_86,Ladino,Halfling,10.0,9.0,16,14,14,7,15
Personagem_87,Monge,Draconato,9.0,12.0,17,10,11,16,8
Personagem_88,Mago,Humano,6.0,,13,12,14,11,11
Personagem_89,Bardo,Halfling,4.0,8.0,13,13,14,8,16
Personagem_90,Mago,Githyanki,6.0,8.0,13,14,18,12,9
Personagem_91,Mago,Draconato,7.0,7.0,14,12,17,10,10
Personagem_92,Patrulheiro,Elfo,7.0,9.0,19,10,6,13,7
Personagem_93,Clérigo,Humano,8.0,15.0,13,14,10,14,11
Personagem_94,Bardo,Halfling,4.0,12.0,17,9,12,11,14
Personagem_95,Mago,Humano,9.0,11.0,10,13,16,9,7
Personagem_96,Clérigo,Anão,8.0,12.0,10,17,11,15,15
Personagem_97,Clérigo,Humano,8.0,12.0,11,14,11,15,14
Personagem_98,Bardo,Draconato,8.0,8.0,14,12,10,9,18
Personagem_99,Patrulheiro,Githyanki,6.0,13.0,16,9,12,17,10
Personagem_100,Feiticeiro,Tiefling,3.0,8.0,15,12,8,13,16
Personagem_101,Paladino,Elfo,11.0,19.0,7,12,8,12,12
Personagem_102,Ladino,Draconato,6.0,9.0,12,14,10,7,12
Personagem_103,Paladino,Anão,1.0,16.0,11,14,11,12,20
Personagem_104,Monge,Anão,4.0,13.0,16,19,8,16,8
Personagem_105,Ladino,Elfo,4.0,10.0,16,12,12,6,12
Personagem_106,Monge,Halfling,4.0,9.0,14,14,8,16,6
Personagem_107,Mago,Humano,8.0,5.0,14,13,15,12,7
Personagem_108,Bruxo,Halfling,3.0,12.0,9,15,9,9,18
Personagem_109,Bardo,Githyanki,6.0,9.0,15,7,10,8,17
Personagem_110,Ladino,Draconato,15.0,11.0,17,12,13,5,10
Personagem_111,Ladino,Githyanki,3.0,9.0,15,14,9,11,13
Personagem_112,Mago,Draconato,11.0,3.0,15,16,15,14,13
Personagem_113,Feiticeiro,Elfo,13.0,8.0,11,12,12,14,13
Personagem_114,Clérigo,Anão,1.0,11.0,13,12,11,18,8
Personagem_115,Mago,Humano,8.0,12.0,14,11,16,10,10
Personagem_116,Guerreiro,Githyanki,4.0,17.0,12,18,10,12,10
Personagem_117,Patrulheiro,Anão,14.0,8.0,18,14,10,18,9
Personagem_118,Clérigo,Humano,7.0,8.0,9,13,12,17,11
Personagem_119,Bardo,Tiefling,5.0,8.0,18,9,8,9,18
Personagem_120,Clérigo,Halfling,7.0,11.0,10,16,9,13,13
Personagem_121,Feiticeiro,Anão,6.0,7.0,17,15,7,7,16
Personagem_122,Clérigo,Anão,5.0,15.0,9,13,12,15,12
Personagem_123,Bardo,Githyanki,6.0,7.0,17,7,6,10,19
Personagem_124,Feiticeiro,Anão,8.0,10.0,17,12,11,10,16
Personagem_125,Paladino,Tiefling,5.0,14.0,7,18,10,11,19
Personagem_126,Ladino,Halfling,7.0,12.0,16,11,10,7,11
Personagem_127,Ladino,Anão,9.0,10.0,20,15,11,7,14
Personagem_128,Patrulheiro,Humano,6.0,12.0,13,13,9,12,11
Personagem_129,Monge,Tiefling,6.0,13.0,17,10,10,17,9
Personagem_130,Paladino,Halfling,6.0,17.0,11,14,7,7,15
Personagem_131,Paladino,Tiefling,5.0,16.0,8,15,6,13,17
Personagem_132,Clérigo,Tiefling,5.0,13.0,10,14,6,18,13
Personagem_133,Ladino,Elfo,6.0,8.0,13,14,12,9,12
Personagem_134,Bardo,Halfling,6.0,6.0,16,14,12,12,20
Personagem_135,Druida,Tiefling,7.0,12.0,12,14,10,20,7
Personagem_136,Druida,Halfling,11.0,12.0,12,11,8,20,11
Personagem_137,Feiticeiro,Tiefling,9.0,9.0,15,17,9,8,19
Personagem_138,Ladino,Elfo,10.0,7.0,17,13,12,10,11
Personagem_139,Ladino,Humano,10.0,12.0,18,11,15,8,12
Personagem_140,Patrulheiro,Halfling,7.0,10.0,13,16,9,15,10
Personagem_141,Druida,Elfo,3.0,,8,15,11,18,5
Personagem_142,Ladino,Draconato,9.0,8.0,17,13,11,7,14
Personagem_143,Patrulheiro,Draconato,3.0,12.0,17,11,11,13,9
Personagem_144,Clérigo,Githyanki,8.0,14.0,10,13,10,15,8
Personagem_145,Guerreiro,Halfling,7.0,17.0,150,15,7,8,6
Personagem_146,Bruxo,Elfo,5.0,8.0,11,14,11,11,14
Personagem_147,Paladino,Tiefling,5.0,15.0,8,12,8,11,17
Personagem_148,Monge,Githyanki,4.0,12.0,19,12,6,14,11
Personagem_149,Feiticeiro,Anão,6.0,10.0,13,14,8,11,14
Personagem_150,Guerreiro,Humano,4.0,20.0,14,16,9,10,6
Personagem_151,Druida,Githyanki,11.0,10.0,6,17,12,20,11
Personagem_152,Patrulheiro,Humano,10.0,10.0,18,11,6,14,9
Personagem_153,Paladino,Tiefling,11.0,,12,15,9,10,16
Personagem_154,Ladino,Anão,7.0,9.0,14,11,10,8,11
Personagem_155,Monge,Elfo,7.0,12.0,19,17,11,14,8
Personagem_156,Ladino,Anão,,9.0,17,14,10,8,11
Personagem_157,Bardo,Elfo,14.0,10.0,16,14,9,10,14
Personagem_158,Bardo,Halfling,4.0,4.0,13,11,9,8,15
Personagem_159,Monge,Elfo,7.0,13.0,17,16,9,19,9
Personagem_160,Patrulheiro,Elfo,7.0,13.0,15,11,7,19,9
Personagem_161,Monge,,11.0,10.0,16,11,10,15,10
Personagem_162,Druida,Humano,8.0,9.0,7,14,11,18,12
Personagem_163,Monge,Elfo,,9.0,16,12,10,13,10
Personagem_164,Clérigo,Draconato,6.0,10.0,7,13,13,16,11
Personagem_165,Ladino,Anão,5.0,8.0,17,13,11,10,16
Personagem_166,Guerreiro,Draconato,9.0,18.0,10,16,14,11,9
Personagem_167,Mago,Halfling,9.0,10.0,11,10,16,10,8
Personagem_168,Patrulheiro,Humano,2.0,12.0,15,13,7,15,3
Personagem_169,Monge,Elfo,7.0,12.0,14,11,7,15,11
Personagem_170,Feiticeiro,Halfling,6.0,4.0,10,13,11,7,18
Personagem_171,Bardo,Humano,6.0,9.0,17,12,10,10,14
Personagem_172,Clérigo,Tiefling,6.0,9.0,9,11,13,18,12
Personagem_173,Paladino,Halfling,,18.0,13,16,8,12,16
Personagem_174,Mago,Tiefling,8.0,6.0,13,10,17,12,10
Personagem_175,Patrulheiro,Halfling,9.0,11.0,16,12,11,16,5
Personagem_176,Guerreiro,Halfling,7.0,16.0,13,15,8,10,9
Personagem_177,Mago,draconato,3.0,8.0,15,13,16,12,10
Personagem_178,Monge,Draconato,7.0,9.0,18,9,3,15,10
Personagem_179,Druida,Githyanki,7.0,7.0,13,15,9,15,8
Personagem_180,Bardo,Elfo,4.0,8.0,13,9,10,10,17
Personagem_181,Bardo,,4.0,7.0,18,12,11,9,14
Personagem_182,Paladino,Anão,8.0,18.0,9,15,11,8,14
Personagem_183,Druida,Humano,11.0,9.0,16,17,9,15,9
Personagem_184,Ladino,Halfling,1.0,9.0,13,11,12,8,10
Personagem_185,Bruxo,Elfo,7.0,10.0,10,17,11,13,15
Personagem_186,Clérigo,Halfling,11.0,14.0,9,14,9,11,12
Personagem_187,Bardo,Githyanki,13.0,3.0,16,8,10,9,20
Personagem_188,Feiticeiro,Tiefling,4.0,8.0,14,11,9,12,14
Personagem_189,Bardo,Tiefling,11.0,11.0,13,12,8,11,17
Personagem_190,Mago,Draconato,1.0,7.0,14,9,20,13,11
Personagem_191,Bardo,Draconato,3.0,8.0,12,12,10,8,15
Personagem_192,Patrulheiro,Anão,6.0,10.0,15,13,11,12,7
Personagem_193,Bardo,Elfo,1.0,11.0,15,12,12,7,17
Personagem_194,Bruxo,HUMANO,5.0,6.0,13,13,9,9,15
Personagem_195,Bruxo,Humano,8.0,7.0,9,12,12,8,16
Personagem_196,Guerreiro,Tiefling,4.0,16.0,16,17,12,8,8
Personagem_197,Ladino,Tiefling,4.0,9.0,16,11,9,6,12
Personagem_198,Feiticeiro,Halfling,6.0,4.0,15,12,11,7,14
Personagem_199,Bardo,Humano,5.0,6.0,16,9,12,11,16
Personagem_200,Bardo,Halfling,10.0,9.0,19,12,5,12,15
Personagem_201,Clérigo,Tiefling,5.0,14.0,14,12,6,13,13
Personagem_202,Bruxo,Draconato,1.0,8.0,12,12,10,10,15
Personagem_203,Feiticeiro,Githyanki,3.0,6.0,12,15,11,10,19
Personagem_204,Paladino,Humano,2.0,13.0,9,14,8,10,16
Personagem_205,Guerreiro,Humano,2.0,18.0,10,17,9,8,10
Personagem_206,Ladino,Halfling,2.0,8.0,12,10,15,7,13
Personagem_207,Druida,Anão,10.0,11.0,14,13,8,17,8
Personagem_208,Ladino,Draconato,5.0,9.0,15,14,11,7,12
Personagem_209,Patrulheiro,Halfling,1.0,12.0,16,15,6,16,8
Personagem_210,Mago,Tiefling,6.0,10.0,16,12,17,10,12
Personagem_211,Patrulheiro,Tiefling,7.0,10.0,15,14,5,14,9
Personagem_212,Bardo,Anão,8.0,10.0,14,9,11,10,18
Personagem_213,Guerreiro,Githyanki,1.0,18.0,9,19,8,9,8
Personagem_214,Mago,Anão,5.0,6.0,13,9,16,8,9
Personagem_215,Feiticeiro,Elfo,10.0,10.0,12,13,8,10,20
Personagem_216,Druida,Tiefling,,11.0,10,14,10,19,10
Personagem_217,Bruxo,Halfling,12.0,6.0,12,14,10,8,19
Personagem_218,Guerreiro,Halfling,13.0,19.0,13,15,9,10,9
Personagem_219,Guerreiro,Elfo,12.0,16.0,11,13,10,10,10
Personagem_220,Patrulheiro,Draconato,10.0,13.0,150,13,9,18,9
Personagem_221,Bardo,Humano,8.0,9.0,12,14,12,5,15
Personagem_222,Monge,Anão,9.0,10.0,16,12,8,13,9
Personagem_223,Patrulheiro,Draconato,3.0,10.0,15,15,13,17,4
Personagem_224,Guerreiro,Githyanki,3.0,20.0,11,15,8,8,8
Personagem_225,Clérigo,Tiefling,3.0,11.0,9,14,13,18,10
Personagem_226,Druida,Tiefling,5.0,8.0,9,17,11,14,9
Personagem_227,Patrulheiro,Halfling,4.0,10.0,15,10,8,15,11
Personagem_228,Druida,Draconato,7.0,12.0,10,13,12,15,7
Personagem_229,Clérigo,Tiefling,7.0,7.0,11,14,9,20,10
Personagem_230,Paladino,Githyanki,5.0,15.0,10,14,6,11,16
Personagem_231,Clérigo,Halfling,7.0,15.0,12,12,12,17,14
Personagem_232,Clérigo,Humano,8.0,12.0,10,13,9,16,11
Personagem_233,Druida,Draconato,6.0,8.0,12,17,12,14,8
Personagem_234,Ladino,Githyanki,4.0,9.0,15,14,9,12,12
Personagem_235,Druida,Tiefling,1.0,9.0,11,14,9,17,9
Personagem_236,Monge,Tiefling,4.0,9.0,15,7,11,17,5
Personagem_237,Bardo,Humano,1.0,9.0,15,12,10,7,15
Personagem_238,Mago,Halfling,6.0,10.0,12,16,14,11,10
Personagem_239,Ladino,,11.0,10.0,15,9,11,9,13
Personagem_240,Bruxo,Elfo,4.0,7.0,13,16,9,14,15
Personagem_241,Mago,Githyanki,8.0,7.0,150,14,13,8,8
Personagem_242,Bardo,Githyanki,9.0,10.0,13,12,6,8,20
Personagem_243,Patrulheiro,Draconato,8.0,6.0,14,16,8,12,8
Personagem_244,Monge,Githyanki,12.0,12.0,16,10,7,13,10
Personagem_245,Monge,Anão,2.0,11.0,18,11,5,16,10
Personagem_246,Bruxo,Githyanki,11.0,9.0,10,13,8,11,16
Personagem_247,Ladino,Halfling,7.0,14.0,13,12,13,10,12
Personagem_248,Paladino,Anão,2.0,17.0,14,16,3,10,16
Personagem_249,Clérigo,Tiefling,3.0,12.0,6,15,12,17,8
Personagem_250,Ladino,Humano,9.0,6.0,17,11,10,8,10
Personagem_251,Paladino,Tiefling,11.0,19.0,11,13,10,12,15
Personagem_252,Monge,Tiefling,6.0,13.0,18,12,10,19,10
Personagem_253,Druida,Elfo,3.0,11.0,12,12,10,16,8
Personagem_254,Bardo,Tiefling,2.0,10.0,13,10,13,7,16
Personagem_255,Bruxo,Githyanki,5.0,7.0,14,13,10,9,16
Personagem_256,Bardo,Tiefling,6.0,11.0,16,9,11,6,17
Personagem_257,Feiticeiro,Elfo,4.0,5.0,11,17,10,9,17
Personagem_258,Feiticeiro,Halfling,8.0,4.0,11,13,8,9,16
Personagem_259,Patrulheiro,Halfling,5.0,16.0,17,13,10,15,9
Personagem_260,Ladino,Elfo,5.0,9.0,17,13,7,10,17
Personagem_261,Monge,Anão,5.0,10.0,14,12,6,17,10
Personagem_262,Monge,Githyanki,4.0,11.0,14,14,11,17,8
Personagem_263,Clérigo,Draconato,8.0,12.0,11,15,7,20,8
Personagem_264,Clérigo,Humano,8.0,15.0,9,15,11,19,14
Personagem_265,Clérigo,Githyanki,5.0,11.0,10,11,7,14,11
Personagem_266,Druida,Elfo,4.0,7.0,13,15,9,14,8
Personagem_267,Mago,Draconato,6.0,8.0,11,13,16,9,8
Personagem_268,Guerreiro,Anão,6.0,16.0,12,17,12,6,6
Personagem_269,Mago,Tiefling,7.0,9.0,13,11,19,13,11
Personagem_270,Bardo,Tiefling,5.0,8.0,16,9,10,10,18
Personagem_271,Mago,draconato,8.0,9.0,14,14,18,10,7
Personagem_272,Druida,Anão,4.0,12.0,9,12,11,19,8
Personagem_273,Patrulheiro,Tiefling,9.0,13.0,16,13,11,17,9
Personagem_274,Bardo,Halfling,5.0,8.0,15,12,7,10,15
Personagem_275,Mago,Draconato,5.0,9.0,11,13,15,11,8
Personagem_276,Druida,Tiefling,2.0,5.0,11,13,10,14,6
Personagem_277,Guerreiro, elfo ,3.0,18.0,12,13,7,10,8
Personagem_278,Mago,Elfo,1.0,11.0,14,11,15,10,7
Personagem_279,Druida,Halfling,5.0,13.0,15,15,10,14,9
Personagem_280,Clérigo,Humano,9.0,11.0,10,12,10,14,8
Personagem_281,Monge,Githyanki,9.0,13.0,16,16,9,18,8
Personagem_282,Clérigo,Tiefling,13.0,15.0,7,13,9,17,13
Personagem_283,Monge,Elfo,12.0,12.0,16,14,10,17,5
Personagem_284,Bruxo,Humano,7.0,7.0,11,15,8,13,18
Personagem_285,Bruxo,Githyanki,8.0,10.0,12,11,6,8,11
Personagem_286,Bruxo,Humano,8.0,6.0,15,14,9,8,14
Personagem_287,Guerreiro,Tiefling,2.0,17.0,9,16,8,12,11
Personagem_288,Clérigo,Halfling,4.0,13.0,13,14,11,14,12
Personagem_289,Monge,Halfling,5.0,12.0,18,11,9,15,10
Personagem_290,Druida,Anão,11.0,9.0,11,10,10,20,8
Personagem_291,Bardo,Draconato,6.0,10.0,10,11,11,11,18
Personagem_292,Druida,Githyanki,8.0,11.0,13,14,13,18,4
Personagem_293,Bardo,Tiefling,5.0,12.0,17,8,15,8,20
Personagem_294,Feiticeiro,Draconato,5.0,5.0,14,16,8,7,16
Personagem_295,Druida,Halfling,1.0,11.0,14,14,15,18,11
Personagem_296,Mago,Tiefling,10.0,9.0,11,13,19,12,8
Personagem_297,Mago,Anão,12.0,7.0,13,15,17,11,8
Personagem_298,Ladino,Halfling,17.0,8.0,15,13,14,8,8
Personagem_299,Clérigo,Anão,9.0,12.0,10,13,9,17,9
Personagem_300,Bardo,Githyanki,5.0,8.0,15,11,9,13,17
Personagem_301,Bardo,Humano,9.0,9.0,13,15,11,11,15
Personagem_302,Patrulheiro,Draconato,7.0,10.0,18,15,12,15,10
Personagem_303,Clérigo,Anão,6.0,13.0,7,14,12,20,11
Personagem_304,Guerreiro,Elfo,14.0,17.0,8,17,7,13,8
Personagem_305,Ladino,Draconato,8.0,10.0,16,14,14,8,13
Personagem_306,Guerreiro,Draconato,6.0,18.0,12,16,8,9,13
Personagem_307,Guerreiro,Elfo,2.0,19.0,11,14,5,4,11
Personagem_308,Guerreiro,Halfling,8.0,16.0,14,16,6,8,10
Personagem_309,Clérigo,,2.0,9.0,12,12,11,17,11
Personagem_310,Guerreiro,Tiefling,5.0,16.0,11,19,12,7,7
Personagem_311,Mago,Tiefling,5.0,8.0,14,15,13,12,12
Personagem_312,Patrulheiro,Elfo,6.0,8.0,10,11,11,16,8
Personagem_313,Patrulheiro,Tiefling,2.0,11.0,15,12,10,11,9
Personagem_314,Bruxo,Elfo,5.0,11.0,9,14,9,10,18
Personagem_315,Feiticeiro,Githyanki,10.0,8.0,15,13,11,10,15
Personagem_316,Bardo,Elfo,7.0,8.0,17,10,14,11,14
Personagem_317,Bardo,Halfling,6.0,12.0,16,9,10,9,14
Personagem_318,Feiticeiro,Anão,6.0,7.0,14,13,10,8,18
Personagem_319,Clérigo,Halfling,10.0,12.0,11,14,12,16,9
Personagem_320,Druida,Elfo,10.0,13.0,9,15,8,15,5
Personagem_321,Clérigo,Draconato,3.0,10.0,12,13,12,16,10
Personagem_322,Bardo,Humano,3.0,8.0,20,11,9,10,16
Personagem_323,Bardo,Halfling,5.0,5.0,14,9,9,9,18
Personagem_324,Feiticeiro,Githyanki,7.0,9.0,10,14,9,10,16
Personagem_325,Guerreiro,Githyanki,6.0,16.0,13,10,9,10,12
Personagem_326,Clérigo,Githyanki,7.0,14.0,9,13,6,18,14
Personagem_327,Monge,Elfo,6.0,13.0,16,11,10,15,10
Personagem_328,Feiticeiro,Tiefling,5.0,6.0,10,16,10,12,20
Personagem_329,Mago,Draconato,5.0,6.0,13,16,15,11,10
Personagem_330,Bardo,Tiefling,5.0,8.0,14,11,10,6,16
Personagem_331,Feiticeiro,Anão,7.0,6.0,12,12,9,10,20
Personagem_332,Clérigo,Draconato,4.0,9.0,9,12,10,19,15
Personagem_333,Bardo,Anão,1.0,14.0,16,11,10,11,18
Personagem_334,Druida,Draconato,,3.0,13,14,8,15,7
Personagem_335,Feiticeiro,,4.0,8.0,13,11,6,10,15
Personagem_336,Ladino,Tiefling,5.0,12.0,16,10,10,12,11
Personagem_337,Bardo,Tiefling,6.0,10.0,18,11,11,6,12
Personagem_338,Clérigo,Tiefling,9.0,12.0,9,13,8,17,10
Personagem_339,Bruxo,Elfo,10.0,7.0,12,11,9,6,16
Personagem_340,Monge,Tiefling,11.0,13.0,16,15,7,17,7
Personagem_341,Paladino,Elfo,6.0,20.0,10,14,11,11,16
Personagem_342,Guerreiro,Halfling,3.0,18.0,12,13,12,9,8
Personagem_343,Paladino,Humano,5.0,17.0,8,12,5,9,19
Personagem_344,Clérigo,Githyanki,7.0,12.0,9,14,8,17,15
Personagem_345,Mago,Elfo,12.0,4.0,16,14,15,12,9
Personagem_346,Mago,Draconato,7.0,11.0,12,12,19,12,9
Personagem_347,Bruxo,Draconato,4.0,6.0,14,18,10,8,15
Personagem_348,Guerreiro,Tiefling,4.0,14.0,13,13,4,12,8
Personagem_349,Ladino,Anão,6.0,5.0,17,13,11,12,10
Personagem_350,Bruxo,Anão,9.0,7.0,14,14,10,7,16
Personagem_351,Patrulheiro,Anão,5.0,7.0,17,15,12,18,9
Personagem_352,Paladino,Tiefling,11.0,19.0,10,15,6,10,19
Personagem_353,Bruxo,Githyanki,6.0,5.0,11,12,6,10,16
Personagem_354,Paladino,,1.0,15.0,6,13,7,8,17
Personagem_355,Bardo,Draconato,3.0,13.0,14,10,9,11,15
Personagem_356,Mago,Elfo,8.0,6.0,14,9,15,9,10
Personagem_357,Bardo,Halfling,4.0,9.0,15,14,9,9,18
Personagem_358,Monge,Tiefling,7.0,12.0,18,14,5,15,6
Personagem_359,Patrulheiro,Githyanki,4.0,8.0,16,14,11,16,9
Personagem_360,Guerreiro,Tiefling,4.0,16.0,13,13,4,10,12
Personagem_361,Ladino,Anão,8.0,10.0,19,15,12,8,11
Personagem_362,Paladino,Anão,6.0,18.0,10,14,11,9,12
Personagem_363,Ladino,Tiefling,5.0,4.0,19,10,14,11,11
Personagem_364,Paladino,Draconato,3.0,14.0,10,14,9,11,17
Personagem_365,Clérigo,Elfo,5.0,9.0,10,10,9,19,13
Personagem_366,Bruxo,Githyanki,1.0,11.0,14,15,11,9,14
Personagem_367,Monge,Githyanki,9.0,11.0,18,13,6,13,5
Personagem_368,Mago,Elfo,8.0,4.0,13,14,18,13,10
Personagem_369,Paladino,Elfo,3.0,15.0,10,13,6,11,19
Personagem_370,Ladino,Elfo,10.0,9.0,15,14,14,11,12
Personagem_371,Monge,Halfling,2.0,13.0,13,13,7,17,8
Personagem_372,Druida,Elfo,1.0,9.0,11,12,9,15,10
Personagem_373,Druida,Githyanki,7.0,8.0,14,15,9,13,9
Personagem_374,Bardo,Elfo,6.0,5.0,14,11,11,7,18
Personagem_375,Mago,Halfling,8.0,7.0,11,15,15,10,9
Personagem_376,Clérigo,Humano,3.0,12.0,8,17,9,17,14
Personagem_377,Ladino,Halfling,10.0,6.0,20,13,14,12,14
Personagem_378,Bruxo,Githyanki,,,10,11,9,9,16
Personagem_379,Bruxo,Humano,8.0,7.0,13,13,10,11,14
Personagem_380,Ladino,Githyanki,12.0,9.0,15,12,10,11,10
Personagem_381,Guerreiro,Halfling,6.0,16.0,13,17,7,11,12
Personagem_382,Clérigo,Humano,2.0,12.0,10,14,8,16,10
Personagem_383,Monge,Humano,10.0,11.0,14,12,10,14,7
Personagem_384,Paladino,Elfo,5.0,13.0,6,18,9,11,14
Personagem_385,Guerreiro,Githyanki,8.0,17.0,15,15,12,9,8
Personagem_386,Paladino,Humano,8.0,16.0,13,15,6,12,16
Personagem_387,Paladino,Draconato,7.0,18.0,9,16,12,13,13
Personagem_388,Guerreiro,Halfling,5.0,15.0,11,14,11,7,10
Personagem_389,Bardo,Humano,8.0,7.0,12,14,11,11,19
Personagem_390,Druida,Elfo,1.0,9.0,11,13,14,15,10
Personagem_391,Paladino,Githyanki,3.0,15.0,8,11,9,9,19
Personagem_392,Guerreiro,Halfling,8.0,15.0,16,13,8,7,12
Personagem_393,Guerreiro,Githyanki,1.0,17.0,12,14,10,12,11
Personagem_394,Patrulheiro,Draconato,4.0,11.0,17,14,14,14,7
Personagem_395,Feiticeiro,Elfo,6.0,9.0,12,12,9,8,16
Personagem_396,Bardo,Anão,6.0,6.0,16,10,11,7,18
Personagem_397,Mago,Draconato,7.0,7.0,14,11,16,11,10
Personagem_398,Feiticeiro,Anão,1.0,5.0,150,12,8,7,16
Personagem_399,Feiticeiro,Anão,4.0,7.0,11,16,9,12,17
Personagem_400,Ladino,Elfo,3.0,11.0,15,12,14,9,14
Personagem_401,Druida,Halfling,9.0,9.0,10,15,11,17,9
Personagem_402,Guerreiro,Anão,,,15,16,8,10,16
Personagem_403,Druida,Humano,6.0,9.0,12,15,6,20,7
Personagem_404,Clérigo,Elfo,6.0,13.0,9,12,7,17,14
Personagem_405,Ladino,Tiefling,7.0,10.0,15,13,9,11,14
Personagem_406,Mago,Tiefling,7.0,9.0,14,17,17,10,11
Personagem_407,Druida,Tiefling,8.0,9.0,12,12,11,15,11
Personagem_408,Bruxo,Halfling,4.0,8.0,12,16,9,9,19
Personagem_409,Paladino,Halfling,3.0,16.0,7,14,11,12,16
Personagem_410,Clérigo,Humano,3.0,12.0,7,11,7,20,13
Personagem_411,Bardo,Tiefling,1.0,7.0,17,11,10,12,16
Personagem_412,Mago,Humano,1.0,9.0,18,13,17,11,10
Personagem_413,Clérigo,Elfo,5.0,10.0,11,11,9,18,11
Personagem_414,Paladino,Tiefling,5.0,15.0,10,13,7,14,15
Personagem_415,Ladino,Elfo,7.0,7.0,16,9,14,8,10
Personagem_416,Paladino,Humano,13.0,,9,17,7,12,15
Personagem_417,Feiticeiro,Elfo,6.0,4.0,13,13,10,8,15
Personagem_418,Paladino,Halfling,9.0,12.0,10,17,11,10,16
Personagem_419,Feiticeiro,Tiefling,5.0,6.0,14,14,13,11,17
Personagem_420,Ladino,Anão,3.0,11.0,15,11,12,11,12
Personagem_421,Monge,Githyanki,6.0,13.0,16,12,7,16,8
Personagem_422,Feiticeiro,Draconato,,12.0,13,14,11,8,17
Personagem_423,Bardo,Draconato,12.0,9.0,16,10,12,9,14
Personagem_424,Paladino,Anão,5.0,16.0,8,20,11,8,16
Personagem_425,Paladino,Tiefling,10.0,14.0,9,20,8,9,14
Personagem_426,Bardo,Anão,5.0,9.0,13,14,12,10,17
Personagem_427,Bruxo,Draconato,6.0,10.0,14,12,10,11,19
Personagem_428,Guerreiro,Elfo,4.0,17.0,14,15,7,15,11
Personagem_429,Monge,Elfo,7.0,10.0,14,14,7,15,7
Personagem_430,Mago,Halfling,7.0,7.0,12,5,20,12,9
Personagem_431,Feiticeiro,Githyanki,9.0,7.0,16,16,13,10,18
Personagem_432,Bardo,Tiefling,,10.0,16,11,9,8,14
Personagem_433,Ladino,Elfo,9.0,4.0,20,15,11,11,13
Personagem_434,Feiticeiro,Draconato,10.0,7.0,15,16,12,12,16
Personagem_435,Guerreiro,Halfling,2.0,18.0,15,15,9,9,13
Personagem_436,Ladino,Anão,7.0,6.0,12,11,12,12,11
Personagem_437,Clérigo,Elfo,6.0,13.0,8,13,8,19,11
Personagem_438,Paladino,   anão,10.0,13.0,10,15,14,13,16
Personagem_439,Clérigo,Humano,12.0,13.0,8,12,10,17,15
Personagem_440,Feiticeiro,Elfo,9.0,10.0,16,12,9,6,12
Personagem_441,Guerreiro,Humano,6.0,18.0,11,15,10,16,11
Personagem_442,Monge,Humano,3.0,10.0,13,11,7,18,11
Personagem_443,Feiticeiro,Anão,7.0,8.0,13,16,7,11,16
Personagem_444,Bardo,Elfo,10.0,4.0,19,12,11,9,15
Personagem_445,Druida,Humano,13.0,11.0,13,12,11,20,6
Personagem_446,Feiticeiro,Draconato,7.0,9.0,15,15,14,14,15
Personagem_447,Paladino,Anão,5.0,18.0,12,16,7,11,19
Personagem_448,Paladino,Anão,1.0,14.0,6,15,10,10,16
Personagem_449,Feiticeiro,Halfling,6.0,8.0,13,14,6,8,15
Personagem_450,Ladino,Halfling,8.0,8.0,19,12,9,11,12
Personagem_451,Druida,Elfo,4.0,11.0,13,10,11,15,11
Personagem_452,Bardo,Draconato,4.0,12.0,16,15,11,13,20
Personagem_453,Feiticeiro,Humano,9.0,10.0,15,11,9,9,13
Personagem_454,Ladino,Halfling,4.0,5.0,15,10,15,9,12
Personagem_455,Paladino,Halfling,8.0,16.0,9,16,10,11,13
Personagem_456,Paladino,Humano,4.0,17.0,150,15,11,11,17
Personagem_457,Guerreiro,Draconato,9.0,18.0,10,18,9,9,9
Personagem_458,Feiticeiro,Halfling,4.0,5.0,10,15,13,8,13
Personagem_459,Druida,HUMANO,3.0,5.0,11,15,11,14,9
Personagem_460,Bruxo,Githyanki,7.0,8.0,12,14,11,10,18
Personagem_461,Druida,Githyanki,7.0,9.0,12,15,9,18,12
Personagem_462,Paladino,Halfling,7.0,17.0,8,14,11,11,18
Personagem_463,Paladino,Draconato,,14.0,9,17,9,10,16
Personagem_464,Clérigo,Humano,6.0,11.0,9,14,15,16,9
Personagem_465,Paladino,Humano,5.0,12.0,7,13,10,10,19
Personagem_466,Bardo,Elfo,10.0,6.0,15,14,9,5,19
Personagem_467,Mago,Humano,7.0,11.0,11,12,17,12,11
Personagem_468,Feiticeiro,Anão,5.0,7.0,14,12,13,8,16
Personagem_469,Druida,Elfo,4.0,7.0,13,12,10,20,10
Personagem_470,Mago,Halfling,5.0,8.0,13,15,20,8,12
Personagem_471,Ladino,Anão,1.0,13.0,18,11,12,10,11
Personagem_472,Bruxo,Humano,6.0,9.0,11,12,8,13,17
Personagem_473,Bardo,Draconato,5.0,3.0,17,12,11,9,18
Personagem_474,Patrulheiro,,12.0,13.0,15,14,10,19,7
Personagem_475,Druida,Tiefling,6.0,8.0,13,15,12,16,7
Personagem_476,Mago,Halfling,1.0,6.0,15,12,18,11,7
Personagem_477,Bruxo,Humano,4.0,7.0,9,12,9,9,18
Personagem_478,Clérigo,Humano,1.0,12.0,12,12,11,19,11
Personagem_479,Bardo,Draconato,9.0,7.0,12,13,13,15,14
Personagem_480,Bardo,Anão,,9.0,14,7,12,12,14
Personagem_481,Clérigo,Anão,8.0,10.0,10,16,11,19,14
Personagem_482,Patrulheiro,Elfo,4.0,13.0,15,11,11,13,7
Personagem_483,Feiticeiro,Tiefling,5.0,7.0,15,15,9,12,16
Personagem_484,Clérigo,Githyanki,3.0,17.0,8,16,10,17,11
Personagem_485,Bardo,Elfo,5.0,11.0,13,11,12,10,17
Personagem_486,Bardo,Humano,3.0,9.0,16,11,12,8,17
Personagem_487,Mago,Humano,2.0,8.0,12,12,20,15,14
Personagem_488,Paladino,Halfling,11.0,16.0,9,13,8,11,17
Personagem_489,Patrulheiro,Draconato,10.0,11.0,17,9,9,12,13
Personagem_490,Bruxo,Halfling,9.0,10.0,13,14,13,8,18
Personagem_491,Clérigo,Humano,7.0,11.0,8,12,13,19,13
Personagem_492,Bruxo,Githyanki,25.0,9.0,150,14,10,10,19
Personagem_493,Clérigo,Humano,7.0,14.0,15,9,11,15,10
Personagem_494,Ladino,HUMANO,4.0,8.0,19,13,11,7,9
Personagem_495,Bardo,Draconato,3.0,9.0,14,9,15,7,19
Personagem_496,Paladino,Draconato,2.0,13.0,8,15,9,9,14
Personagem_497,Mago,Githyanki,2.0,7.0,15,13,15,12,6
Personagem_498,Paladino,Anão,9.0,13.0,9,16,7,12,14
Personagem_499,Paladino,Humano,6.0,14.0,9,17,9,15,18
Personagem_500,Paladino,Draconato,6.0,17.0,9,13,5,9,14
Personagem_501,Bruxo,Halfling,10.0,10.0,11,16,12,8,18
Personagem_502,Clérigo,Halfling,5.0,11.0,8,13,7,17,13
Personagem_503,Monge,Githyanki,7.0,11.0,16,12,9,18,6
Personagem_504,Ladino,Humano,11.0,10.0,19,11,11,7,12
Personagem_505,Druida,Anão,4.0,9.0,8,16,9,19,10
Personagem_506,Paladino,Halfling,13.0,15.0,9,13,10,12,15
Personagem_507,Feiticeiro,Draconato,12.0,8.0,14,14,5,11,17
Personagem_508,Bruxo,Githyanki,7.0,12.0,11,12,10,10,15
Personagem_509,Patrulheiro,Draconato,10.0,6.0,19,12,11,16,10
Personagem_510,Mago,Draconato,6.0,7.0,9,11,19,12,10
Personagem_511,Druida,Humano,5.0,9.0,12,15,12,17,11
Personagem_512,Monge,Anão,1.0,8.0,19,15,7,12,6
Personagem_513,Feiticeiro,Githyanki,4.0,6.0,12,15,10,7,16
Personagem_514,Monge,Halfling,8.0,12.0,14,14,8,14,12
Personagem_515,Druida,Githyanki,3.0,9.0,9,15,14,20,11
Personagem_516,Paladino,Elfo,5.0,15.0,11,15,14,11,14
Personagem_517,Feiticeiro,Humano,5.0,8.0,16,13,9,6,16
Personagem_518,Monge,Humano,1.0,15.0,12,11,4,19,7
Personagem_519,Mago,Githyanki,5.0,8.0,11,12,16,9,13
Personagem_520,Clérigo,Githyanki,3.0,14.0,8,14,12,15,7
Personagem_521,Bardo,Elfo,10.0,12.0,13,11,9,10,19
Personagem_522,Clérigo,Draconato,1.0,13.0,11,13,6,17,16
Personagem_523,Druida,Tiefling,,8.0,11,15,11,14,9
Personagem_524,Bruxo,Halfling,5.0,9.0,12,17,10,8,17
Personagem_525,Bardo,Humano,5.0,8.0,15,11,10,6,15
Personagem_526,Ladino,Draconato,7.0,10.0,17,15,14,10,12
Personagem_527,Mago,Halfling,6.0,7.0,15,13,15,12,12
Personagem_528,Ladino,Halfling,2.0,10.0,15,7,14,11,9
Personagem_529,Feiticeiro,Elfo,1.0,7.0,17,16,10,8,17
Personagem_530,Bardo,Anão,5.0,8.0,16,11,11,10,16
Personagem_531,Ladino,Elfo,6.0,6.0,16,10,13,11,9
Personagem_532,Ladino,Humano,10.0,9.0,16,13,11,11,14
Personagem_533,Monge,Anão,3.0,11.0,15,14,9,13,7
Personagem_534,Clérigo, elfo ,4.0,12.0,12,14,10,17,12
Personagem_535,Monge,Tiefling,5.0,9.0,15,14,8,15,9
Personagem_536,Bardo,Githyanki,4.0,7.0,14,10,12,13,18
Personagem_537,Bardo,Tiefling,6.0,8.0,14,12,11,10,16
Personagem_538,Druida,Draconato,7.0,7.0,15,12,13,16,11
Personagem_539,Monge,Draconato,5.0,8.0,11,12,9,15,8
Personagem_540,Guerreiro,Elfo,6.0,16.0,14,16,8,12,13
Personagem_541,Patrulheiro,Elfo,10.0,11.0,16,14,10,14,7
Personagem_542,Clérigo,Humano,6.0,12.0,7,16,7,16,9
Personagem_543,Bardo,Halfling,10.0,6.0,14,11,10,13,14
Personagem_544,Druida,Elfo,5.0,6.0,12,12,10,15,12
Personagem_545,Monge,Humano,7.0,7.0,19,12,10,14,9
Personagem_546,Clérigo,Humano,2.0,13.0,7,13,12,14,11
Personagem_547,Monge,   anão,1.0,5.0,16,13,8,15,15
Personagem_548,Ladino,Elfo,5.0,9.0,15,14,10,8,14
Personagem_549,Druida,Halfling,12.0,5.0,11,16,10,12,6
Personagem_550,Clérigo,Anão,,,12,14,8,12,13
Personagem_551,Paladino,Anão,9.0,18.0,13,15,9,13,13
Personagem_552,Feiticeiro,Draconato,8.0,11.0,12,10,10,10,18
Personagem_553,Feiticeiro,Humano,9.0,5.0,13,11,15,10,14
Personagem_554,Clérigo,Githyanki,17.0,9.0,8,10,10,18,12
Personagem_555,Monge,Anão,3.0,12.0,14,16,7,11,7
Personagem_556,Druida,Anão,5.0,8.0,13,13,8,17,9
Personagem_557,Patrulheiro,Anão,4.0,9.0,14,12,8,15,9
Personagem_558,Feiticeiro,draconato,3.0,9.0,14,12,11,9,17
Personagem_559,Druida,Elfo,1.0,9.0,13,14,8,16,8
Personagem_560,Feiticeiro,Draconato,1.0,7.0,14,14,11,10,17
Personagem_561,Ladino,Anão,1.0,11.0,17,15,11,4,12
Personagem_562,Monge,Elfo,9.0,11.0,15,13,8,17,8
Personagem_563,Ladino,Tiefling,3.0,10.0,15,11,12,15,13
Personagem_564,Feiticeiro,Tiefling,1.0,9.0,14,10,8,11,17
Personagem_565,Paladino, elfo ,6.0,12.0,5,14,12,11,14
Personagem_566,Paladino,,9.0,20.0,10,13,11,13,19
Personagem_567,Ladino,Humano,2.0,10.0,17,9,12,11,11
Personagem_568,Paladino,Elfo,9.0,14.0,11,15,9,14,14
Personagem_569,Feiticeiro,Tiefling,8.0,6.0,14,14,13,8,20
Personagem_570,Clérigo,Tiefling,4.0,13.0,13,14,7,14,14
Personagem_571,Ladino,Githyanki,9.0,9.0,18,8,12,8,16
Personagem_572,Patrulheiro,Anão,8.0,13.0,18,13,7,13,12
Personagem_573,Patrulheiro,Elfo,7.0,13.0,17,12,9,17,10
Personagem_574,Bruxo,Githyanki,3.0,7.0,14,15,11,12,14
Personagem_575,Monge,Githyanki,2.0,13.0,14,10,6,14,5
Personagem_576,Paladino,Humano,4.0,17.0,7,15,8,13,13
Personagem_577,Paladino,Halfling,5.0,13.0,10,13,9,9,17
Personagem_578,Bardo,Tiefling,6.0,,11,10,9,10,20
Personagem_579,Guerreiro,Halfling,12.0,16.0,13,17,10,11,9
Personagem_580,Ladino,Githyanki,6.0,13.0,16,13,11,10,16
Personagem_581,Mago,Humano,6.0,8.0,15,14,19,11,8
Personagem_582,Paladino,Anão,3.0,16.0,10,15,10,8,14
Personagem_583,Monge,Anão,7.0,8.0,19,13,5,15,9
Personagem_584,Bruxo,Humano,3.0,12.0,13,11,11,12,16
Personagem_585,Patrulheiro,Halfling,,,19,14,8,17,8
Personagem_586,Paladino,Githyanki,5.0,13.0,8,13,8,10,17
Personagem_587,Bruxo,Tiefling,6.0,7.0,14,14,10,8,16
Personagem_588,Feiticeiro,Halfling,11.0,5.0,14,14,8,8,17
Personagem_589,Feiticeiro,,8.0,6.0,13,10,7,10,15
Personagem_590,Guerreiro,Humano,9.0,16.0,10,20,10,10,10
Personagem_591,Clérigo,Elfo,6.0,13.0,8,14,13,15,14
Personagem_592,Mago,Draconato,10.0,6.0,13,13,20,9,11
Personagem_593,Bardo,Tiefling,9.0,7.0,15,13,10,9,16
Personagem_594,Guerreiro,Anão,8.0,17.0,15,14,12,11,10
Personagem_595,Druida,Humano,5.0,8.0,10,13,11,15,8
Personagem_596,Bardo, elfo ,8.0,8.0,12,11,15,5,15
Personagem_597,Ladino,Anão,6.0,10.0,14,9,15,8,15
Personagem_598,Monge,Anão,6.0,10.0,13,10,5,16,8
Personagem_599,Druida,Draconato,13.0,8.0,10,17,11,19,7
Personagem_600,Druida,Elfo,6.0,11.0,12,14,10,17,7
Personagem_601,Guerreiro,Githyanki,4.0,18.0,7,15,6,9,9
Personagem_602,Clérigo,,5.0,9.0,12,11,9,17,11
Personagem_603,Guerreiro,Humano,6.0,18.0,17,17,12,7,14
Personagem_604,Ladino,Halfling,1.0,8.0,20,11,14,9,14
Personagem_605,Patrulheiro,Draconato,6.0,8.0,15,15,12,14,8
Personagem_606,Paladino,Githyanki,12.0,12.0,6,17,7,10,19
Personagem_607,Paladino,Humano,5.0,18.0,12,14,11,6,17
Personagem_608,Clérigo,Githyanki,3.0,17.0,9,13,8,14,9
Personagem_609,Ladino,Anão,4.0,9.0,18,14,8,12,11
Personagem_610,Clérigo,Githyanki,5.0,16.0,11,13,9,14,14
Personagem_611,Bruxo,Anão,6.0,7.0,17,14,10,10,15
Personagem_612,Paladino,Halfling,5.0,17.0,10,14,8,8,12
Personagem_613,Druida,Humano,9.0,12.0,10,12,8,18,11
Personagem_614,Mago,Githyanki,5.0,7.0,15,11,17,13,10
Personagem_615,Monge,Anão,4.0,10.0,14,11,10,15,9
Personagem_616,Ladino,Elfo,4.0,8.0,15,13,10,10,12
Personagem_617,Bardo,Humano,2.0,10.0,17,13,15,8,18
Personagem_618,Clérigo,Elfo,6.0,11.0,7,11,14,15,13
Personagem_619,Monge,Halfling,6.0,7.0,14,15,6,17,9
Personagem_620,Bardo,Draconato,5.0,7.0,16,12,13,9,15
Personagem_621,Monge,Elfo,3.0,10.0,15,12,9,16,8
Personagem_622,Mago,Draconato,10.0,8.0,11,14,16,11,7
Personagem_623,Bardo,Githyanki,6.0,8.0,13,8,7,13,20
Personagem_624,Guerreiro,Tiefling,4.0,14.0,11,19,9,11,10
Personagem_625,Feiticeiro,Humano,,7.0,13,13,12,12,16
Personagem_626,Guerreiro,Draconato,9.0,14.0,13,17,8,12,8
Personagem_627,Paladino,Githyanki,10.0,16.0,7,15,12,10,15
Personagem_628,Feiticeiro,Draconato,11.0,4.0,12,12,11,10,14
Personagem_629,Guerreiro,Elfo,4.0,16.0,14,15,9,8,13
Personagem_630,Feiticeiro,Draconato,12.0,10.0,11,13,8,10,18
Personagem_631,Patrulheiro,Elfo,5.0,12.0,15,12,13,15,8
Personagem_632,Feiticeiro,Anão,4.0,5.0,12,16,10,8,18
Personagem_633,Druida,Elfo,8.0,13.0,9,7,11,17,8
Personagem_634,Clérigo,Tiefling,6.0,14.0,9,13,12,18,9
Personagem_635,Clérigo,Draconato,5.0,14.0,7,14,7,14,10
Personagem_636,Druida,HUMANO,7.0,6.0,9,11,12,15,9
Personagem_637,Monge,Draconato,5.0,9.0,15,15,8,17,9
Personagem_638,Bruxo,,7.0,4.0,14,19,11,7,14
Personagem_639,Monge,Elfo,5.0,9.0,13,12,9,16,8
Personagem_640,Bardo,Halfling,10.0,8.0,12,12,13,10,15
Personagem_641,Bardo,Anão,10.0,6.0,14,15,8,12,16
Personagem_642,Feiticeiro,Anão,6.0,5.0,17,13,11,10,17
Personagem_643,Guerreiro,Tiefling,2.0,,16,17,7,9,10
Personagem_644,Guerreiro,Humano,4.0,14.0,13,13,9,11,11
Personagem_645,Clérigo,Anão,5.0,15.0,11,14,9,17,13
Personagem_646,Ladino,Halfling,4.0,7.0,18,12,11,6,13
Personagem_647,Monge,Tiefling,4.0,,16,7,5,15,9
Personagem_648,Patrulheiro,Elfo,5.0,10.0,17,11,7,18,9
Personagem_649,Paladino,Tiefling,6.0,16.0,13,14,11,11,18
Personagem_650,Mago,Githyanki,5.0,6.0,12,15,13,9,10
Personagem_651,Guerreiro,Tiefling,6.0,14.0,17,15,9,12,8
Personagem_652,Mago,Anão,3.0,7.0,15,12,19,13,12
Personagem_653,Feiticeiro,Humano,8.0,10.0,9,11,11,13,14
Personagem_654,Mago, elfo ,5.0,5.0,14,10,14,10,10
Personagem_655,Paladino,Humano,6.0,12.0,8,15,7,11,17
Personagem_656,Druida,Draconato,9.0,7.0,10,12,13,18,8
Personagem_657,Paladino,Tiefling,1.0,19.0,10,11,7,6,13
Personagem_658,Mago,Halfling,6.0,7.0,15,14,15,10,5
Personagem_659,Paladino,Halfling,5.0,14.0,8,14,9,8,15
Personagem_660,Bruxo,Anão,6.0,7.0,13,10,11,6,18
Personagem_661,Feiticeiro,Draconato,8.0,10.0,14,12,11,9,17
Personagem_662,Monge,Anão,3.0,10.0,16,14,11,16,12
Personagem_663,Druida,Draconato,9.0,4.0,10,12,8,16,9
Personagem_664,Patrulheiro,Elfo,8.0,14.0,16,12,7,13,8
Personagem_665,Guerreiro,Githyanki,6.0,16.0,13,14,8,11,8
Personagem_666,Bardo,Humano,1.0,7.0,13,8,9,10,15
Personagem_667,Monge,,5.0,9.0,15,15,8,13,5
Personagem_668,Bardo,Githyanki,6.0,8.0,17,9,10,12,12
Personagem_669,Feiticeiro,Humano,1.0,9.0,14,14,9,8,20
Personagem_670,Druida,Elfo,1.0,8.0,11,13,13,17,10
Personagem_671,Clérigo,Tiefling,1.0,14.0,11,15,8,16,8
Personagem_672,Guerreiro,HUMANO,9.0,18.0,14,17,9,15,7
Personagem_673,Bruxo,Elfo,1.0,8.0,10,13,9,8,19
Personagem_674,Clérigo,Humano,2.0,12.0,9,14,10,16,8
Personagem_675,Feiticeiro,Githyanki,7.0,7.0,14,16,8,9,18
Personagem_676,Monge,Tiefling,10.0,11.0,19,8,9,20,9
Personagem_677,Bruxo,Elfo,11.0,8.0,13,14,15,9,16
Personagem_678,Paladino,Elfo,4.0,15.0,11,14,8,11,13
Personagem_679,Mago,Anão,9.0,8.0,12,15,16,8,6
Personagem_680,Bruxo,Tiefling,5.0,8.0,12,15,9,9,19
Personagem_681,Patrulheiro,Githyanki,5.0,12.0,13,9,14,18,5
Personagem_682,Feiticeiro,Githyanki,6.0,4.0,17,16,11,9,18
Personagem_683,Ladino,Elfo,3.0,4.0,14,13,8,7,12
Personagem_684,Mago,Draconato,4.0,11.0,15,11,15,11,7
Personagem_685,Bardo,Elfo,14.0,8.0,14,9,14,8,20
Personagem_686,Guerreiro,Githyanki,3.0,15.0,11,19,7,14,10
Personagem_687,Bardo,Anão,3.0,4.0,17,9,12,12,17
Personagem_688,Bruxo,Githyanki,25.0,6.0,14,14,15,11,18
Personagem_689,Bardo,Anão,12.0,9.0,14,14,13,8,15
Personagem_690,Patrulheiro,Halfling,2.0,11.0,18,10,11,13,12
Personagem_691,Feiticeiro,Anão,3.0,9.0,9,12,9,10,20
Personagem_692,Paladino,Githyanki,11.0,14.0,8,17,10,12,15
Personagem_693,Monge,Anão,2.0,11.0,14,11,7,13,8
Personagem_694,Guerreiro,Githyanki,2.0,17.0,12,14,7,8,10
Personagem_695,Patrulheiro,Tiefling,5.0,9.0,14,11,10,11,10
Personagem_696,Patrulheiro,Tiefling  ,6.0,9.0,15,14,8,17,7
Personagem_697,Bardo,Halfling,9.0,6.0,12,17,14,9,17
Personagem_698,Bardo,Tiefling,4.0,9.0,16,9,13,3,17
Personagem_699,Bruxo,Elfo,11.0,8.0,12,10,10,12,16
Personagem_700,Monge,Githyanki,5.0,10.0,17,15,10,12,11
Personagem_701,Clérigo,Anão,8.0,10.0,8,14,6,14,14
Personagem_702,Bardo,Tiefling,6.0,7.0,11,12,14,15,17
Personagem_703,Feiticeiro,Draconato,4.0,10.0,15,10,9,9,17
Personagem_704,Ladino,Tiefling,6.0,9.0,15,10,11,9,14
Personagem_705,Guerreiro,Githyanki,12.0,14.0,12,14,10,9,11
Personagem_706,Bardo,Anão,8.0,7.0,18,15,12,11,16
Personagem_707,Feiticeiro,,5.0,7.0,14,15,10,9,12
Personagem_708,Feiticeiro,Draconato,8.0,7.0,12,11,9,7,16
Personagem_709,Guerreiro,Tiefling  ,8.0,13.0,14,15,10,11,13
Personagem_710,Clérigo,Draconato,10.0,11.0,10,13,7,16,12
Personagem_711,Feiticeiro,Tiefling,5.0,10.0,15,19,10,9,16
Personagem_712,Ladino,Humano,7.0,8.0,18,12,10,8,13
Personagem_713,Feiticeiro,Draconato,11.0,10.0,10,12,5,8,18
Personagem_714,Feiticeiro,Draconato,5.0,4.0,14,11,9,11,18
Personagem_715,Feiticeiro,Tiefling,9.0,5.0,14,16,9,11,11
Personagem_716,Paladino,Elfo,9.0,16.0,12,14,6,14,17
Personagem_717,Paladino,Githyanki,5.0,15.0,13,10,11,9,13
Personagem_718,Clérigo,   anão,10.0,14.0,11,18,8,19,10
Personagem_719,Bardo,Anão,1.0,10.0,13,9,7,9,14
Personagem_720,Feiticeiro,Humano,6.0,10.0,9,15,7,10,19
Personagem_721,Monge,Humano,3.0,10.0,16,12,8,17,10
Personagem_722,Bardo,Tiefling  ,7.0,6.0,16,11,13,10,13
Personagem_723,Clérigo,Humano,10.0,13.0,8,13,10,13,12
Personagem_724,Druida,Elfo,5.0,8.0,13,13,9,16,8
Personagem_725,Bardo,HUMANO,1.0,10.0,13,11,9,7,17
Personagem_726,Bardo,Draconato,7.0,9.0,16,12,6,6,16
Personagem_727,Mago,Tiefling,5.0,9.0,13,14,15,12,11
Personagem_728,Bruxo,Elfo,7.0,10.0,150,12,12,9,12
Personagem_729,Mago,Elfo,5.0,11.0,15,15,17,12,9
Personagem_730,Ladino,Halfling,5.0,,15,13,15,9,14
Personagem_731,Paladino,Anão,6.0,18.0,10,18,7,8,15
Personagem_732,Paladino,Halfling,1.0,16.0,11,10,13,10,11
Personagem_733,Bruxo,Draconato,11.0,6.0,9,14,8,6,17
Personagem_734,Guerreiro,Anão,8.0,17.0,13,16,5,12,12
Personagem_735,Guerreiro,Elfo,7.0,19.0,10,18,13,9,7
Personagem_736,Clérigo,Tiefling,5.0,10.0,13,12,10,17,13
Personagem_737,Patrulheiro,Elfo,3.0,10.0,13,12,13,17,10
Personagem_738,Bruxo,Elfo,5.0,8.0,14,13,7,10,13
Personagem_739,Bardo,Humano,5.0,7.0,14,11,12,12,19
Personagem_740,Guerreiro,Githyanki,13.0,17.0,15,15,8,8,9
Personagem_741,Feiticeiro,Humano,5.0,11.0,13,16,12,10,14
Personagem_742,Patrulheiro,Halfling,6.0,8.0,16,7,10,15,11
Personagem_743,Monge,Humano,6.0,9.0,18,14,10,16,8
Personagem_744,Bardo,Draconato,6.0,10.0,15,12,9,6,17
Personagem_745,Ladino,Draconato,6.0,3.0,11,15,10,9,13
Personagem_746,Feiticeiro,Githyanki,5.0,11.0,13,13,9,9,15
Personagem_747,Feiticeiro,Tiefling,5.0,7.0,14,16,9,8,14
Personagem_748,Bruxo,Tiefling,5.0,7.0,11,14,10,8,14
Personagem_749,Patrulheiro,Githyanki,8.0,12.0,14,11,9,17,6
Personagem_750,Clérigo,Humano,4.0,12.0,9,12,9,14,9
Personagem_751,Ladino,Tiefling,4.0,10.0,17,13,12,11,13
Personagem_752,Guerreiro,Tiefling  ,7.0,17.0,15,14,13,12,11
Personagem_753,Bruxo,Tiefling,11.0,13.0,14,14,10,9,19
Personagem_754,Guerreiro,Tiefling,6.0,18.0,11,18,8,6,8
Personagem_755,Bruxo,Tiefling,10.0,7.0,14,9,13,7,15
Personagem_756,Bruxo,Draconato,8.0,9.0,12,12,10,7,13
Personagem_757,Bruxo,Humano,11.0,8.0,10,12,11,10,16
Personagem_758,Patrulheiro,,1.0,12.0,16,8,8,16,6
Personagem_759,Clérigo,Humano,3.0,9.0,12,9,11,15,14
Personagem_760,Bruxo,Humano,3.0,8.0,13,14,12,12,17
Personagem_761,Druida,Draconato,6.0,10.0,10,15,8,20,10
Personagem_762,Monge,Tiefling,7.0,10.0,19,16,10,14,9
Personagem_763,Guerreiro,Githyanki,5.0,17.0,17,12,10,8,9
Personagem_764,Bardo,Githyanki,5.0,10.0,11,10,9,7,16
Personagem_765,Mago,Tiefling,6.0,6.0,14,11,18,11,12
Personagem_766,Ladino,Draconato,8.0,12.0,20,13,13,6,16
Personagem_767,Paladino,Draconato,9.0,20.0,9,14,8,12,17
Personagem_768,Clérigo,Halfling,1.0,11.0,11,13,9,16,7
Personagem_769,Bardo,Githyanki,10.0,13.0,15,12,10,6,15
Personagem_770,Feiticeiro,Elfo,5.0,9.0,13,11,12,9,20
Personagem_771,Druida,Halfling,9.0,8.0,10,15,10,18,7
Personagem_772,Paladino,Humano,7.0,15.0,11,16,5,11,11
Personagem_773,Mago,Githyanki,3.0,6.0,12,17,11,11,13
Personagem_774,Bardo,Draconato,6.0,8.0,16,10,10,6,18
Personagem_775,Paladino,Tiefling,5.0,14.0,8,16,10,8,14
Personagem_776,Bardo,Halfling,4.0,10.0,11,12,11,9,15
Personagem_777,Druida,Halfling,10.0,8.0,10,12,11,16,10
Personagem_778,Mago,Anão,11.0,9.0,12,10,13,14,9
Personagem_779,Feiticeiro,Anão,8.0,10.0,16,14,10,8,18
Personagem_780,Bruxo,Githyanki,11.0,9.0,15,15,8,12,16
Personagem_781,Guerreiro,Humano,5.0,19.0,12,14,11,8,8
Personagem_782,Feiticeiro,Draconato,3.0,7.0,11,14,8,13,16
Personagem_783,Bruxo,Tiefling,3.0,9.0,11,16,9,7,12
Personagem_784,Patrulheiro,Anão,6.0,10.0,15,11,11,15,8
Personagem_785,Patrulheiro,Tiefling,4.0,10.0,15,15,7,10,6
Personagem_786,Patrulheiro,Elfo,9.0,9.0,17,11,9,17,7
Personagem_787,Clérigo,   anão,10.0,13.0,7,13,10,18,13
Personagem_788,Monge,Elfo,5.0,10.0,15,12,8,11,9
Personagem_789,Ladino,Halfling,2.0,9.0,19,12,14,16,12
Personagem_790,Ladino,Githyanki,8.0,14.0,18,15,12,6,13
Personagem_791,Patrulheiro,Tiefling  ,10.0,7.0,19,9,12,11,12
Personagem_792,Guerreiro,Anão,25.0,16.0,10,17,9,10,8
Personagem_793,Mago,Elfo,10.0,6.0,9,10,15,11,7
Personagem_794,Druida,Draconato,9.0,13.0,7,15,9,19,9
Personagem_795,Mago,Humano,6.0,5.0,15,13,18,12,7
Personagem_796,Druida,Draconato,6.0,9.0,13,13,7,14,8
Personagem_797,Mago,Halfling,7.0,6.0,13,13,20,12,8
Personagem_798,Monge,Halfling,4.0,10.0,17,12,8,16,7
Personagem_799,Clérigo,Halfling,9.0,12.0,13,12,14,17,14
Personagem_800,Clérigo,Draconato,4.0,10.0,11,16,11,16,13
Personagem_801,Patrulheiro,Halfling,9.0,9.0,16,13,9,14,9
Personagem_802,Bruxo,Tiefling,4.0,8.0,13,16,12,8,19
Personagem_803,Paladino,Humano,8.0,14.0,12,20,7,10,14
Personagem_804,Clérigo,Elfo,6.0,12.0,10,14,7,16,12
Personagem_805,Clérigo,Tiefling,12.0,12.0,8,13,11,15,11
Personagem_806,Feiticeiro,Humano,7.0,10.0,14,15,12,10,17
Personagem_807,Feiticeiro,Halfling,5.0,8.0,13,13,10,10,17
Personagem_808,Bruxo,Elfo,5.0,11.0,10,15,13,9,14
Personagem_809,Paladino,Halfling,7.0,17.0,6,12,10,14,16
Personagem_810,Guerreiro,Humano,5.0,18.0,14,18,6,9,8
Personagem_811,Feiticeiro,Humano,7.0,6.0,14,15,11,11,12
Personagem_812,Guerreiro,Githyanki,5.0,17.0,12,17,9,11,11
Personagem_813,Bardo,Humano,2.0,11.0,13,13,12,13,15
Personagem_814,Feiticeiro,Githyanki,4.0,7.0,12,14,13,13,13
Personagem_815,Monge,Githyanki,3.0,13.0,14,11,6,16,10
Personagem_816,Paladino,Halfling,8.0,16.0,8,16,10,8,15
Personagem_817,Bruxo,Tiefling,5.0,10.0,15,17,10,9,17
Personagem_818,Bardo,Draconato,4.0,10.0,14,11,10,9,16
Personagem_819,Paladino,,7.0,17.0,11,19,8,9,15
Personagem_820,Patrulheiro,Githyanki,5.0,10.0,17,14,12,12,10
Personagem_821,Monge,Halfling,3.0,10.0,15,14,10,16,4
Personagem_822,Paladino,Elfo,7.0,15.0,7,16,10,8,17
Personagem_823,Monge,Tiefling,8.0,12.0,18,11,6,16,6
Personagem_824,Monge,Elfo,2.0,10.0,14,12,6,13,11
Personagem_825,Guerreiro,Halfling,4.0,20.0,13,17,8,6,7
Personagem_826,Mago,Githyanki,10.0,4.0,12,15,16,9,9
Personagem_827,Patrulheiro,Githyanki,4.0,12.0,16,13,9,15,8
Personagem_828,Bardo,Halfling,8.0,9.0,15,12,11,10,12
Personagem_829,Paladino,Anão,10.0,11.0,10,14,11,12,16
Personagem_830,Druida,Githyanki,8.0,8.0,12,16,13,14,11
Personagem_831,Bardo,Anão,9.0,7.0,15,14,12,7,14
Personagem_832,Mago,Tiefling,6.0,9.0,13,14,12,6,7
Personagem_833,Bardo,Draconato,1.0,9.0,12,12,11,8,19
Personagem_834,Clérigo,Elfo,8.0,12.0,8,14,7,19,15
Personagem_835,Druida,Tiefling  ,6.0,10.0,15,15,9,16,12
Personagem_836,Mago,Elfo,,5.0,16,12,12,8,8
Personagem_837,Guerreiro,Humano,4.0,15.0,13,16,7,11,10
Personagem_838,Paladino,Anão,1.0,14.0,14,11,9,11,15
Personagem_839,Ladino,Elfo,4.0,9.0,17,12,11,10,12
Personagem_840,Mago,Draconato,10.0,5.0,13,12,15,11,7
Personagem_841,Bruxo,Humano,7.0,7.0,16,18,10,8,16
Personagem_842,Paladino,Tiefling,8.0,15.0,12,14,6,4,12
Personagem_843,Patrulheiro,Halfling,2.0,10.0,16,12,10,17,7
Personagem_844,Mago,Draconato,13.0,4.0,12,6,16,9,10
Personagem_845,Clérigo,Humano,1.0,11.0,10,16,9,20,8
Personagem_846,Ladino,Githyanki,1.0,5.0,17,12,13,9,12
Personagem_847,Clérigo, elfo ,2.0,14.0,11,15,8,15,9
Personagem_848,Ladino,Halfling,6.0,8.0,19,15,13,11,6
Personagem_849,Patrulheiro,Humano,4.0,10.0,17,13,11,17,9
Personagem_850,Bruxo,Elfo,1.0,6.0,11,14,10,10,18
Personagem_851,Paladino,Elfo,9.0,17.0,8,13,4,11,15
Personagem_852,Guerreiro,Draconato,9.0,15.0,9,16,5,12,8
Personagem_853,Clérigo,Humano,8.0,12.0,10,13,12,17,12
Personagem_854,Clérigo,Githyanki,4.0,16.0,10,13,9,17,14
Personagem_855,Monge,Anão,6.0,12.0,18,13,7,12,5
Personagem_856,Ladino,Humano,2.0,10.0,19,12,12,11,13
Personagem_857,Feiticeiro,Githyanki,5.0,12.0,13,13,9,10,17
Personagem_858,Paladino,Halfling,7.0,12.0,8,16,8,14,11
Personagem_859,Ladino,Tiefling,3.0,10.0,13,13,10,8,10
Personagem_860,Monge,Githyanki,5.0,7.0,16,9,11,15,8
Personagem_861,Bardo,Halfling,4.0,10.0,11,9,8,10,18
Personagem_862,Ladino,Elfo,7.0,8.0,17,12,11,7,13
Personagem_863,Guerreiro,Halfling,4.0,16.0,11,18,9,8,9
Personagem_864,Paladino,Draconato,9.0,15.0,10,15,9,10,15
Personagem_865,Monge,Anão,2.0,10.0,18,13,10,17,6
Personagem_866,Bardo,Humano,9.0,8.0,15,13,7,9,13
Personagem_867,Druida,Tiefling,8.0,14.0,16,14,3,19,7
Personagem_868,Monge,Tiefling  ,4.0,10.0,14,16,11,16,8
Personagem_869,Druida,Halfling,3.0,8.0,7,15,11,14,5
Personagem_870,Paladino,Anão,7.0,12.0,11,16,9,12,15
Personagem_871,Clérigo,Elfo,2.0,11.0,12,15,7,13,12
Personagem_872,Monge,Elfo,5.0,12.0,16,11,12,15,13
Personagem_873,Bruxo,Humano,8.0,8.0,10,12,9,9,14
Personagem_874,Druida,Githyanki,7.0,16.0,13,13,8,13,6
Personagem_875,Guerreiro,Githyanki,6.0,15.0,15,16,6,11,11
Personagem_876,Bruxo,Draconato,6.0,8.0,11,11,9,12,18
Personagem_877,Mago,Anão,7.0,6.0,14,15,17,14,7
Personagem_878,Mago,Elfo,9.0,12.0,15,11,19,11,12
Personagem_879,Bardo,Humano,7.0,10.0,14,11,10,10,19
Personagem_880,Clérigo,Humano,8.0,17.0,9,17,10,17,15
Personagem_881,Paladino,Draconato,6.0,15.0,9,17,10,11,16
Personagem_882,Monge,Githyanki,4.0,7.0,14,11,11,18,9
Personagem_883,Feiticeiro,Halfling,10.0,9.0,14,14,11,9,16
Personagem_884,Guerreiro,Tiefling,8.0,18.0,8,13,8,8,10
Personagem_885,Druida,Githyanki,6.0,9.0,12,13,10,19,9
Personagem_886,Paladino,Elfo,8.0,14.0,5,13,7,10,12
Personagem_887,Bruxo,Halfling,5.0,11.0,12,14,13,15,15
Personagem_888,Patrulheiro,Draconato,5.0,11.0,15,18,8,18,11
Personagem_889,Mago,Humano,7.0,9.0,18,14,16,10,8
Personagem_890,Patrulheiro,Draconato,4.0,8.0,13,12,11,17,6
Personagem_891,Guerreiro,Githyanki,4.0,17.0,10,12,10,10,9
Personagem_892,Feiticeiro,Githyanki,3.0,8.0,12,13,9,12,15
Personagem_893,Monge,Draconato,6.0,8.0,19,13,7,13,9
Personagem_894,Bardo,Humano,6.0,9.0,15,10,12,9,11
Personagem_895,Feiticeiro,Humano,7.0,8.0,14,14,6,12,16
Personagem_896,Guerreiro,Elfo,8.0,18.0,11,17,10,10,13
Personagem_897,Feiticeiro,Tiefling,12.0,6.0,13,13,7,5,18
Personagem_898,Guerreiro,Humano,3.0,17.0,13,13,9,9,6
Personagem_899,Guerreiro,Anão,3.0,16.0,10,14,8,11,9
Personagem_900,Ladino,Githyanki,5.0,8.0,16,15,11,12,11
Personagem_901,Druida,   anão,1.0,10.0,10,12,8,18,11
Personagem_902,Patrulheiro,Anão,6.0,10.0,16,13,13,15,9
Personagem_903,Mago,Tiefling,3.0,8.0,14,13,20,11,9
Personagem_904,Ladino,Tiefling,2.0,9.0,15,13,8,14,10
Personagem_905,Monge,Halfling,5.0,11.0,12,13,7,18,7
Personagem_906,Ladino,   anão,9.0,6.0,18,11,14,9,13
Personagem_907,Clérigo,Tiefling,3.0,11.0,8,14,9,17,11
Personagem_908,Clérigo,Githyanki,8.0,15.0,8,12,11,17,13
Personagem_909,Mago,Anão,3.0,5.0,16,15,17,11,10
Personagem_910,Feiticeiro,Humano,9.0,10.0,12,13,9,8,13
Personagem_911,Druida,Githyanki,3.0,13.0,13,14,14,19,9
Personagem_912,Mago,Halfling,1.0,10.0,15,14,20,12,11
Personagem_913,Guerreiro,Halfling,3.0,,11,15,10,12,5
Personagem_914,Bruxo,Tiefling,6.0,9.0,15,13,10,7,15
Personagem_915,Druida,Draconato,1.0,12.0,14,13,16,19,11
Personagem_916,Patrulheiro,Githyanki,10.0,11.0,14,15,7,13,10
Personagem_917,Druida,Anão,7.0,9.0,17,15,8,12,9
Personagem_918,Guerreiro,Elfo,4.0,12.0,13,16,7,6,11
Personagem_919,Guerreiro,Elfo,3.0,18.0,12,18,12,5,7
Personagem_920,Bardo,Anão,5.0,8.0,15,13,9,12,13
Personagem_921,Mago,Humano,6.0,4.0,15,15,19,12,6
Personagem_922,Guerreiro,Humano,6.0,11.0,11,15,10,10,9
Personagem_923,Clérigo,Elfo,8.0,17.0,8,18,9,16,10
Personagem_924,Monge,Githyanki,5.0,14.0,12,10,7,15,11
Personagem_925,Bruxo,Githyanki,6.0,7.0,12,16,11,9,16
Personagem_926,Patrulheiro,Elfo,9.0,12.0,14,16,8,17,9
Personagem_927,Mago,Elfo,10.0,6.0,11,12,15,12,7
Personagem_928,Paladino,Humano,1.0,18.0,11,16,8,10,19
Personagem_929,Clérigo, elfo ,9.0,11.0,6,15,13,15,8
Personagem_930,Feiticeiro,Draconato,7.0,10.0,17,13,12,9,18
Personagem_931,Guerreiro,Githyanki,6.0,20.0,13,17,9,11,6
Personagem_932,Paladino,Anão,6.0,16.0,10,15,10,11,11
Personagem_933,Guerreiro,Tiefling,5.0,18.0,15,15,6,10,8
Personagem_934,Druida,Anão,7.0,14.0,9,13,8,20,7
Personagem_935,Clérigo,Draconato,5.0,12.0,11,18,9,18,8
Personagem_936,Druida,Tiefling,5.0,7.0,8,14,9,19,5
Personagem_937,Bardo,draconato,4.0,6.0,14,11,12,8,17
Personagem_938,Druida,Elfo,5.0,9.0,11,20,12,17,8
Personagem_939,Bardo,Anão,6.0,10.0,18,12,10,7,12
Personagem_940,Bardo,,6.0,10.0,14,8,15,10,17
Personagem_941,Paladino,Humano,5.0,19.0,10,12,9,12,15
Personagem_942,Guerreiro,Githyanki,5.0,16.0,13,16,11,11,7
Personagem_943,Feiticeiro,Anão,12.0,4.0,17,14,13,9,15
Personagem_944,Patrulheiro,,2.0,13.0,18,13,11,17,8
Personagem_945,Druida,Anão,10.0,7.0,9,14,12,16,10
Personagem_946,Patrulheiro,Tiefling,4.0,8.0,16,14,11,16,7
Personagem_947,Clérigo,Githyanki,10.0,12.0,10,13,11,14,9
Personagem_948,Bardo,Githyanki,8.0,4.0,14,9,11,10,15
Personagem_949,Guerreiro, elfo ,7.0,18.0,13,16,9,11,10
Personagem_950,Bruxo,Tiefling,6.0,7.0,11,15,8,6,19
Personagem_951,Mago,Anão,7.0,6.0,15,10,14,12,11
Personagem_952,Paladino,Humano,2.0,16.0,7,16,10,11,12
Personagem_953,Feiticeiro,Halfling,11.0,4.0,14,14,10,10,14
Personagem_954,Ladino,Halfling,5.0,7.0,18,14,11,8,9
Personagem_955,Paladino,Elfo,7.0,16.0,6,11,9,11,15
Personagem_956,Bruxo,Elfo,1.0,11.0,10,14,13,9,16
Personagem_957,Mago,Anão,12.0,9.0,14,12,13,13,7
Personagem_958,Bruxo,Draconato,8.0,4.0,12,15,10,13,17
Personagem_959,Druida,Tiefling,6.0,11.0,14,13,10,16,9
Personagem_960,Bardo,draconato,10.0,12.0,14,12,12,8,16
Personagem_961,Feiticeiro,Elfo,8.0,10.0,15,13,8,9,18
Personagem_962,Monge,Elfo,4.0,9.0,14,12,9,15,9
Personagem_963,Bardo,Githyanki,2.0,10.0,14,13,12,9,15
Personagem_964,Monge,Humano,3.0,11.0,14,12,6,16,6
Personagem_965,Patrulheiro,Elfo,2.0,12.0,16,12,9,15,10
Personagem_966,Mago,Tiefling,8.0,9.0,13,11,20,12,9
Personagem_967,Guerreiro,Elfo,9.0,19.0,13,14,10,7,9
Personagem_968,Ladino,Halfling,8.0,5.0,18,13,11,6,9
Personagem_969,Clérigo,Halfling,9.0,12.0,10,13,10,16,13
Personagem_970,Bardo,Halfling,1.0,,15,14,11,13,16
Personagem_971,Feiticeiro,Draconato,6.0,6.0,12,13,10,7,16
Personagem_972,Bruxo,Halfling,4.0,8.0,14,13,14,8,15
Personagem_973,Feiticeiro,Elfo,3.0,4.0,11,11,7,14,13
Personagem_974,Mago,Tiefling,9.0,10.0,15,14,15,9,12
Personagem_975,Patrulheiro,Tiefling,10.0,10.0,15,17,11,13,7
Personagem_976,Monge,Anão,7.0,10.0,17,13,12,13,10
Personagem_977,Bruxo,Draconato,12.0,7.0,13,12,14,11,15
Personagem_978,Clérigo,Halfling,1.0,13.0,10,16,9,13,19
Personagem_979,Clérigo,Elfo,8.0,12.0,11,18,8,20,10
Personagem_980,Bardo,Elfo,10.0,9.0,12,11,10,6,15
Personagem_981,Mago,Elfo,3.0,8.0,10,14,13,10,10
Personagem_982,Guerreiro,Tiefling,7.0,14.0,14,19,7,10,7
Personagem_983,Mago,Githyanki,7.0,10.0,13,11,16,11,11
Personagem_984,Patrulheiro,Elfo,6.0,8.0,12,12,13,14,9
Personagem_985,Monge,Elfo,5.0,11.0,16,12,6,15,12
Personagem_986,Feiticeiro,Humano,5.0,8.0,15,15,5,9,15
Personagem_987,Clérigo,Githyanki,5.0,14.0,7,13,12,16,15
Personagem_988,Feiticeiro,Githyanki,4.0,8.0,12,13,10,10,19
Personagem_989,Feiticeiro,Humano,7.0,7.0,11,12,12,7,20
Personagem_990,Feiticeiro,Githyanki,7.0,7.0,16,9,7,11,17
Personagem_991,Clérigo,Draconato,7.0,15.0,11,14,13,16,8
Personagem_992,Patrulheiro,Githyanki,6.0,10.0,16,12,12,16,8
Personagem_993,Paladino,Draconato,9.0,12.0,10,14,9,13,14
Personagem_994,Druida,Halfling,10.0,8.0,12,15,11,18,10
Personagem_995,Monge,Halfling,5.0,11.0,18,11,5,16,10
Personagem_996,Paladino,Anão,5.0,15.0,13,14,10,12,15
Personagem_997,Monge,Halfling,4.0,10.0,13,14,8,15,10
Personagem_998,Bruxo,Humano,7.0,6.0,12,13,10,9,17
Personagem_999,Mago,Tiefling,4.0,10.0,12,9,14,14,10
Personagem_1000,Mago,Draconato,10.0,3.0,13,14,16,12,10
Personagem_1001,Ladino,Anão,7.0,10.0,18,13,12,9,15
Personagem_1002,Mago,Draconato,6.0,7.0,13,10,13,14,6
Personagem_1003,Clérigo,Githyanki,4.0,12.0,9,11,9,19,13
Personagem_1004,Guerreiro,Elfo,6.0,18.0,14,17,5,11,11
Personagem_1005,Bardo,Tiefling,2.0,5.0,11,14,12,8,18
Personagem_1006,Ladino,Draconato,4.0,9.0,16,15,9,11,9
Personagem_1007,Bardo,Halfling,6.0,8.0,15,12,11,9,20
Personagem_1008,Monge,Draconato,8.0,11.0,16,15,9,16,7
Personagem_1009,Bardo,Anão,5.0,6.0,15,11,9,7,20
Personagem_1010,Bardo,Elfo,5.0,9.0,17,10,10,4,16
Personagem_1011,Ladino,Tiefling,1.0,6.0,18,15,14,11,10
Personagem_1012,Bruxo,Anão,2.0,5.0,14,17,10,11,17
Personagem_1013,Feiticeiro,Elfo,4.0,7.0,14,15,10,11,20
Personagem_1014,Mago,Elfo,4.0,7.0,13,11,16,14,10
Personagem_1015,Mago,Halfling,4.0,5.0,12,13,18,13,7
Personagem_1016,Clérigo,Humano,8.0,15.0,9,13,6,16,10
Personagem_1017,Ladino,Humano,3.0,7.0,18,13,13,15,13
Personagem_1018,Clérigo,Anão,4.0,12.0,8,19,11,18,10
Personagem_1019,Guerreiro,Halfling,6.0,15.0,14,16,10,8,9
Personagem_1020,Guerreiro,Draconato,4.0,19.0,12,16,9,8,10
Personagem_1021,Clérigo,Githyanki,9.0,13.0,9,13,7,20,13
Personagem_1022,Ladino,Githyanki,1.0,7.0,18,13,15,10,10
Personagem_1023,Clérigo,Halfling,4.0,14.0,12,14,9,20,12
Personagem_1024,Mago,Anão,6.0,10.0,16,12,17,14,6
Personagem_1025,Paladino,Humano,4.0,15.0,9,16,6,10,15
Personagem_1026,Druida,Elfo,8.0,13.0,10,9,10,16,8
Personagem_1027,Bardo,Halfling,10.0,9.0,17,14,9,10,18
Personagem_1028,Druida,Anão,6.0,9.0,15,13,10,17,10
Personagem_1029,Ladino,Halfling,7.0,10.0,17,11,13,8,10
Personagem_1030,Patrulheiro,Draconato,9.0,10.0,15,14,7,13,9
Personagem_1031,Druida,Githyanki,1.0,7.0,12,17,12,17,8
Personagem_1032,Guerreiro,Anão,7.0,18.0,12,13,7,13,10
Personagem_1033,Monge,Elfo,5.0,12.0,16,11,8,15,8
Personagem_1034,Bardo,Humano,6.0,9.0,12,14,10,9,16
Personagem_1035,Feiticeiro,,8.0,,13,15,9,12,16
Personagem_1036,Patrulheiro,Halfling,6.0,7.0,15,11,10,17,5
Personagem_1037,Ladino, elfo ,4.0,12.0,18,13,10,13,13
Personagem_1038,Bardo,Draconato,7.0,11.0,12,11,10,10,20
Personagem_1039,Druida,Humano,10.0,10.0,10,15,10,18,7
Personagem_1040,Guerreiro,Tiefling,4.0,19.0,9,14,8,10,13
Personagem_1041,Bruxo,Anão,3.0,10.0,12,13,12,11,15
Personagem_1042,Paladino,Tiefling,4.0,18.0,9,15,8,8,17
Personagem_1043,Feiticeiro,Githyanki,3.0,5.0,16,15,10,13,16
Personagem_1044,Patrulheiro,Elfo,10.0,11.0,15,11,8,14,8
Personagem_1045,Paladino,Humano,1.0,14.0,9,11,6,10,15
Personagem_1046,Bardo,Halfling,8.0,10.0,17,15,9,10,16
Personagem_1047,Guerreiro,Humano,5.0,16.0,15,19,10,14,8
Personagem_1048,Guerreiro,HUMANO,4.0,19.0,11,15,10,11,9
Personagem_1049,Druida,Elfo,3.0,13.0,10,15,11,18,7
Personagem_1050,Mago,Humano,1.0,8.0,14,12,17,14,8
Personagem_1051,Druida,Elfo,8.0,11.0,10,9,11,17,10
Personagem_1052,Mago,Draconato,5.0,11.0,17,14,15,9,12
Personagem_1053,Mago,Elfo,10.0,6.0,12,13,17,14,10
Personagem_1054,Feiticeiro,Tiefling,7.0,7.0,11,15,11,8,20
Personagem_1055,Druida,Githyanki,7.0,8.0,8,15,8,16,11
Personagem_1056,Bruxo,Anão,2.0,10.0,11,10,13,8,16
Personagem_1057,Patrulheiro,Githyanki,6.0,11.0,15,17,9,13,9
Personagem_1058,Clérigo,Elfo,9.0,15.0,9,14,11,18,11
Personagem_1059,Clérigo,Anão,9.0,11.0,10,12,10,18,9
Personagem_1060,Druida,,4.0,11.0,9,16,11,14,8
Personagem_1061,Druida,Elfo,4.0,10.0,10,13,13,16,4
Personagem_1062,Paladino,Humano,5.0,17.0,9,12,7,9,14
Personagem_1063,Patrulheiro,Humano,8.0,10.0,16,13,12,16,9
Personagem_1064,Patrulheiro,Humano,11.0,7.0,17,15,14,17,8
Personagem_1065,Feiticeiro,Githyanki,5.0,11.0,15,16,7,10,17
Personagem_1066,Druida,Humano,6.0,7.0,15,14,10,16,6
Personagem_1067,Patrulheiro,Githyanki,7.0,8.0,14,15,11,14,12
Personagem_1068,Paladino,Elfo,2.0,15.0,13,16,8,9,13
Personagem_1069,Mago,Draconato,10.0,5.0,13,13,18,12,11
Personagem_1070,Guerreiro,Draconato,4.0,14.0,15,18,6,9,7
Personagem_1071,Guerreiro,Tiefling,9.0,16.0,11,16,10,6,12
Personagem_1072,Mago,Tiefling,10.0,8.0,14,11,16,12,7
Personagem_1073,Ladino,Githyanki,9.0,8.0,17,11,11,10,14
Personagem_1074,Paladino,Githyanki,6.0,17.0,8,13,9,14,15
Personagem_1075,Patrulheiro,Humano,4.0,8.0,15,11,10,14,11
Personagem_1076,Paladino,Anão,5.0,15.0,8,12,7,11,16
Personagem_1077,Mago,Draconato,7.0,9.0,13,13,17,8,9
Personagem_1078,Bruxo,Humano,6.0,10.0,12,15,8,10,17
Personagem_1079,Monge,Halfling,5.0,9.0,19,14,12,20,6
Personagem_1080,Bardo,Elfo,9.0,10.0,15,12,9,8,19
Personagem_1081,Mago,Humano,7.0,8.0,11,14,13,16,11
Personagem_1082,Patrulheiro,Draconato,14.0,7.0,16,12,11,12,7
Personagem_1083,Druida,Draconato,4.0,9.0,9,14,8,17,11
Personagem_1084,Druida,Tiefling,7.0,7.0,14,14,11,15,8
Personagem_1085,Feiticeiro,Draconato,7.0,7.0,16,15,13,7,14
Personagem_1086,Mago,Halfling,3.0,11.0,15,10,19,14,7
Personagem_1087,Feiticeiro,Halfling,2.0,4.0,13,12,9,12,16
Personagem_1088,Mago,Halfling,6.0,6.0,15,11,16,13,8
Personagem_1089,Paladino,Anão,12.0,16.0,10,13,8,12,18
Personagem_1090,Bardo,Githyanki,7.0,9.0,15,9,13,9,18
Personagem_1091,Paladino,Draconato,3.0,13.0,10,16,8,12,17
Personagem_1092,Monge,Halfling,6.0,11.0,15,10,9,17,6
Personagem_1093,Guerreiro,Elfo,1.0,19.0,10,15,11,10,12
Personagem_1094,Clérigo,Halfling,11.0,11.0,8,14,8,19,14
Personagem_1095,Mago,Halfling,4.0,11.0,11,13,19,15,8
Personagem_1096,Monge,Anão,9.0,9.0,17,14,9,18,7
Personagem_1097,Guerreiro,Elfo,8.0,16.0,13,14,8,16,10
Personagem_1098,Patrulheiro,Tiefling,1.0,10.0,15,8,11,15,9
Personagem_1099,Ladino, elfo ,10.0,11.0,20,13,11,6,11
Personagem_1100,Bardo,Elfo,5.0,7.0,18,16,14,9,13
Personagem_1101,Feiticeiro,Draconato,3.0,7.0,15,9,11,10,15
Personagem_1102,Feiticeiro,Anão,7.0,8.0,13,12,10,12,18
Personagem_1103,Paladino,Elfo,11.0,16.0,8,14,8,9,14
Personagem_1104,Druida,Anão,7.0,9.0,11,14,9,15,10
Personagem_1105,Guerreiro,Githyanki,5.0,18.0,14,19,10,7,9
Personagem_1106,Ladino,Elfo,5.0,6.0,16,12,8,8,11
Personagem_1107,Monge,Anão,6.0,12.0,14,10,10,16,11
Personagem_1108,Bardo,Draconato,1.0,11.0,14,10,13,10,15
Personagem_1109,Guerreiro,Tiefling,,18.0,11,16,8,9,11
Personagem_1110,Ladino,Draconato,6.0,10.0,17,10,12,8,16
Personagem_1111,Clérigo,   anão,11.0,14.0,9,12,9,14,13
Personagem_1112,Mago,Anão,3.0,9.0,150,12,20,12,8
Personagem_1113,Feiticeiro,Draconato,9.0,5.0,12,13,10,8,14
Personagem_1114,Monge,Halfling,7.0,11.0,17,13,11,13,7
Personagem_1115,Feiticeiro,Anão,12.0,9.0,17,14,13,10,18
Personagem_1116,Monge,Draconato,1.0,11.0,15,12,6,17,9
Personagem_1117,Paladino,Halfling,10.0,18.0,5,15,7,13,11
Personagem_1118,Druida,Halfling,10.0,14.0,13,13,11,19,7
Personagem_1119,Monge,Anão,10.0,11.0,13,11,10,14,6
Personagem_1120,Feiticeiro,Elfo,7.0,8.0,12,17,8,8,20
Personagem_1121,Paladino,Elfo,2.0,14.0,10,13,8,12,20
Personagem_1122,Monge,Anão,5.0,10.0,12,16,8,14,9
Personagem_1123,Clérigo,Anão,4.0,10.0,15,13,11,13,11
Personagem_1124,Druida,Tiefling,6.0,9.0,12,13,8,14,10
Personagem_1125,Monge,Draconato,8.0,11.0,17,11,8,15,8
Personagem_1126,Paladino,Tiefling,4.0,16.0,8,18,4,12,13
Personagem_1127,Patrulheiro,Anão,4.0,9.0,16,15,7,14,5
Personagem_1128,Guerreiro,Humano,5.0,16.0,10,14,15,11,12
Personagem_1129,Bruxo,Humano,1.0,9.0,14,12,9,14,15
Personagem_1130,Ladino,   anão,3.0,4.0,18,16,12,7,11
Personagem_1131,Bruxo,Anão,5.0,11.0,13,12,16,12,17
Personagem_1132,Patrulheiro,Elfo,8.0,12.0,14,13,12,12,8
Personagem_1133,Bruxo,Elfo,25.0,8.0,11,14,11,8,20
Personagem_1134,Patrulheiro,Halfling,4.0,7.0,12,12,11,12,6
Personagem_1135,Bardo,Githyanki,10.0,12.0,16,13,11,11,12
Personagem_1136,Patrulheiro,Anão,6.0,12.0,16,15,12,15,9
Personagem_1137,Patrulheiro,Draconato,1.0,9.0,17,7,12,16,11
Personagem_1138,Patrulheiro,Githyanki,5.0,9.0,16,11,7,13,9
Personagem_1139,Clérigo,Tiefling,7.0,14.0,11,16,9,16,13
Personagem_1140,Guerreiro,Tiefling,9.0,,12,12,10,13,8
Personagem_1141,Mago,Humano,5.0,9.0,13,10,18,14,10
Personagem_1142,Monge,Draconato,1.0,13.0,17,13,6,15,8
Personagem_1143,Ladino,Githyanki,6.0,6.0,18,12,11,9,13
Personagem_1144,Druida,Draconato,9.0,15.0,10,16,12,15,10
Personagem_1145,Guerreiro,Draconato,7.0,14.0,15,17,11,10,5
Personagem_1146,Feiticeiro,Tiefling,9.0,10.0,14,14,10,9,17
Personagem_1147,Mago,Halfling,8.0,7.0,14,11,16,8,7
Personagem_1148,Bardo,Githyanki,2.0,9.0,18,16,9,9,19
Personagem_1149,Bardo,Halfling,6.0,9.0,15,11,11,8,13
Personagem_1150,Patrulheiro,Draconato,8.0,11.0,14,11,11,13,10
Personagem_1151,Guerreiro,Halfling,8.0,15.0,12,14,5,10,12
Personagem_1152,Paladino,Elfo,6.0,17.0,10,17,9,12,16
Personagem_1153,Bruxo,Halfling,3.0,7.0,14,12,9,9,18
Personagem_1154,Feiticeiro,Githyanki,10.0,6.0,11,13,5,8,15
Personagem_1155,Bardo,Draconato,4.0,11.0,17,12,10,9,16
Personagem_1156,Ladino,Elfo,,4.0,17,14,12,11,10
Personagem_1157,Bardo,Elfo,8.0,9.0,10,12,11,9,18
Personagem_1158,Druida,Tiefling,5.0,7.0,13,11,14,15,8
Personagem_1159,Monge,Githyanki,8.0,17.0,15,10,10,16,7
Personagem_1160,Bardo,Humano,9.0,6.0,13,12,8,12,20
Personagem_1161,Druida,Elfo,10.0,10.0,13,14,11,15,12
Personagem_1162,Guerreiro,,8.0,19.0,12,17,7,9,12
Personagem_1163,Guerreiro,Tiefling,9.0,13.0,11,15,5,7,9
Personagem_1164,Mago,Anão,7.0,6.0,13,16,20,7,10
Personagem_1165,Bardo,Tiefling,9.0,5.0,14,10,7,10,14
Personagem_1166,Ladino,Anão,7.0,9.0,16,11,13,9,11
Personagem_1167,Bardo,Halfling,8.0,11.0,14,11,8,8,13
Personagem_1168,Ladino,Elfo,7.0,11.0,16,15,13,7,15
Personagem_1169,Clérigo,Humano,6.0,9.0,12,13,7,16,10
Personagem_1170,Patrulheiro,Draconato,3.0,10.0,16,11,8,18,10
Personagem_1171,Mago,Githyanki,6.0,9.0,13,10,15,7,11
Personagem_1172,Clérigo,Tiefling,8.0,9.0,8,14,6,17,10
Personagem_1173,Bardo,Elfo,7.0,7.0,14,13,10,11,20
Personagem_1174,Mago,Draconato,9.0,10.0,14,16,19,13,10
Personagem_1175,Clérigo,Anão,9.0,14.0,9,13,9,15,11
Personagem_1176,Bruxo,Elfo,3.0,12.0,14,15,7,13,15
Personagem_1177,Bardo,Anão,1.0,9.0,17,12,14,9,16
Personagem_1178,Clérigo,Humano,6.0,16.0,8,13,11,13,9
Personagem_1179,Bruxo,Anão,4.0,8.0,13,16,9,8,19
Personagem_1180,Bruxo,Elfo,3.0,10.0,12,11,9,6,14
Personagem_1181,Guerreiro,,10.0,18.0,14,20,9,12,9
Personagem_1182,Bardo,Humano,8.0,11.0,16,11,14,6,15
Personagem_1183,Bruxo,Halfling,7.0,10.0,15,15,8,6,18
Personagem_1184,Guerreiro,Halfling,6.0,17.0,10,14,8,7,12
Personagem_1185,Clérigo,Githyanki,13.0,10.0,12,15,9,18,12
Personagem_1186,Druida,Halfling,7.0,9.0,13,14,12,17,10
Personagem_1187,Bardo,Anão,10.0,7.0,14,11,12,13,17
Personagem_1188,Mago,Tiefling,6.0,5.0,13,12,12,13,8
Personagem_1189,Ladino,Tiefling,10.0,7.0,17,13,12,9,15
Personagem_1190,Ladino,Elfo,1.0,10.0,19,17,11,10,12
Personagem_1191,Clérigo,Anão,5.0,10.0,11,16,11,20,11
Personagem_1192,Paladino,Halfling,8.0,11.0,13,15,4,11,15
Personagem_1193,Paladino,Elfo,9.0,15.0,8,15,12,11,15
Personagem_1194,Clérigo,Githyanki,1.0,16.0,8,15,10,16,11
Personagem_1195,Bruxo,Draconato,5.0,7.0,11,15,9,10,17
Personagem_1196,Bardo,Anão,8.0,6.0,17,12,10,9,16
Personagem_1197,Ladino,Githyanki,6.0,7.0,18,12,10,8,10
Personagem_1198,Ladino,Draconato,4.0,9.0,17,11,12,7,12
Personagem_1199,Bruxo,Githyanki,5.0,5.0,11,11,11,10,16
Personagem_1200,Ladino,Elfo,1.0,10.0,17,11,12,8,12
Personagem_1201,Mago,Halfling,4.0,9.0,13,15,18,10,10
Personagem_1202,Bardo,Halfling,3.0,12.0,16,11,7,8,15
Personagem_1203,Monge,,6.0,11.0,20,16,7,18,10
Personagem_1204,Ladino,Halfling,6.0,10.0,15,12,9,5,10
Personagem_1205,Clérigo,Anão,1.0,15.0,10,12,8,17,13
Personagem_1206,Mago,Tiefling,7.0,5.0,15,16,12,11,11
Personagem_1207,Ladino,Tiefling,2.0,7.0,17,15,12,10,15
Personagem_1208,Patrulheiro,Halfling,11.0,13.0,18,13,11,19,7
Personagem_1209,Mago,Tiefling,4.0,8.0,13,6,14,11,7
Personagem_1210,Guerreiro,Anão,2.0,20.0,13,12,8,10,10
Personagem_1211,Monge,Tiefling,4.0,13.0,17,12,7,14,14
Personagem_1212,Feiticeiro,Elfo,10.0,9.0,13,13,10,5,18
Personagem_1213,Clérigo,Tiefling,12.0,12.0,10,12,7,15,9
Personagem_1214,Clérigo,Githyanki,1.0,11.0,9,12,11,15,12
Personagem_1215,Bardo,Draconato,4.0,11.0,17,10,14,6,15
Personagem_1216,Mago,Githyanki,9.0,7.0,16,13,16,11,9
Personagem_1217,Bruxo,Draconato,3.0,7.0,12,16,11,7,14
Personagem_1218,Clérigo,Draconato,5.0,11.0,8,11,7,15,13
Personagem_1219,Mago,Halfling,5.0,5.0,14,11,17,14,10
Personagem_1220,Mago,Githyanki,7.0,10.0,15,11,15,10,8
Personagem_1221,Patrulheiro,Githyanki,6.0,9.0,17,14,7,13,8
Personagem_1222,Druida,Draconato,9.0,8.0,13,16,11,18,10
Personagem_1223,Druida,Anão,3.0,7.0,12,12,9,15,11
Personagem_1224,Feiticeiro,Githyanki,4.0,9.0,12,14,9,7,18
Personagem_1225,Guerreiro,Halfling,7.0,15.0,11,14,11,10,6
Personagem_1226,Feiticeiro,Githyanki,10.0,4.0,12,12,9,8,15
Personagem_1227,Ladino,Githyanki,3.0,7.0,20,12,11,9,16
Personagem_1228,Bruxo,Elfo,1.0,7.0,12,13,9,7,16
Personagem_1229,Ladino,Halfling,12.0,10.0,15,12,12,9,12
Personagem_1230,Paladino,Githyanki,6.0,16.0,8,18,4,11,16
Personagem_1231,Ladino,Tiefling,3.0,9.0,15,11,17,14,14
Personagem_1232,Bardo,Tiefling,8.0,10.0,14,13,13,8,18
Personagem_1233,Ladino,Halfling,,8.0,18,18,12,14,11
Personagem_1234,Feiticeiro,Anão,4.0,10.0,11,13,11,14,16
Personagem_1235,Clérigo,Githyanki,8.0,14.0,9,11,6,16,14
Personagem_1236,Clérigo,Halfling,9.0,16.0,10,12,10,18,10
Personagem_1237,Druida,HUMANO,9.0,12.0,14,8,14,17,9
Personagem_1238,Bruxo,Anão,6.0,9.0,10,13,12,11,18
Personagem_1239,Bruxo,Tiefling  ,8.0,8.0,12,13,13,8,14
Personagem_1240,Bardo,Tiefling,11.0,9.0,17,13,10,7,17
Personagem_1241,Feiticeiro,Anão,2.0,9.0,16,11,9,10,17
Personagem_1242,Druida,Githyanki,5.0,9.0,12,17,8,14,7
Personagem_1243,Patrulheiro,Humano,2.0,15.0,17,10,12,17,11
Personagem_1244,Paladino,Elfo,4.0,14.0,11,11,10,9,14
Personagem_1245,Bruxo,Elfo,9.0,11.0,14,17,10,9,16
Personagem_1246,Clérigo,Elfo,6.0,7.0,9,13,10,17,10
Personagem_1247,Ladino,Githyanki,9.0,10.0,18,15,10,9,16
Personagem_1248,Ladino,Githyanki,11.0,7.0,18,10,10,6,15
Personagem_1249,Druida,Githyanki,6.0,7.0,11,18,9,16,7
Personagem_1250,Feiticeiro,Humano,3.0,6.0,15,15,5,10,14
Personagem_1251,Feiticeiro,Anão,10.0,10.0,11,15,11,6,14
Personagem_1252,Guerreiro,Humano,13.0,17.0,12,10,12,10,10
Personagem_1253,Monge,Anão,9.0,9.0,16,10,7,13,11
Personagem_1254,Bruxo,Anão,11.0,12.0,10,18,9,8,18
Personagem_1255,Feiticeiro,Draconato,3.0,9.0,14,13,9,10,17
Personagem_1256,Clérigo,Halfling,6.0,18.0,6,10,7,19,11
Personagem_1257,Druida,Halfling,9.0,8.0,13,10,12,15,6
Personagem_1258,Paladino,Draconato,7.0,15.0,10,12,8,12,10
Personagem_1259,Guerreiro,Halfling,10.0,18.0,11,16,6,11,9
Personagem_1260,Mago,Draconato,5.0,9.0,12,12,15,11,8
Personagem_1261,Bardo,Halfling,7.0,10.0,12,12,17,13,15
Personagem_1262,Paladino,Githyanki,6.0,15.0,9,16,9,8,15
Personagem_1263,Mago,Halfling,9.0,7.0,14,14,19,14,7
Personagem_1264,Patrulheiro,Anão,11.0,10.0,14,9,9,14,9
Personagem_1265,Ladino,Tiefling,7.0,8.0,17,10,11,10,16
Personagem_1266,Bardo,Halfling,5.0,9.0,14,13,8,8,16
Personagem_1267,Bruxo,Elfo,25.0,8.0,13,12,8,11,13
Personagem_1268,Clérigo,,7.0,13.0,10,14,10,15,16
Personagem_1269,Bardo,Draconato,11.0,7.0,15,13,11,7,18
Personagem_1270,Monge,Humano,7.0,13.0,15,13,10,18,11
Personagem_1271,Mago,Draconato,3.0,9.0,14,9,17,11,13
Personagem_1272,Bruxo,Githyanki,5.0,12.0,11,14,8,11,16
Personagem_1273,Monge,Elfo,10.0,10.0,16,12,11,15,11
Personagem_1274,Ladino,Anão,6.0,9.0,13,10,11,7,11
Personagem_1275,Monge,Githyanki,15.0,12.0,14,14,12,16,4
Personagem_1276,Guerreiro,Tiefling,8.0,15.0,14,17,10,13,10
Personagem_1277,Guerreiro,Anão,3.0,16.0,9,12,10,9,11
Personagem_1278,Patrulheiro,Githyanki,9.0,9.0,14,16,7,17,8
Personagem_1279,Druida,Anão,7.0,10.0,14,13,10,17,9
Personagem_1280,Paladino,Humano,6.0,12.0,7,13,8,10,15
Personagem_1281,Paladino,Githyanki,8.0,17.0,8,14,10,10,17
Personagem_1282,Bruxo,,9.0,6.0,12,12,10,6,16
Personagem_1283,Ladino,Anão,8.0,5.0,16,12,13,14,14
Personagem_1284,Feiticeiro,Githyanki,4.0,8.0,15,14,13,10,18
Personagem_1285,Patrulheiro,Halfling,2.0,10.0,17,16,8,12,10
Personagem_1286,Guerreiro,Humano,6.0,14.0,15,16,13,11,10
Personagem_1287,Bruxo,Tiefling,2.0,11.0,13,15,9,8,14
Personagem_1288,Feiticeiro,Githyanki,5.0,7.0,16,16,10,7,18
Personagem_1289,Paladino,Tiefling,25.0,17.0,10,15,12,11,15
Personagem_1290,Druida,Tiefling,4.0,7.0,11,9,10,12,7
Personagem_1291,Monge,,5.0,12.0,15,16,6,18,7
Personagem_1292,Guerreiro,Githyanki,1.0,16.0,15,15,8,14,10
Personagem_1293,Bruxo,Anão,6.0,9.0,10,13,11,8,15
Personagem_1294,Bardo,,8.0,9.0,17,13,13,10,15
Personagem_1295,Feiticeiro,Halfling,8.0,3.0,12,12,10,8,16
Personagem_1296,Monge,Anão,5.0,9.0,16,11,7,13,7
Personagem_1297,Guerreiro,Elfo,7.0,16.0,15,14,5,8,13
Personagem_1298,Paladino,Tiefling,5.0,16.0,8,14,7,10,17
Personagem_1299,Ladino,Anão,5.0,9.0,16,11,11,10,11
Personagem_1300,Feiticeiro,Halfling,9.0,7.0,11,11,6,12,16
Personagem_1301,Paladino,Anão,5.0,19.0,10,13,10,13,13
Personagem_1302,Guerreiro,Tiefling,7.0,18.0,12,13,10,12,9
Personagem_1303,Feiticeiro,Elfo,7.0,3.0,16,17,7,12,17
Personagem_1304,Patrulheiro, elfo ,4.0,11.0,16,16,5,14,7
Personagem_1305,Monge,Tiefling,7.0,12.0,12,15,7,13,6
Personagem_1306,Guerreiro,Humano,9.0,14.0,150,16,10,9,11
Personagem_1307,Patrulheiro,Draconato,5.0,10.0,15,12,9,13,9
Personagem_1308,Mago,Tiefling,4.0,,16,11,17,12,12
Personagem_1309,Bruxo,Anão,3.0,10.0,12,12,12,9,17
Personagem_1310,Monge,HUMANO,1.0,11.0,20,11,12,16,10
Personagem_1311,Feiticeiro,Halfling,4.0,5.0,15,10,8,10,13
Personagem_1312,Ladino,Draconato,4.0,6.0,19,14,9,6,14
Personagem_1313,Paladino,Halfling,4.0,14.0,13,13,10,15,17
Personagem_1314,Bardo,Draconato,8.0,7.0,17,12,12,10,19
Personagem_1315,Paladino,Githyanki,5.0,14.0,10,16,4,16,12
Personagem_1316,Feiticeiro,Anão,4.0,8.0,9,14,7,10,14
Personagem_1317,Paladino,Draconato,5.0,16.0,9,15,7,11,18
Personagem_1318,Bruxo,Humano,7.0,9.0,15,14,10,9,14
Personagem_1319,Guerreiro,Halfling,9.0,18.0,15,15,9,12,8
Personagem_1320,Patrulheiro, elfo ,3.0,12.0,13,17,12,15,10
Personagem_1321,Bardo,Draconato,4.0,6.0,17,13,15,11,16
Personagem_1322,Clérigo,Humano,7.0,15.0,6,13,8,17,11
Personagem_1323,Feiticeiro,Tiefling,4.0,8.0,14,12,8,10,17
Personagem_1324,Druida,Humano,7.0,9.0,12,13,12,17,10
Personagem_1325,Clérigo,Tiefling,6.0,13.0,10,16,9,11,11
Personagem_1326,Paladino,Tiefling  ,8.0,16.0,13,17,10,11,15
Personagem_1327,Feiticeiro,Humano,6.0,6.0,14,13,15,10,16
Personagem_1328,Patrulheiro,Halfling,12.0,14.0,10,14,11,17,8
Personagem_1329,Mago,Elfo,6.0,8.0,12,12,18,11,10
Personagem_1330,Patrulheiro,Anão,9.0,10.0,17,15,7,12,10
Personagem_1331,Druida,Halfling,8.0,9.0,10,12,13,18,6
Personagem_1332,Bardo,Humano,7.0,10.0,13,11,7,6,17
Personagem_1333,Patrulheiro,Tiefling,1.0,7.0,11,13,8,11,9
Personagem_1334,Ladino,Elfo,3.0,8.0,18,12,13,7,14
Personagem_1335,Mago,Halfling,4.0,11.0,16,12,15,9,8
Personagem_1336,Clérigo,Halfling,2.0,11.0,7,15,10,14,10
Personagem_1337,Guerreiro,Anão,9.0,16.0,14,17,8,7,10
Personagem_1338,Bruxo,Tiefling  ,9.0,11.0,12,13,8,8,16
Personagem_1339,Ladino,Elfo,3.0,12.0,16,10,11,7,15
Personagem_1340,Mago,Humano,4.0,9.0,13,12,16,13,13
Personagem_1341,Guerreiro,   anão,7.0,14.0,8,13,8,11,10
Personagem_1342,Guerreiro,Tiefling,8.0,16.0,11,13,5,11,10
Personagem_1343,Feiticeiro,Halfling,6.0,7.0,15,15,10,3,17
Personagem_1344,Mago,Githyanki,1.0,7.0,15,11,18,9,12
Personagem_1345,Bardo,Humano,11.0,9.0,17,18,11,9,14
Personagem_1346,Paladino,Anão,6.0,16.0,7,11,10,12,16
Personagem_1347,Druida,Anão,2.0,8.0,16,14,7,13,8
Personagem_1348,Druida, elfo ,4.0,11.0,8,15,11,17,11
Personagem_1349,Clérigo,Draconato,7.0,9.0,11,13,7,17,14
Personagem_1350,Clérigo,Humano,6.0,16.0,7,13,10,15,11
Personagem_1351,Druida,Elfo,7.0,11.0,11,15,10,15,12
Personagem_1352,Patrulheiro,Draconato,1.0,13.0,14,15,9,16,11
Personagem_1353,Bardo,Humano,4.0,14.0,12,12,11,10,15
Personagem_1354,Patrulheiro,Elfo,6.0,8.0,17,16,9,13,9
Personagem_1355,Patrulheiro,Anão,7.0,14.0,17,10,9,14,9
Personagem_1356,Bruxo,Humano,9.0,6.0,14,13,11,9,18
Personagem_1357,Monge,Draconato,2.0,12.0,15,14,11,17,10
Personagem_1358,Paladino,Draconato,7.0,14.0,5,14,11,10,16
Personagem_1359,Bruxo,Humano,5.0,9.0,17,13,10,13,18
Personagem_1360,Feiticeiro,Anão,13.0,7.0,15,12,10,7,18
Personagem_1361,Monge,Humano,9.0,7.0,17,11,10,18,4
Personagem_1362,Monge,Githyanki,5.0,10.0,16,13,10,15,8
Personagem_1363,Mago,Humano,11.0,5.0,9,11,16,11,10
Personagem_1364,Bardo,Elfo,3.0,10.0,12,7,9,9,20
Personagem_1365,Bardo,Halfling,12.0,10.0,14,11,13,10,20
Personagem_1366,Monge,Draconato,1.0,9.0,15,7,6,16,8
Personagem_1367,Patrulheiro,Draconato,8.0,11.0,16,11,9,15,13
Personagem_1368,Mago,Githyanki,7.0,9.0,11,15,16,9,8
Personagem_1369,Paladino,Draconato,5.0,16.0,11,13,7,14,17
Personagem_1370,Monge,Elfo,8.0,9.0,15,16,11,18,7
Personagem_1371,Ladino,Humano,3.0,10.0,14,14,10,6,7
Personagem_1372,Clérigo,Elfo,10.0,12.0,7,12,12,16,13
Personagem_1373,Clérigo,Anão,4.0,15.0,10,14,7,15,10
Personagem_1374,Bruxo,Humano,6.0,10.0,11,13,11,8,20
Personagem_1375,Feiticeiro,Tiefling,8.0,9.0,10,15,11,11,17
Personagem_1376,Clérigo,Tiefling,9.0,,7,14,14,14,11
Personagem_1377,Guerreiro,Anão,7.0,14.0,10,16,8,10,9
Personagem_1378,Bruxo,Draconato,8.0,11.0,13,13,10,12,16
Personagem_1379,Clérigo,Draconato,7.0,12.0,10,13,10,16,13
Personagem_1380,Feiticeiro,Githyanki,1.0,7.0,15,13,8,12,13
Personagem_1381,Patrulheiro,Githyanki,10.0,10.0,16,13,8,14,6
Personagem_1382,Patrulheiro,Anão,5.0,8.0,16,14,12,15,7
Personagem_1383,Bardo,Anão,6.0,6.0,16,12,10,10,18
Personagem_1384,Bardo,Draconato,8.0,,13,11,6,13,14
Personagem_1385,Paladino,,4.0,14.0,6,17,10,6,16
Personagem_1386,Monge,Tiefling,5.0,11.0,17,14,10,13,11
Personagem_1387,Ladino,Halfling,5.0,9.0,16,13,10,11,8
Personagem_1388,Bardo,Elfo,8.0,9.0,14,12,13,11,18
Personagem_1389,Mago,Humano,7.0,7.0,9,14,15,9,7
Personagem_1390,Clérigo,Githyanki,8.0,13.0,13,13,6,17,11
Personagem_1391,Mago,Draconato,6.0,8.0,12,12,15,12,7
Personagem_1392,Feiticeiro,Githyanki,6.0,4.0,12,13,12,10,14
Personagem_1393,Bardo,Draconato,4.0,8.0,16,12,12,11,17
Personagem_1394,Ladino,Halfling,6.0,9.0,17,14,12,11,14
Personagem_1395,Feiticeiro,Draconato,9.0,7.0,14,13,11,8,16
Personagem_1396,Guerreiro,,8.0,19.0,12,12,8,9,7
Personagem_1397,Guerreiro,Draconato,9.0,15.0,11,13,11,8,12
Personagem_1398,Mago,Draconato,6.0,7.0,13,11,16,14,8
Personagem_1399,Monge,Humano,8.0,9.0,16,14,7,16,8
Personagem_1400,Bruxo,Humano,8.0,5.0,10,15,11,9,18
Personagem_1401,Monge,Draconato,6.0,8.0,14,17,8,11,7
Personagem_1402,Patrulheiro,Elfo,1.0,16.0,15,11,8,15,8
Personagem_1403,Paladino,Halfling,7.0,15.0,7,13,9,13,16
Personagem_1404,Monge,Humano,8.0,9.0,16,13,13,16,8
Personagem_1405,Paladino,Draconato,8.0,16.0,10,12,10,8,17
Personagem_1406,Paladino,Elfo,9.0,14.0,7,16,9,14,16
Personagem_1407,Ladino,Githyanki,1.0,11.0,19,12,11,9,13
Personagem_1408,Bardo,Anão,6.0,10.0,15,14,8,10,13
Personagem_1409,Ladino,Anão,4.0,7.0,17,13,11,13,11
Personagem_1410,Paladino,Elfo,1.0,15.0,10,15,9,9,13
Personagem_1411,Feiticeiro,Githyanki,11.0,13.0,14,12,10,9,18
Personagem_1412,Guerreiro,Draconato,2.0,18.0,16,20,8,11,9
Personagem_1413,Paladino,Draconato,6.0,18.0,8,14,8,9,16
Personagem_1414,Ladino,Draconato,9.0,6.0,16,13,13,9,12
Personagem_1415,Feiticeiro,Githyanki,6.0,5.0,14,16,9,10,17
Personagem_1416,Ladino,Anão,2.0,11.0,18,10,11,8,13
Personagem_1417,Monge,Halfling,1.0,11.0,14,13,6,19,8
Personagem_1418,Clérigo,Elfo,4.0,11.0,11,14,9,19,12
Personagem_1419,Mago,Elfo,8.0,6.0,16,15,20,15,8
Personagem_1420,Bruxo,Humano,9.0,4.0,16,9,8,6,17
Personagem_1421,Patrulheiro,Elfo,8.0,12.0,12,12,11,15,6
Personagem_1422,Ladino,Tiefling,1.0,6.0,16,12,13,7,13
Personagem_1423,Bruxo,Humano,5.0,12.0,14,13,9,8,16
Personagem_1424,Druida,Halfling,8.0,9.0,11,15,11,15,7
Personagem_1425,Ladino,Humano,7.0,8.0,15,10,10,9,8
Personagem_1426,Clérigo,Halfling,5.0,13.0,12,14,9,17,10
Personagem_1427,Bruxo,Anão,11.0,6.0,8,14,12,9,14
Personagem_1428,Patrulheiro,,7.0,12.0,17,13,9,16,7
Personagem_1429,Paladino,Halfling,2.0,17.0,13,17,9,8,16
Personagem_1430,Ladino,Anão,5.0,8.0,15,9,8,10,11
Personagem_1431,Bardo,Anão,7.0,14.0,15,11,13,12,17
Personagem_1432,Mago,Draconato,5.0,11.0,13,10,15,13,11
Personagem_1433,Clérigo,Githyanki,6.0,8.0,7,12,8,19,8
Personagem_1434,Bruxo,Elfo,2.0,12.0,13,15,14,10,16
Personagem_1435,Clérigo,Anão,10.0,12.0,8,10,7,18,11
Personagem_1436,Feiticeiro,Humano,4.0,8.0,11,15,14,8,14
Personagem_1437,Patrulheiro,Githyanki,5.0,12.0,15,12,11,15,6
Personagem_1438,Mago,Elfo,6.0,6.0,11,11,20,10,7
Personagem_1439,Paladino,Elfo,8.0,15.0,6,15,9,11,17
Personagem_1440,Ladino,Elfo,2.0,8.0,14,14,8,5,9
Personagem_1441,Ladino,Draconato,4.0,7.0,20,14,14,7,13
Personagem_1442,Ladino,Githyanki,8.0,9.0,17,13,14,9,12
Personagem_1443,Mago,Draconato,10.0,8.0,13,12,16,14,11
Personagem_1444,Bardo,Anão,3.0,10.0,15,13,10,10,18
Personagem_1445,Druida,Tiefling,13.0,8.0,9,11,11,13,8
Personagem_1446,Guerreiro,Elfo,15.0,15.0,11,15,11,9,9
Personagem_1447,Monge,Elfo,3.0,6.0,14,13,8,18,9
Personagem_1448,Bruxo,Halfling,5.0,5.0,13,15,9,11,14
Personagem_1449,Bardo,Anão,6.0,8.0,16,8,10,15,18
Personagem_1450,Paladino,Elfo,9.0,17.0,10,12,7,9,14
Personagem_1451,Bruxo,Elfo,2.0,10.0,12,13,12,6,15
Personagem_1452,Ladino,Halfling,6.0,9.0,17,12,11,9,14
Personagem_1453,Clérigo,Anão,6.0,12.0,7,13,9,15,11
Personagem_1454,Paladino,Humano,7.0,17.0,9,11,8,8,16
Personagem_1455,Bruxo,Elfo,1.0,9.0,12,18,10,8,15
Personagem_1456,Patrulheiro,Elfo,5.0,11.0,16,10,9,14,6
Personagem_1457,Ladino,Halfling,25.0,14.0,19,11,12,11,14
Personagem_1458,Bruxo,Draconato,7.0,8.0,12,16,11,7,15
Personagem_1459,Clérigo,Tiefling,7.0,17.0,12,12,14,18,12
Personagem_1460,Patrulheiro,Draconato,6.0,13.0,19,13,10,16,7
Personagem_1461,Ladino,,4.0,8.0,12,13,11,9,13
Personagem_1462,Druida,Tiefling,2.0,10.0,14,13,9,16,9
Personagem_1463,Bardo,Anão,12.0,9.0,13,13,10,12,17
Personagem_1464,Feiticeiro,Halfling,5.0,8.0,17,16,9,6,19
Personagem_1465,Monge,Elfo,7.0,8.0,16,11,6,17,7
Personagem_1466,Mago,Elfo,9.0,9.0,14,11,19,11,9
Personagem_1467,Monge, elfo ,11.0,7.0,17,13,10,13,6
Personagem_1468,Paladino,Halfling,4.0,15.0,10,14,8,7,16
Personagem_1469,Monge,Draconato,4.0,10.0,19,12,10,16,9
Personagem_1470,Ladino,Draconato,7.0,10.0,16,12,12,8,8
Personagem_1471,Druida,Githyanki,5.0,10.0,11,14,9,19,11
Personagem_1472,Feiticeiro,Anão,6.0,9.0,16,12,10,9,20
Personagem_1473,Bardo,Halfling,2.0,6.0,16,10,8,11,17
Personagem_1474,Bardo,Halfling,1.0,12.0,19,10,12,10,15
Personagem_1475,Clérigo,Humano,6.0,10.0,13,12,7,16,10
Personagem_1476,Mago,Draconato,6.0,5.0,16,16,20,13,6
Personagem_1477,Bruxo,Anão,4.0,8.0,15,13,15,11,15
Personagem_1478,Druida,Elfo,5.0,12.0,11,14,10,20,7
Personagem_1479,Bruxo,Tiefling,3.0,7.0,14,12,14,11,15
Personagem_1480,Feiticeiro,Anão,4.0,7.0,15,12,9,7,19
Personagem_1481,Monge,Elfo,9.0,13.0,14,13,9,17,9
Personagem_1482,Bardo,Tiefling,7.0,6.0,15,13,7,9,18
Personagem_1483,Feiticeiro,Draconato,2.0,8.0,11,15,8,7,19
Personagem_1484,Monge,Draconato,13.0,5.0,15,15,6,16,7
Personagem_1485,Bardo,Draconato,6.0,9.0,17,15,10,7,17
Personagem_1486,Monge,Elfo,,10.0,16,14,7,14,9
Personagem_1487,Mago,Elfo,9.0,8.0,14,12,14,11,9
Personagem_1488,Druida,Elfo,9.0,8.0,8,13,10,16,9
Personagem_1489,Patrulheiro,Anão,4.0,13.0,18,15,12,18,5
Personagem_1490,Paladino,Tiefling,2.0,15.0,12,16,9,12,14
Personagem_1491,Feiticeiro,Elfo,6.0,5.0,14,11,11,8,16
Personagem_1492,Feiticeiro,Elfo,10.0,10.0,15,12,10,11,18
Personagem_1493,Patrulheiro,Halfling,7.0,10.0,15,12,12,17,11
Personagem_1494,Guerreiro,Tiefling,,13.0,10,18,12,8,9
Personagem_1495,Ladino,Githyanki,10.0,8.0,17,9,9,12,12
Personagem_1496,Mago,Githyanki,4.0,9.0,14,13,17,10,8
Personagem_1497,Mago,Halfling,7.0,9.0,15,13,17,10,11
Personagem_1498,Patrulheiro,Tiefling,5.0,8.0,15,9,8,14,9
Personagem_1499,Bruxo,Tiefling,6.0,8.0,13,15,7,12,16
Personagem_1500,Monge,Humano,9.0,10.0,15,14,8,13,8
Personagem_1501,Ladino,Humano,10.0,10.0,13,9,11,7,14
Personagem_1502,Druida,Elfo,6.0,9.0,9,14,8,17,12
Personagem_1503,Druida,Anão,2.0,12.0,13,10,10,14,3
Personagem_1504,Patrulheiro,Tiefling,2.0,10.0,17,16,8,16,8
Personagem_1505,Mago,Anão,4.0,6.0,15,12,19,9,11
Personagem_1506,Druida,Tiefling  ,8.0,14.0,12,16,9,16,10
Personagem_1507,Guerreiro,Halfling,7.0,20.0,10,17,6,14,6
Personagem_1508,Feiticeiro,Githyanki,8.0,7.0,16,15,14,10,17
Personagem_1509,Clérigo,Halfling,3.0,16.0,7,12,10,15,12
Personagem_1510,Paladino,Halfling,7.0,18.0,8,17,5,14,16
Personagem_1511,Patrulheiro,Anão,4.0,12.0,15,13,9,15,6
Personagem_1512,Bruxo,Anão,8.0,9.0,15,16,11,8,19
Personagem_1513,Monge,Githyanki,4.0,8.0,15,13,8,14,11
Personagem_1514,Paladino,Elfo,1.0,18.0,8,17,7,11,13
Personagem_1515,Monge,Halfling,5.0,8.0,14,12,5,14,8
Personagem_1516,Bardo,Githyanki,4.0,8.0,10,11,13,11,17
Personagem_1517,Paladino,Humano,5.0,15.0,9,17,8,15,16
Personagem_1518,Clérigo,Githyanki,9.0,10.0,10,11,9,16,11
Personagem_1519,Mago,Halfling,12.0,11.0,12,17,15,12,7
Personagem_1520,Guerreiro,Draconato,9.0,17.0,15,11,7,7,6
Personagem_1521,Feiticeiro,Elfo,7.0,11.0,14,18,8,9,16
Personagem_1522,Feiticeiro,Humano,3.0,9.0,14,13,10,7,17
Personagem_1523,Guerreiro,,8.0,18.0,14,16,9,11,7
Personagem_1524,Ladino,Draconato,2.0,7.0,16,15,10,10,10
Personagem_1525,Bardo,Draconato,8.0,6.0,14,10,13,9,19
Personagem_1526,Monge,Halfling,10.0,12.0,18,16,7,18,11
Personagem_1527,Clérigo,Elfo,4.0,11.0,7,13,7,18,11
Personagem_1528,Druida,Draconato,2.0,5.0,10,10,12,14,7
Personagem_1529,Paladino,Halfling,5.0,15.0,10,16,8,13,15
Personagem_1530,Bardo,Draconato,9.0,9.0,13,11,12,6,16
Personagem_1531,Patrulheiro,Draconato,3.0,10.0,16,8,12,14,6
Personagem_1532,Paladino,Tiefling,,20.0,9,17,9,9,14
Personagem_1533,Clérigo,Tiefling,6.0,12.0,15,14,7,18,12
Personagem_1534,Bruxo,Elfo,3.0,8.0,15,16,14,11,18
Personagem_1535,Bruxo,Halfling,2.0,12.0,9,16,10,9,17
Personagem_1536,Bardo,Halfling,8.0,8.0,15,12,6,11,18
Personagem_1537,Mago,Draconato,11.0,7.0,16,11,18,10,12
Personagem_1538,Clérigo,Elfo,9.0,12.0,11,12,8,20,6
Personagem_1539,Clérigo,Humano,5.0,13.0,9,18,8,19,13
Personagem_1540,Guerreiro,Anão,6.0,16.0,14,14,5,11,10
Personagem_1541,Mago,Halfling,10.0,5.0,15,14,20,14,11
Personagem_1542,Monge,Tiefling,7.0,12.0,14,14,7,14,10
Personagem_1543,Monge,draconato,6.0,8.0,18,15,10,15,11
Personagem_1544,Druida,Draconato,16.0,12.0,12,14,8,18,7
Personagem_1545,Feiticeiro,Elfo,2.0,6.0,12,14,10,9,13
Personagem_1546,Bruxo,Humano,2.0,8.0,11,19,10,12,13
Personagem_1547,Patrulheiro,Anão,6.0,13.0,14,13,8,14,5
Personagem_1548,Monge,HUMANO,8.0,10.0,14,18,9,16,7
Personagem_1549,Mago,Draconato,8.0,7.0,13,13,19,14,9
Personagem_1550,Clérigo,Humano,8.0,10.0,13,15,16,15,15
Personagem_1551,Patrulheiro,Tiefling,8.0,13.0,15,14,9,15,9
Personagem_1552,Monge,Draconato,7.0,9.0,16,16,10,17,10
Personagem_1553,Clérigo,Draconato,6.0,12.0,11,14,9,13,13
Personagem_1554,Monge,Humano,8.0,10.0,12,10,7,12,6
Personagem_1555,Bruxo,Tiefling  ,11.0,9.0,13,12,10,9,19
Personagem_1556,Paladino,Elfo,7.0,20.0,10,14,7,9,14
Personagem_1557,Monge,Halfling,11.0,11.0,14,11,10,16,8
Personagem_1558,Mago,Githyanki,7.0,7.0,14,14,18,10,10
Personagem_1559,Monge,Humano,9.0,11.0,15,10,5,17,11
Personagem_1560,Feiticeiro,Tiefling,6.0,8.0,14,13,8,6,15
Personagem_1561,Patrulheiro,Anão,8.0,13.0,17,11,8,18,8
Personagem_1562,Patrulheiro,Anão,6.0,9.0,15,14,8,10,8
Personagem_1563,Bruxo,Humano,4.0,7.0,13,16,10,5,16
Personagem_1564,Mago,Githyanki,6.0,8.0,13,13,15,9,9
Personagem_1565,Guerreiro,Githyanki,4.0,17.0,16,15,6,14,8
Personagem_1566,Mago,Halfling,3.0,4.0,14,12,20,13,8
Personagem_1567,Patrulheiro,Elfo,2.0,12.0,18,14,10,14,8
Personagem_1568,Feiticeiro,Halfling,8.0,6.0,12,15,7,11,16
Personagem_1569,Paladino,Halfling,3.0,16.0,6,12,13,11,14
Personagem_1570,Bruxo,Githyanki,7.0,13.0,14,14,10,12,17
Personagem_1571,Guerreiro,Elfo,7.0,17.0,13,18,8,8,10
Personagem_1572,Feiticeiro,Halfling,4.0,11.0,11,12,11,8,16
Personagem_1573,Feiticeiro,Elfo,7.0,8.0,11,16,4,11,18
Personagem_1574,Bardo,Githyanki,5.0,12.0,15,12,12,7,16
Personagem_1575,Bruxo,draconato,5.0,9.0,16,17,11,11,17
Personagem_1576,Mago,Draconato,3.0,6.0,14,14,16,11,10
Personagem_1577,Clérigo,Halfling,8.0,13.0,13,18,9,18,16
Personagem_1578,Paladino,Humano,9.0,17.0,11,17,8,7,16
Personagem_1579,Clérigo,Humano,12.0,11.0,12,14,8,18,13
Personagem_1580,Mago,Anão,6.0,7.0,15,13,13,11,12
Personagem_1581,Mago,,4.0,5.0,14,15,15,11,11
Personagem_1582,Bruxo,Anão,9.0,4.0,12,17,11,8,16
Personagem_1583,Mago,Elfo,1.0,8.0,14,9,17,11,15
Personagem_1584,Patrulheiro,Halfling,4.0,8.0,13,15,10,13,8
Personagem_1585,Bardo,Githyanki,6.0,10.0,16,13,12,12,17
Personagem_1586,Guerreiro,Draconato,7.0,14.0,10,16,10,8,6
Personagem_1587,Mago,Githyanki,2.0,6.0,14,11,15,11,10
Personagem_1588,Clérigo,Elfo,7.0,13.0,7,16,8,12,15
Personagem_1589,Mago,Anão,1.0,6.0,15,14,17,12,6
Personagem_1590,Bardo,Draconato,5.0,,15,10,9,9,12
Personagem_1591,Patrulheiro,Tiefling,6.0,10.0,14,12,6,13,8
Personagem_1592,Patrulheiro,Elfo,7.0,7.0,13,13,8,9,11
Personagem_1593,Monge,Halfling,3.0,10.0,14,12,8,18,7
Personagem_1594,Patrulheiro,Halfling,3.0,12.0,16,13,10,15,6
Personagem_1595,Monge,Anão,8.0,11.0,18,12,9,17,9
Personagem_1596,Feiticeiro,Elfo,11.0,8.0,12,11,8,14,17
Personagem_1597,Paladino,Anão,6.0,19.0,9,15,7,10,16
Personagem_1598,Druida,Anão,1.0,8.0,10,11,14,19,8
Personagem_1599,Patrulheiro,Halfling,4.0,13.0,16,9,8,11,11
Personagem_1600,Guerreiro,Githyanki,6.0,13.0,15,15,7,11,11
Personagem_1601,Ladino,Draconato,2.0,5.0,15,15,16,10,14
Personagem_1602,Feiticeiro,Draconato,3.0,9.0,10,13,6,10,14
Personagem_1603,Patrulheiro,Tiefling,7.0,11.0,18,14,13,10,9
Personagem_1604,Paladino,Anão,4.0,15.0,11,15,9,8,19
Personagem_1605,Monge,Humano,6.0,14.0,17,13,5,13,9
Personagem_1606,Clérigo,Githyanki,5.0,9.0,10,12,11,18,14
Personagem_1607,Ladino,Tiefling,4.0,7.0,18,14,11,6,11
Personagem_1608,Paladino,Humano,12.0,15.0,15,12,9,6,19
Personagem_1609,Paladino,Anão,4.0,13.0,8,13,10,13,13
Personagem_1610,Patrulheiro,Draconato,7.0,9.0,15,11,11,17,8
Personagem_1611,Feiticeiro,Halfling,3.0,9.0,13,16,11,9,18
Personagem_1612,Ladino,Draconato,3.0,9.0,15,13,10,11,11
Personagem_1613,Bruxo,Githyanki,4.0,10.0,14,14,11,10,17
Personagem_1614,Druida,Elfo,6.0,8.0,11,14,8,16,9
Personagem_1615,Bruxo,Elfo,8.0,10.0,10,15,9,9,13
Personagem_1616,Ladino,Tiefling,5.0,6.0,13,10,12,7,8
Personagem_1617,Bruxo,Tiefling,10.0,6.0,13,15,11,5,17
Personagem_1618,Patrulheiro,Tiefling,4.0,11.0,15,7,9,12,13
Personagem_1619,Bardo,Humano,8.0,9.0,14,10,6,10,17
Personagem_1620,Monge,Tiefling,6.0,6.0,17,13,11,16,13
Personagem_1621,Bardo,Tiefling,4.0,9.0,19,10,10,9,15
Personagem_1622,Mago,Draconato,9.0,8.0,16,12,16,13,6
Personagem_1623,Bruxo,Tiefling,7.0,6.0,13,15,10,6,19
Personagem_1624,Mago,Draconato,6.0,8.0,10,17,16,13,9
Personagem_1625,Clérigo,Humano,7.0,12.0,10,12,10,20,10
Personagem_1626,Guerreiro,Humano,8.0,14.0,14,17,5,7,5
Personagem_1627,Clérigo,Anão,6.0,14.0,14,16,12,16,12
Personagem_1628,Ladino,draconato,2.0,9.0,17,11,13,12,15
Personagem_1629,Paladino,Halfling,7.0,11.0,10,17,8,11,17
Personagem_1630,Monge,Tiefling,8.0,9.0,13,15,6,11,10
Personagem_1631,Bruxo,,6.0,9.0,11,13,11,10,19
Personagem_1632,Feiticeiro,Tiefling,11.0,8.0,15,15,10,8,17
Personagem_1633,Guerreiro,Elfo,6.0,20.0,11,15,7,12,11
Personagem_1634,Druida,Githyanki,2.0,12.0,9,15,9,15,8
Personagem_1635,Druida,Githyanki,9.0,9.0,12,14,12,15,9
Personagem_1636,Druida,Humano,5.0,8.0,11,8,9,15,8
Personagem_1637,Bruxo,,4.0,11.0,11,16,14,6,17
Personagem_1638,Druida,Elfo,5.0,11.0,9,14,11,14,8
Personagem_1639,Patrulheiro,Tiefling,1.0,10.0,14,17,9,14,8
Personagem_1640,Bardo,Elfo,2.0,9.0,12,11,9,8,16
Personagem_1641,Guerreiro,Humano,7.0,16.0,10,14,11,10,11
Personagem_1642,Bardo,Draconato,3.0,8.0,13,11,11,10,19
Personagem_1643,Paladino,Humano,10.0,20.0,9,15,11,13,16
Personagem_1644,Guerreiro,Halfling,3.0,19.0,13,15,6,9,11
Personagem_1645,Bardo,Tiefling,4.0,9.0,15,12,11,9,18
Personagem_1646,Guerreiro,Elfo,8.0,17.0,13,16,9,7,9
Personagem_1647,Paladino,Elfo,5.0,14.0,9,17,10,11,12
Personagem_1648,Mago,   anão,7.0,9.0,12,12,18,11,12
Personagem_1649,Patrulheiro,Tiefling,7.0,11.0,15,12,14,16,13
Personagem_1650,Bruxo,Anão,5.0,7.0,15,14,6,11,20
Personagem_1651,Bruxo,Halfling,4.0,5.0,12,15,9,9,19
Personagem_1652,Druida,Halfling,4.0,9.0,13,13,7,13,6
Personagem_1653,Patrulheiro,Tiefling,9.0,12.0,18,9,8,13,11
Personagem_1654,Clérigo,Tiefling,5.0,12.0,8,11,11,19,12
Personagem_1655,Druida,Draconato,5.0,10.0,8,17,9,16,6
Personagem_1656,Ladino,Tiefling,8.0,11.0,16,12,11,10,10
Personagem_1657,Patrulheiro,Anão,9.0,9.0,14,11,9,16,10
Personagem_1658,Bardo,Humano,3.0,11.0,16,11,11,14,15
Personagem_1659,Guerreiro,Humano,8.0,15.0,14,13,7,9,8
Personagem_1660,Clérigo, elfo ,8.0,12.0,10,16,8,16,11
Personagem_1661,Patrulheiro,Draconato,2.0,10.0,15,11,11,16,8
Personagem_1662,Paladino,Tiefling,7.0,19.0,12,15,10,10,12
Personagem_1663,Ladino,Githyanki,3.0,8.0,17,13,10,13,14
Personagem_1664,Paladino,Elfo,6.0,14.0,9,14,8,5,16
Personagem_1665,Bruxo,Tiefling,4.0,4.0,12,13,11,8,18
Personagem_1666,Bruxo,Githyanki,8.0,6.0,14,10,11,13,17
Personagem_1667,Druida,Draconato,7.0,8.0,12,10,11,18,8
Personagem_1668,Bardo,Elfo,8.0,4.0,15,11,9,11,16
Personagem_1669,Clérigo,Draconato,5.0,13.0,11,11,11,11,10
Personagem_1670,Monge,Humano,9.0,9.0,16,12,7,16,10
Personagem_1671,Ladino,Elfo,8.0,4.0,19,14,14,11,13
Personagem_1672,Ladino,Elfo,4.0,11.0,20,9,10,12,9
Personagem_1673,Patrulheiro,Anão,10.0,11.0,17,16,7,17,7
Personagem_1674,Druida,Humano,4.0,11.0,7,14,11,14,5
Personagem_1675,Bruxo,Tiefling,7.0,7.0,11,9,11,8,15
Personagem_1676,Druida,Elfo,8.0,10.0,10,15,9,11,6
Personagem_1677,Guerreiro,Anão,4.0,16.0,16,12,11,8,11
Personagem_1678,Patrulheiro,Githyanki,9.0,12.0,17,14,11,12,12
Personagem_1679,Patrulheiro,Tiefling,8.0,11.0,16,12,8,14,8
Personagem_1680,Clérigo,Anão,1.0,11.0,11,14,12,16,13
Personagem_1681,Bardo,Halfling,4.0,8.0,13,10,14,11,19
Personagem_1682,Mago,Humano,9.0,11.0,10,12,15,11,12
Personagem_1683,Feiticeiro,Draconato,8.0,12.0,13,16,11,10,17
Personagem_1684,Feiticeiro,Githyanki,7.0,8.0,15,17,11,9,15
Personagem_1685,Patrulheiro,Elfo,11.0,12.0,17,10,11,15,5
Personagem_1686,Druida,Anão,10.0,5.0,11,13,7,18,8
Personagem_1687,Guerreiro,Humano,4.0,14.0,10,16,10,5,8
Personagem_1688,Clérigo,Tiefling,6.0,10.0,7,11,9,17,15
Personagem_1689,Monge,Tiefling,10.0,8.0,15,11,6,15,7
Personagem_1690,Feiticeiro,Anão,6.0,10.0,13,15,9,13,19
Personagem_1691,Clérigo,Halfling,1.0,15.0,11,12,9,17,11
Personagem_1692,Patrulheiro,Githyanki,11.0,,17,10,9,14,7
Personagem_1693,Bardo,Draconato,3.0,11.0,14,10,9,12,19
Personagem_1694,Paladino,Tiefling,10.0,15.0,11,15,10,14,15
Personagem_1695,Guerreiro,Tiefling,8.0,18.0,11,19,9,10,8
Personagem_1696,Bruxo,Humano,3.0,8.0,13,17,8,11,16
Personagem_1697,Clérigo,Draconato,6.0,11.0,10,14,7,17,8
Personagem_1698,Bardo,Tiefling,12.0,11.0,12,10,9,13,20
Personagem_1699,Monge,Humano,3.0,10.0,15,11,6,18,10
Personagem_1700,Mago,Tiefling,5.0,,17,11,18,15,11
Personagem_1701,Bruxo,Tiefling,7.0,6.0,11,13,8,9,14
Personagem_1702,Patrulheiro,Humano,10.0,9.0,17,13,7,13,11
Personagem_1703,Mago,Halfling,5.0,7.0,11,12,18,13,9
Personagem_1704,Monge,Anão,5.0,9.0,15,13,8,18,8
Personagem_1705,Bardo,Elfo,6.0,11.0,18,10,11,10,14
Personagem_1706,Feiticeiro,Tiefling,5.0,10.0,14,14,14,10,15
Personagem_1707,Mago,Tiefling,6.0,5.0,12,14,17,10,7
Personagem_1708,Patrulheiro,Elfo,8.0,10.0,15,15,9,13,9
Personagem_1709,Bruxo,Githyanki,2.0,9.0,13,12,10,8,18
Personagem_1710,Druida,Elfo,6.0,10.0,10,11,11,17,8
Personagem_1711,Ladino,Tiefling,6.0,7.0,150,15,10,12,9
Personagem_1712,Clérigo,Elfo,4.0,12.0,8,16,11,15,10
Personagem_1713,Feiticeiro,Anão,5.0,8.0,13,12,7,12,20
Personagem_1714,Mago,Humano,7.0,8.0,13,11,18,13,5
Personagem_1715,Paladino,Tiefling,9.0,17.0,11,14,10,9,14
Personagem_1716,Clérigo,,12.0,12.0,9,17,9,17,12
Personagem_1717,Druida,Tiefling,4.0,9.0,10,12,10,17,10
Personagem_1718,Monge,Humano,5.0,12.0,18,16,10,14,9
Personagem_1719,Ladino,,7.0,7.0,16,13,13,8,12
Personagem_1720,Bardo,Draconato,1.0,8.0,11,12,9,7,14
Personagem_1721,Druida,Elfo,1.0,12.0,10,14,14,18,7
Personagem_1722,Druida,Anão,2.0,9.0,16,13,11,18,10
Personagem_1723,Monge,Draconato,8.0,,17,13,9,15,8
Personagem_1724,Guerreiro,Halfling,9.0,15.0,12,18,5,12,9
Personagem_1725,Monge,Draconato,4.0,12.0,17,13,10,15,4
Personagem_1726,Guerreiro,Halfling,6.0,14.0,12,19,10,8,8
Personagem_1727,Guerreiro,Anão,6.0,17.0,14,16,9,9,8
Personagem_1728,Feiticeiro,Tiefling,3.0,6.0,14,11,8,12,17
Personagem_1729,Feiticeiro,Draconato,10.0,9.0,16,11,5,5,19
Personagem_1730,Bruxo,Draconato,8.0,6.0,12,16,9,12,16
Personagem_1731,Mago,Elfo,13.0,8.0,15,13,14,14,8
Personagem_1732,Mago,Humano,11.0,7.0,11,10,18,14,10
Personagem_1733,Patrulheiro,Elfo,10.0,9.0,13,11,8,14,8
Personagem_1734,Bardo,Halfling,1.0,9.0,15,14,12,9,14
Personagem_1735,Mago,Tiefling,6.0,11.0,16,11,20,11,12
Personagem_1736,Feiticeiro,Githyanki,3.0,7.0,14,13,9,11,15
Personagem_1737,Bruxo,Draconato,1.0,8.0,16,15,9,10,15
Personagem_1738,Bruxo,Anão,5.0,8.0,15,15,10,12,17
Personagem_1739,Guerreiro,Draconato,7.0,15.0,13,14,8,13,9
Personagem_1740,Patrulheiro,Tiefling,4.0,10.0,17,12,10,11,8
Personagem_1741,Monge,Anão,4.0,10.0,16,12,11,14,5
Personagem_1742,Bardo,Humano,8.0,10.0,13,10,10,11,13
Personagem_1743,Guerreiro,Draconato,2.0,19.0,15,16,10,10,10
Personagem_1744,Monge,Elfo,2.0,10.0,12,12,9,16,10
Personagem_1745,Mago,Elfo,11.0,10.0,12,7,16,11,9
Personagem_1746,Patrulheiro,Githyanki,8.0,7.0,14,15,8,15,12
Personagem_1747,Guerreiro,Githyanki,7.0,17.0,12,18,11,9,6
Personagem_1748,Clérigo,Anão,6.0,14.0,8,13,10,19,13
Personagem_1749,Mago,Anão,8.0,10.0,14,14,17,12,11
Personagem_1750,Monge,Anão,1.0,7.0,17,10,9,16,9
Personagem_1751,Bardo,Humano,6.0,9.0,14,12,12,10,17
Personagem_1752,Monge,Tiefling,7.0,9.0,18,12,10,17,7
Personagem_1753,Guerreiro,Anão,9.0,19.0,7,18,11,9,7
Personagem_1754,Guerreiro,Elfo,3.0,16.0,16,17,9,5,10
Personagem_1755,Druida,Anão,9.0,8.0,11,15,12,18,9
Personagem_1756,Bardo,Tiefling,5.0,8.0,13,14,9,12,16
Personagem_1757,Paladino,Tiefling,6.0,15.0,12,15,9,12,16
Personagem_1758,Mago,Halfling,8.0,10.0,15,16,16,12,10
Personagem_1759,Bruxo,Halfling,8.0,7.0,13,12,9,9,15
Personagem_1760,Bardo,Elfo,8.0,8.0,15,12,12,7,15
Personagem_1761,Bruxo,Draconato,8.0,11.0,15,11,11,12,18
Personagem_1762,Bardo,Halfling,8.0,8.0,17,11,11,9,16
Personagem_1763,Bardo,Anão,7.0,10.0,14,12,13,10,17
Personagem_1764,Monge,Humano,3.0,9.0,14,12,9,16,10
Personagem_1765,Bardo,Anão,7.0,11.0,14,10,10,9,16
Personagem_1766,Druida,Elfo,,3.0,12,15,8,12,7
Personagem_1767,Paladino,Humano,7.0,17.0,10,16,10,10,17
Personagem_1768,Guerreiro,Humano,6.0,16.0,11,14,6,11,10
Personagem_1769,Ladino,Halfling,1.0,7.0,15,13,8,8,11
Personagem_1770,Bruxo,Draconato,6.0,7.0,15,17,13,5,19
Personagem_1771,Guerreiro,Githyanki,4.0,17.0,11,15,6,12,11
Personagem_1772,Ladino,Elfo,8.0,8.0,16,11,8,15,13
Personagem_1773,Paladino,Draconato,10.0,18.0,8,15,4,10,17
Personagem_1774,Paladino,Tiefling,6.0,14.0,11,18,7,11,14
Personagem_1775,Bruxo,Draconato,6.0,12.0,15,12,11,9,15
Personagem_1776,Bruxo,Anão,6.0,9.0,16,14,8,8,17
Personagem_1777,Paladino,Anão,2.0,19.0,9,16,7,12,17
Personagem_1778,Ladino,,9.0,10.0,17,14,9,7,13
Personagem_1779,Bardo,Elfo,7.0,10.0,15,11,13,9,19
Personagem_1780,Mago,Anão,,8.0,15,11,19,11,7
Personagem_1781,Patrulheiro,Draconato,7.0,8.0,16,5,11,12,7
Personagem_1782,Clérigo,Githyanki,10.0,13.0,9,18,9,17,8
Personagem_1783,Patrulheiro,Githyanki,3.0,9.0,19,11,9,12,10
Personagem_1784,Guerreiro,Githyanki,7.0,15.0,10,15,11,10,9
Personagem_1785,Monge,Halfling,5.0,12.0,14,12,11,18,9
Personagem_1786,Guerreiro,Tiefling  ,4.0,15.0,12,17,9,12,7
Personagem_1787,Monge,Tiefling,16.0,14.0,17,10,8,17,10
Personagem_1788,Ladino,Tiefling,10.0,,15,14,12,7,11
Personagem_1789,Monge,Halfling,3.0,11.0,15,10,5,14,9
Personagem_1790,Bruxo,Githyanki,6.0,7.0,14,14,9,9,17
Personagem_1791,Mago,Halfling,5.0,5.0,10,11,12,9,11
Personagem_1792,Mago,Halfling,7.0,11.0,13,10,17,11,10
Personagem_1793,Bruxo,Draconato,7.0,10.0,14,15,10,9,13
Personagem_1794,Druida,Halfling,8.0,10.0,12,12,7,16,11
Personagem_1795,Patrulheiro,Humano,4.0,6.0,14,10,10,19,10
Personagem_1796,Ladino,Anão,1.0,5.0,17,14,13,8,13
Personagem_1797,Patrulheiro,Halfling,7.0,13.0,15,14,11,12,11
Personagem_1798,Druida,Anão,2.0,15.0,16,10,12,18,4
Personagem_1799,Druida,Humano,9.0,12.0,9,14,9,15,9
Personagem_1800,Guerreiro,Draconato,8.0,17.0,16,17,9,10,7
Personagem_1801,Paladino,Tiefling,5.0,15.0,8,19,6,11,17
Personagem_1802,Guerreiro,   anão,8.0,17.0,15,17,10,11,8
Personagem_1803,Paladino,Anão,7.0,11.0,10,14,11,11,16
Personagem_1804,Clérigo,Elfo,5.0,15.0,11,13,13,20,14
Personagem_1805,Monge,Draconato,1.0,11.0,14,11,6,16,12
Personagem_1806,Paladino,Tiefling,,14.0,10,18,9,11,14
Personagem_1807,Patrulheiro,Githyanki,6.0,7.0,18,10,9,14,9
Personagem_1808,Bruxo,Halfling,2.0,9.0,14,15,12,9,18
Personagem_1809,Guerreiro,Tiefling,13.0,18.0,13,17,8,12,9
Personagem_1810,Ladino,Draconato,1.0,10.0,16,12,11,12,15
Personagem_1811,Monge,Githyanki,8.0,13.0,15,16,7,13,10
Personagem_1812,Clérigo,Tiefling,6.0,9.0,8,15,9,16,11
Personagem_1813,Paladino,Halfling,3.0,12.0,8,16,8,11,15
Personagem_1814,Clérigo,Anão,2.0,12.0,7,10,11,17,13
Personagem_1815,Ladino,Humano,7.0,12.0,15,12,12,11,13
Personagem_1816,Druida,draconato,10.0,9.0,12,13,11,14,9
Personagem_1817,Mago,Anão,4.0,8.0,13,12,17,14,10
Personagem_1818,Ladino,Githyanki,8.0,8.0,19,12,9,12,9
Personagem_1819,Feiticeiro,Githyanki,8.0,5.0,14,11,9,8,17
Personagem_1820,Ladino,Draconato,7.0,10.0,13,9,10,8,14
Personagem_1821,Clérigo,Anão,4.0,15.0,11,16,13,17,8
Personagem_1822,Bruxo,Draconato,8.0,8.0,13,14,12,10,11
Personagem_1823,Guerreiro,Elfo,8.0,16.0,13,16,8,10,10
Personagem_1824,Bruxo,Halfling,4.0,11.0,11,19,10,11,18
Personagem_1825,Clérigo,Draconato,6.0,12.0,12,14,8,15,18
Personagem_1826,Guerreiro,Anão,3.0,10.0,12,15,8,12,7
Personagem_1827,Feiticeiro,Humano,5.0,6.0,10,9,9,12,17
Personagem_1828,Mago,Humano,9.0,12.0,14,10,16,13,8
Personagem_1829,Monge,Anão,4.0,9.0,19,10,4,13,5
Personagem_1830,Patrulheiro,Humano,7.0,11.0,15,15,7,15,13
Personagem_1831,Clérigo,Elfo,8.0,12.0,6,10,8,16,9
Personagem_1832,Paladino,Tiefling,3.0,17.0,11,16,6,10,15
Personagem_1833,Clérigo, elfo ,1.0,13.0,8,15,7,15,15
Personagem_1834,Clérigo,Halfling,3.0,10.0,12,15,9,16,14
Personagem_1835,Guerreiro,Tiefling,7.0,20.0,16,17,10,10,11
Personagem_1836,Bardo,Draconato,7.0,10.0,12,12,15,11,18
Personagem_1837,Ladino,Anão,4.0,10.0,18,12,12,8,16
Personagem_1838,Bardo,Anão,6.0,7.0,14,16,7,8,16
Personagem_1839,Feiticeiro,Githyanki,9.0,7.0,15,16,11,9,20
Personagem_1840,Paladino,Draconato,6.0,19.0,7,11,8,10,13
Personagem_1841,Mago,Githyanki,7.0,6.0,14,12,16,14,8
Personagem_1842,Druida,Elfo,8.0,9.0,11,14,10,14,7
Personagem_1843,Feiticeiro,Halfling,3.0,5.0,12,15,10,11,13
Personagem_1844,Druida,Githyanki,7.0,7.0,12,13,8,17,13
Personagem_1845,Druida,Tiefling,8.0,9.0,15,12,9,17,11
Personagem_1846,Mago,Humano,4.0,9.0,13,10,16,11,7
Personagem_1847,Bruxo,Draconato,9.0,7.0,11,12,12,7,19
Personagem_1848,Bardo,Githyanki,10.0,4.0,12,9,8,9,18
Personagem_1849,Clérigo,Draconato,6.0,14.0,13,13,10,19,11
Personagem_1850,Monge,draconato,4.0,7.0,18,11,11,15,11
Personagem_1851,Druida,Tiefling,11.0,12.0,9,13,11,16,9
Personagem_1852,Paladino,Draconato,8.0,15.0,8,14,8,10,15
Personagem_1853,Feiticeiro,Humano,7.0,9.0,15,13,9,9,17
Personagem_1854,Bruxo,Halfling,9.0,8.0,11,12,12,12,19
Personagem_1855,Druida,Githyanki,4.0,9.0,8,15,11,20,6
Personagem_1856,Bruxo,Githyanki,5.0,9.0,15,14,15,8,12
Personagem_1857,Bruxo,Tiefling,3.0,8.0,9,14,5,9,18
Personagem_1858,Druida,Humano,3.0,8.0,10,16,10,15,10
Personagem_1859,Guerreiro,Humano,1.0,14.0,19,15,11,12,7
Personagem_1860,Ladino,Githyanki,1.0,9.0,15,11,11,13,16
Personagem_1861,Paladino,Humano,6.0,13.0,7,17,8,12,13
Personagem_1862,Clérigo,Draconato,2.0,9.0,9,12,6,16,12
Personagem_1863,Clérigo,Githyanki,1.0,13.0,5,14,8,17,9
Personagem_1864,Paladino,Draconato,8.0,14.0,11,18,10,10,17
Personagem_1865,Guerreiro,Githyanki,6.0,14.0,11,15,11,10,8
Personagem_1866,Clérigo,Anão,8.0,11.0,8,14,9,13,12
Personagem_1867,Bruxo,Tiefling,8.0,11.0,13,13,8,9,17
Personagem_1868,Mago,Anão,1.0,6.0,11,14,16,10,13
Personagem_1869,Feiticeiro,Draconato,3.0,5.0,14,14,8,11,17
Personagem_1870,Bardo,Tiefling,6.0,7.0,11,14,12,9,12
Personagem_1871,Clérigo,Tiefling,7.0,14.0,8,10,6,17,13
Personagem_1872,Paladino,Elfo,9.0,17.0,9,15,9,9,16
Personagem_1873,Mago,Anão,10.0,11.0,13,13,15,8,8
Personagem_1874,Druida,Elfo,4.0,9.0,15,14,11,18,9
Personagem_1875,Ladino,Anão,7.0,9.0,17,16,11,10,11
Personagem_1876,Paladino,Tiefling,9.0,12.0,10,15,13,11,14
Personagem_1877,Bruxo,Halfling,6.0,7.0,15,11,11,10,15
Personagem_1878,Ladino,Anão,6.0,8.0,16,12,11,4,13
Personagem_1879,Feiticeiro,Elfo,5.0,9.0,16,10,9,10,18
Personagem_1880,Feiticeiro,Tiefling  ,6.0,10.0,13,15,8,10,18
Personagem_1881,Guerreiro,Draconato,3.0,16.0,13,14,11,5,8
Personagem_1882,Monge,Githyanki,4.0,9.0,16,16,7,16,6
Personagem_1883,Guerreiro,Anão,5.0,18.0,20,16,10,8,10
Personagem_1884,Mago,Tiefling,5.0,5.0,11,13,19,11,7
Personagem_1885,Ladino,Halfling,6.0,7.0,16,14,11,11,14
Personagem_1886,Monge,Halfling,5.0,10.0,17,15,6,14,10
Personagem_1887,Druida,Anão,9.0,9.0,10,10,12,15,7
Personagem_1888,Bruxo,Anão,3.0,12.0,12,12,12,9,16
Personagem_1889,Ladino,Draconato,7.0,9.0,15,11,12,10,12
Personagem_1890,Guerreiro,Draconato,9.0,16.0,12,15,7,10,14
Personagem_1891,Bardo,Draconato,4.0,11.0,12,12,12,8,14
Personagem_1892,Patrulheiro,Humano,9.0,10.0,17,14,9,17,6
Personagem_1893,Monge,Githyanki,7.0,13.0,19,12,7,19,12
Personagem_1894,Monge,Halfling,7.0,10.0,17,14,6,19,5
Personagem_1895,Bruxo,Draconato,8.0,9.0,12,13,9,8,14
Personagem_1896,Clérigo,Draconato,9.0,9.0,10,11,10,17,10
Personagem_1897,Feiticeiro,Githyanki,8.0,8.0,13,14,8,10,16
Personagem_1898,Feiticeiro,Humano,13.0,6.0,14,12,14,13,16
Personagem_1899,Bardo,Draconato,,7.0,14,13,12,9,19
Personagem_1900,Mago,Githyanki,1.0,7.0,13,10,19,11,9
Personagem_1901,Mago,Humano,7.0,8.0,14,13,17,13,7
Personagem_1902,Druida,Elfo,8.0,12.0,11,15,8,15,7
Personagem_1903,Ladino,draconato,10.0,7.0,17,13,11,11,10
Personagem_1904,Patrulheiro,Tiefling,11.0,10.0,12,12,12,14,6
Personagem_1905,Paladino,Githyanki,5.0,16.0,10,14,4,14,17
Personagem_1906,Clérigo,,5.0,9.0,9,12,8,17,10
Personagem_1907,Guerreiro,Githyanki,3.0,19.0,13,18,9,9,9
Personagem_1908,Paladino,Anão,1.0,17.0,14,13,10,11,18
Personagem_1909,Paladino,Anão,4.0,13.0,9,17,8,14,17
Personagem_1910,Monge,Elfo,5.0,14.0,13,13,8,15,6
Personagem_1911,Bardo,Tiefling,9.0,7.0,13,13,8,8,18
Personagem_1912,Feiticeiro,Tiefling,10.0,8.0,10,13,11,11,14
Personagem_1913,Druida,Humano,12.0,7.0,12,19,11,17,10
Personagem_1914,Mago,Draconato,6.0,8.0,15,13,12,11,9
Personagem_1915,Patrulheiro,Githyanki,7.0,13.0,14,11,11,14,9
Personagem_1916,Bardo,Anão,8.0,10.0,16,10,11,10,18
Personagem_1917,Monge,Anão,9.0,11.0,14,12,9,19,8
Personagem_1918,Guerreiro,Humano,8.0,16.0,17,15,9,10,10
Personagem_1919,Druida,Elfo,3.0,8.0,11,14,9,17,9
Personagem_1920,Monge,Halfling,6.0,14.0,16,10,8,11,9
Personagem_1921,Patrulheiro,Draconato,11.0,13.0,17,10,8,17,7
Personagem_1922,Feiticeiro,Tiefling,9.0,7.0,16,11,10,10,15
Personagem_1923,Feiticeiro,Githyanki,1.0,10.0,10,14,7,8,18
Personagem_1924,Feiticeiro,Elfo,6.0,4.0,17,13,7,9,17
Personagem_1925,Bardo,Draconato,5.0,7.0,14,14,14,5,19
Personagem_1926,Bardo,Humano,7.0,5.0,14,11,11,8,15
Personagem_1927,Mago,Githyanki,8.0,8.0,13,12,15,11,12
Personagem_1928,Mago,Tiefling,5.0,11.0,13,11,18,10,10
Personagem_1929,Guerreiro,Humano,4.0,20.0,14,14,9,14,7
Personagem_1930,Patrulheiro,Draconato,8.0,9.0,11,9,6,15,8
Personagem_1931,Druida,Halfling,8.0,10.0,14,19,9,12,9
Personagem_1932,Bruxo,Elfo,9.0,4.0,12,15,7,5,17
Personagem_1933,Bruxo,Elfo,3.0,10.0,11,14,11,7,17
Personagem_1934,Monge,Anão,7.0,13.0,18,13,6,13,4
Personagem_1935,Feiticeiro,Humano,5.0,4.0,16,15,10,9,18
Personagem_1936,Druida,Tiefling,5.0,10.0,14,11,11,18,8
Personagem_1937,Paladino,Elfo,3.0,15.0,7,13,9,11,17
Personagem_1938,Bardo,Githyanki,8.0,8.0,14,8,12,9,11
Personagem_1939,Ladino,Elfo,1.0,7.0,18,15,10,8,11
Personagem_1940,Clérigo,Draconato,4.0,9.0,9,14,11,16,12
Personagem_1941,Guerreiro,Humano,6.0,17.0,15,16,9,8,10
Personagem_1942,Feiticeiro,Halfling,9.0,4.0,13,10,13,9,14
Personagem_1943,Feiticeiro,HUMANO,4.0,3.0,16,15,9,11,12
Personagem_1944,Patrulheiro,Githyanki,7.0,13.0,16,14,12,18,7
Personagem_1945,Feiticeiro,Halfling,1.0,10.0,13,16,8,10,17
Personagem_1946,Bardo,Elfo,4.0,10.0,14,8,10,7,17
Personagem_1947,Bardo,Halfling,4.0,10.0,15,11,11,11,18
Personagem_1948,Clérigo,Humano,9.0,13.0,9,14,8,17,6
Personagem_1949,Paladino,Anão,5.0,17.0,11,14,14,13,15
Personagem_1950,Druida,Elfo,9.0,9.0,14,15,11,14,8
Personagem_1951,Feiticeiro,Draconato,5.0,9.0,17,12,10,12,17
Personagem_1952,Bruxo,Elfo,1.0,10.0,9,11,9,12,17
Personagem_1953,Mago,Halfling,7.0,9.0,12,16,18,12,7
Personagem_1954,Patrulheiro,Humano,7.0,9.0,13,15,10,17,8
Personagem_1955,Patrulheiro,Githyanki,6.0,10.0,19,15,7,13,10
Personagem_1956,Bruxo,Draconato,8.0,10.0,11,13,10,9,16
Personagem_1957,Monge,Draconato,13.0,9.0,14,12,12,12,10
Personagem_1958,Bruxo,Halfling,5.0,8.0,12,11,9,10,13
Personagem_1959,Monge,Humano,14.0,8.0,16,9,5,16,9
Personagem_1960,Ladino,Humano,10.0,6.0,15,14,12,8,9
Personagem_1961,Mago,Draconato,5.0,10.0,15,13,13,12,11
Personagem_1962,Patrulheiro,Tiefling,1.0,8.0,13,17,4,12,13
Personagem_1963,Bruxo,Draconato,8.0,9.0,6,15,7,8,12
Personagem_1964,Ladino,Tiefling,11.0,6.0,14,14,14,13,14
Personagem_1965,Guerreiro,Githyanki,4.0,12.0,13,17,11,8,7
Personagem_1966,Druida,Draconato,6.0,9.0,11,12,8,16,10
Personagem_1967,Ladino,Elfo,4.0,11.0,17,15,12,8,16
Personagem_1968,Druida,Humano,5.0,11.0,11,11,10,19,9
Personagem_1969,Bruxo,Humano,11.0,9.0,13,13,7,11,18
Personagem_1970,Paladino,Elfo,8.0,17.0,13,13,8,12,17
Personagem_1971,Ladino,Tiefling,1.0,6.0,19,11,11,9,14
Personagem_1972,Mago,Halfling,5.0,4.0,13,10,16,12,12
Personagem_1973,Bruxo,Githyanki,8.0,8.0,11,15,11,9,14
Personagem_1974,Feiticeiro,Humano,2.0,4.0,12,16,8,9,17
Personagem_1975,Bardo,Githyanki,7.0,10.0,16,12,11,8,17
Personagem_1976,Ladino,Halfling,7.0,8.0,18,7,14,10,14
Personagem_1977,Mago,draconato,10.0,10.0,13,11,16,12,11
Personagem_1978,Guerreiro,Tiefling,9.0,15.0,13,15,9,10,9
Personagem_1979,Feiticeiro,Tiefling,9.0,5.0,11,13,12,9,16
Personagem_1980,Guerreiro,Tiefling,4.0,14.0,12,15,8,11,11
Personagem_1981,Bruxo,Tiefling,10.0,9.0,13,11,12,10,15
Personagem_1982,Bardo,Anão,12.0,8.0,12,10,11,5,17
Personagem_1983,Ladino,Draconato,2.0,9.0,17,13,10,7,12
Personagem_1984,Ladino,Draconato,6.0,10.0,14,16,14,9,11
Personagem_1985,Paladino,Humano,6.0,17.0,5,15,9,16,15
Personagem_1986,Patrulheiro,Anão,7.0,12.0,18,13,10,15,9
Personagem_1987,Paladino,Humano,5.0,14.0,11,14,11,10,13
Personagem_1988,Bruxo,Anão,5.0,12.0,14,12,10,7,14
Personagem_1989,Bruxo,Humano,7.0,11.0,12,18,8,9,15
Personagem_1990,Bardo,Tiefling,9.0,8.0,17,13,12,10,16
Personagem_1991,Paladino,Anão,8.0,16.0,10,12,11,10,17
Personagem_1992,Mago,Draconato,2.0,7.0,12,14,14,10,12
Personagem_1993,Mago,Elfo,2.0,8.0,12,14,18,15,10
Personagem_1994,Bardo,Tiefling,8.0,11.0,17,12,13,10,16
Personagem_1995,Patrulheiro,Tiefling,4.0,7.0,12,12,12,11,12
Personagem_1996,Mago,Tiefling,9.0,9.0,11,15,18,10,10
Personagem_1997,Monge, elfo ,6.0,9.0,16,12,7,15,13
Personagem_1998,Druida,Tiefling,5.0,7.0,12,15,12,14,9
Personagem_1999,Bardo,Elfo,10.0,11.0,14,10,9,10,17
Personagem_2000,Bardo,Halfling,3.0,6.0,15,13,12,8,15
Personagem_2001,Clérigo,Tiefling,8.0,10.0,7,13,12,17,12
Personagem_2002,Feiticeiro,Tiefling,7.0,4.0,12,13,7,7,14
Personagem_2003,Feiticeiro,Githyanki,3.0,8.0,17,16,8,13,18
Personagem_2004,Monge,Tiefling,3.0,13.0,15,11,7,19,5
Personagem_2005,Paladino,HUMANO,4.0,16.0,6,17,6,10,16
Personagem_2006,Bruxo,Humano,9.0,8.0,12,11,7,9,17
Personagem_2007,Bruxo,Elfo,4.0,12.0,11,13,8,7,17
Personagem_2008,Guerreiro,Anão,2.0,15.0,14,17,9,9,9
Personagem_2009,Monge,Anão,25.0,11.0,16,12,9,18,8
Personagem_2010,Bardo,Githyanki,6.0,11.0,14,8,11,11,16
Personagem_2011,Monge,Draconato,7.0,9.0,15,14,10,16,6
Personagem_2012,Monge,Humano,8.0,8.0,15,13,7,14,8
Personagem_2013,Monge,Githyanki,7.0,11.0,15,15,5,16,9
Personagem_2014,Feiticeiro,Draconato,5.0,7.0,9,13,9,10,15
Personagem_2015,Monge,Draconato,12.0,13.0,13,13,10,17,13
Personagem_2016,Patrulheiro,Anão,5.0,14.0,14,13,9,15,9
Personagem_2017,Druida,Anão,7.0,,11,12,10,15,10
Personagem_2018,Bruxo,Anão,4.0,10.0,16,13,12,10,17
Personagem_2019,Guerreiro,Halfling,3.0,14.0,12,14,10,15,12
Personagem_2020,Druida,Anão,4.0,10.0,6,14,11,16,9
Personagem_2021,Guerreiro,Anão,6.0,16.0,12,17,10,11,11
Personagem_2022,Clérigo,Elfo,8.0,11.0,12,13,8,17,11
Personagem_2023,Guerreiro,Halfling,9.0,18.0,12,15,6,10,10
Personagem_2024,Bruxo,Tiefling,5.0,11.0,15,11,11,11,20
Personagem_2025,Bruxo,Draconato,9.0,8.0,12,14,11,8,16
Personagem_2026,Monge,Draconato,8.0,9.0,15,11,12,12,10
Personagem_2027,Ladino,Elfo,1.0,9.0,17,14,10,6,12
Personagem_2028,Clérigo,Anão,8.0,10.0,11,15,12,16,12
Personagem_2029,Patrulheiro,Draconato,7.0,12.0,17,9,9,14,8
Personagem_2030,Bardo,Draconato,4.0,9.0,15,11,11,10,18
Personagem_2031,Mago,Draconato,6.0,8.0,14,14,16,10,10
Personagem_2032,Guerreiro,Draconato,1.0,19.0,13,15,6,7,10
Personagem_2033,Ladino,,7.0,10.0,18,13,15,11,14
Personagem_2034,Monge,Elfo,6.0,9.0,15,13,12,12,8
Personagem_2035,Feiticeiro,,6.0,3.0,12,11,7,10,15
Personagem_2036,Bardo,Halfling,5.0,11.0,17,13,12,12,18
Personagem_2037,Paladino,Humano,5.0,17.0,10,14,10,9,18
Personagem_2038,Ladino,Anão,4.0,9.0,16,10,12,13,14
Personagem_2039,Feiticeiro,Draconato,6.0,9.0,150,12,11,11,14
Personagem_2040,Clérigo,Draconato,9.0,12.0,9,12,8,17,13
Personagem_2041,Monge,Elfo,4.0,12.0,16,14,6,18,8
Personagem_2042,Bardo,Humano,3.0,7.0,15,13,15,11,14
Personagem_2043,Bardo,Humano,5.0,11.0,14,11,11,12,16
Personagem_2044,Bardo,Humano,4.0,6.0,15,14,11,10,17
Personagem_2045,Clérigo,Humano,9.0,14.0,13,14,6,18,8
Personagem_2046,Guerreiro,Githyanki,7.0,15.0,14,16,8,11,7
Personagem_2047,Paladino,Draconato,10.0,19.0,9,12,8,11,14
Personagem_2048,Patrulheiro,Githyanki,13.0,12.0,17,12,12,14,9
Personagem_2049,Clérigo,Githyanki,2.0,13.0,8,14,12,20,13
Personagem_2050,Mago,Draconato,7.0,8.0,15,12,19,10,11
Personagem_2051,Paladino,Githyanki,9.0,16.0,8,13,6,11,17
Personagem_2052,Bruxo,Halfling,10.0,6.0,13,14,11,11,17
Personagem_2053,Monge,Elfo,1.0,14.0,19,15,9,16,9
Personagem_2054,Clérigo,Draconato,3.0,10.0,11,10,9,16,12
Personagem_2055,Feiticeiro,Elfo,10.0,11.0,15,13,7,11,19
Personagem_2056,Paladino,Githyanki,4.0,15.0,8,15,7,11,16
Personagem_2057,Mago,Draconato,6.0,10.0,12,14,17,12,8
Personagem_2058,Bruxo,Tiefling,4.0,12.0,12,14,10,11,19
Personagem_2059,Guerreiro,Humano,6.0,13.0,13,13,9,8,9
Personagem_2060,Feiticeiro,Tiefling,9.0,9.0,14,15,9,9,18
Personagem_2061,Paladino,Humano,7.0,17.0,9,11,12,10,15
Personagem_2062,Monge,Humano,6.0,9.0,14,7,8,20,11
Personagem_2063,Feiticeiro,,8.0,6.0,14,8,11,10,16
Personagem_2064,Bruxo,Draconato,6.0,7.0,15,12,11,11,15
Personagem_2065,Feiticeiro,Githyanki,2.0,9.0,12,10,6,10,15
Personagem_2066,Druida,Halfling,6.0,10.0,11,10,12,14,9
Personagem_2067,Patrulheiro,Humano,7.0,12.0,15,11,9,16,4
Personagem_2068,Ladino,Githyanki,7.0,3.0,18,11,13,12,9
Personagem_2069,Guerreiro,Tiefling,5.0,16.0,13,16,6,10,9
Personagem_2070,Bruxo,Tiefling,6.0,6.0,12,11,12,10,18
Personagem_2071,Patrulheiro,Githyanki,4.0,14.0,14,13,11,13,9
Personagem_2072,Patrulheiro,Draconato,9.0,12.0,19,10,11,16,7
Personagem_2073,Feiticeiro,Halfling,3.0,7.0,12,11,10,9,15
Personagem_2074,Ladino,Halfling,6.0,10.0,17,11,14,6,12
Personagem_2075,Patrulheiro,Githyanki,10.0,12.0,14,10,7,12,5
Personagem_2076,Ladino,Humano,2.0,7.0,15,14,13,11,14
Personagem_2077,Feiticeiro, elfo ,11.0,6.0,14,12,6,11,17
Personagem_2078,Monge,Anão,7.0,8.0,17,14,6,15,10
Personagem_2079,Druida,Tiefling,6.0,7.0,12,11,10,20,8
Personagem_2080,Patrulheiro,Draconato,3.0,11.0,16,13,9,16,10
Personagem_2081,Clérigo,Githyanki,7.0,14.0,9,11,12,19,11
Personagem_2082,Druida,Anão,7.0,10.0,10,10,13,15,9
Personagem_2083,Feiticeiro,Halfling,6.0,6.0,14,13,13,8,14
Personagem_2084,Guerreiro,Humano,9.0,17.0,9,16,10,9,6
Personagem_2085,Clérigo,Githyanki,4.0,16.0,10,14,9,20,12
Personagem_2086,Bruxo,Githyanki,5.0,9.0,12,13,10,9,18
Personagem_2087,Druida,Humano,4.0,9.0,13,13,12,16,6
Personagem_2088,Feiticeiro,   anão,4.0,5.0,17,11,8,11,14
Personagem_2089,Druida,Halfling,8.0,9.0,10,13,14,15,5
Personagem_2090,Patrulheiro,Elfo,8.0,11.0,17,12,8,16,6
Personagem_2091,Clérigo,Githyanki,10.0,15.0,8,14,9,16,12
Personagem_2092,Mago,Humano,4.0,7.0,13,16,13,8,11
Personagem_2093,Paladino,Halfling,6.0,19.0,11,11,7,12,17
Personagem_2094,Druida,Halfling,5.0,12.0,13,12,13,19,8
Personagem_2095,Bruxo,Elfo,6.0,10.0,14,14,11,3,16
Personagem_2096,Bruxo,Halfling,6.0,8.0,12,16,11,11,16
Personagem_2097,Bardo,Humano,7.0,11.0,150,15,11,6,14
Personagem_2098,Druida,Halfling,4.0,10.0,10,14,11,14,9
Personagem_2099,Paladino,Humano,4.0,15.0,10,15,10,12,18
Personagem_2100,Monge,Humano,2.0,10.0,12,13,10,14,7
Personagem_2101,Patrulheiro,Halfling,3.0,11.0,15,14,8,14,12
Personagem_2102,Ladino,Halfling,5.0,10.0,16,12,13,7,8
Personagem_2103,Paladino,,7.0,16.0,9,14,8,9,15
Personagem_2104,Ladino,Tiefling,3.0,8.0,18,7,12,9,15
Personagem_2105,Ladino,Humano,4.0,5.0,17,13,12,10,13
Personagem_2106,Mago,Anão,1.0,5.0,13,14,16,12,11
Personagem_2107,Bardo,Tiefling,5.0,6.0,14,13,11,9,17
Personagem_2108,Paladino,Draconato,7.0,13.0,9,15,8,10,15
Personagem_2109,Paladino,,1.0,16.0,6,12,6,8,14
Personagem_2110,Mago,Githyanki,5.0,6.0,17,12,15,15,11
Personagem_2111,Druida,Elfo,10.0,11.0,16,12,14,15,7
Personagem_2112,Druida,Anão,14.0,10.0,12,11,9,16,5
Personagem_2113,Druida,Tiefling,6.0,7.0,11,10,12,19,8
Personagem_2114,Guerreiro,Humano,6.0,19.0,11,15,10,10,11
Personagem_2115,Ladino,Humano,2.0,5.0,18,12,9,11,11
Personagem_2116,Guerreiro,Githyanki,4.0,14.0,11,15,6,7,5
Personagem_2117,Bardo,Githyanki,4.0,9.0,150,10,12,15,13
Personagem_2118,Mago,Tiefling,5.0,6.0,10,14,16,13,13
Personagem_2119,Paladino,Halfling,2.0,18.0,11,15,9,6,15
Personagem_2120,Patrulheiro,Anão,3.0,9.0,17,12,8,13,10
Personagem_2121,Ladino,Tiefling,4.0,10.0,17,13,14,10,16
Personagem_2122,Guerreiro,Tiefling,9.0,15.0,12,17,9,7,10
Personagem_2123,Guerreiro,Anão,10.0,17.0,14,14,9,11,11
Personagem_2124,Feiticeiro,Tiefling,5.0,9.0,14,14,11,8,20
Personagem_2125,Guerreiro,Draconato,5.0,20.0,14,15,11,10,13
Personagem_2126,Monge,Elfo,6.0,9.0,15,12,11,16,7
Personagem_2127,Paladino,Githyanki,3.0,16.0,9,15,6,8,16
Personagem_2128,Monge,Githyanki,4.0,11.0,16,16,6,16,6
Personagem_2129,Paladino,Githyanki,10.0,15.0,7,12,8,10,17
Personagem_2130,Mago,Halfling,10.0,12.0,16,12,17,11,7
Personagem_2131,Paladino,Humano,1.0,16.0,7,10,8,11,19
Personagem_2132,Monge,Tiefling,25.0,15.0,14,12,6,17,7
Personagem_2133,Paladino,Humano,7.0,16.0,9,13,10,7,17
Personagem_2134,Mago,Githyanki,9.0,3.0,8,13,16,10,7
Personagem_2135,Mago,Elfo,8.0,7.0,13,14,14,11,11
Personagem_2136,Bardo,Githyanki,3.0,11.0,16,12,10,9,14
Personagem_2137,Paladino,Anão,1.0,15.0,10,15,5,11,13
Personagem_2138,Patrulheiro,Anão,4.0,12.0,18,13,13,15,10
Personagem_2139,Feiticeiro,Anão,9.0,11.0,13,14,10,11,17
Personagem_2140,Druida,Draconato,4.0,10.0,12,10,10,14,6
Personagem_2141,Bruxo,Halfling,8.0,8.0,10,18,12,8,16
Personagem_2142,Mago,Githyanki,7.0,9.0,11,14,15,12,9
Personagem_2143,Clérigo,Draconato,7.0,14.0,6,15,10,18,12
Personagem_2144,Druida,Githyanki,7.0,8.0,14,16,8,20,9
Personagem_2145,Ladino,Tiefling,6.0,11.0,19,14,10,10,10
Personagem_2146,Paladino,Githyanki,6.0,18.0,11,13,6,11,16
Personagem_2147,Monge,Tiefling,7.0,12.0,19,11,8,16,7
Personagem_2148,Bruxo,Anão,5.0,10.0,14,12,13,9,15
Personagem_2149,Clérigo,Humano,6.0,15.0,9,15,8,18,11
Personagem_2150,Druida,Humano,11.0,12.0,13,13,10,17,7
Personagem_2151,Paladino,Draconato,5.0,18.0,10,15,13,13,19
Personagem_2152,Bardo,Draconato,3.0,9.0,15,13,9,7,18
Personagem_2153,Ladino,Halfling,3.0,12.0,15,9,12,13,14
Personagem_2154,Bruxo,Elfo,8.0,14.0,15,13,7,14,16
Personagem_2155,Feiticeiro,Halfling,1.0,,14,14,7,11,14
Personagem_2156,Bardo,Anão,2.0,6.0,16,10,13,6,16
Personagem_2157,Clérigo,Elfo,4.0,13.0,10,12,10,19,11
Personagem_2158,Bruxo,Humano,2.0,10.0,15,15,9,10,17
Personagem_2159,Bardo,Humano,5.0,8.0,14,11,14,10,18
Personagem_2160,Ladino,Halfling,11.0,9.0,16,13,10,8,10
Personagem_2161,Feiticeiro,Tiefling,2.0,8.0,12,12,9,14,18
Personagem_2162,Bardo,Anão,3.0,7.0,18,11,9,12,17
Personagem_2163,Guerreiro,Anão,5.0,14.0,11,14,10,7,10
Personagem_2164,Feiticeiro,Draconato,4.0,8.0,14,13,7,11,13
Personagem_2165,Clérigo,Draconato,10.0,13.0,11,11,11,13,8
Personagem_2166,Ladino,Tiefling,3.0,8.0,13,12,13,9,12
Personagem_2167,Patrulheiro,Tiefling,8.0,11.0,15,13,5,17,5
Personagem_2168,Paladino,Draconato,3.0,16.0,9,13,11,6,17
Personagem_2169,Monge,Halfling,8.0,9.0,19,13,7,16,7
Personagem_2170,Monge,Tiefling,6.0,13.0,20,15,7,15,11
Personagem_2171,Monge,Elfo,5.0,11.0,16,16,10,17,9
Personagem_2172,Bruxo,Elfo,4.0,6.0,13,12,11,12,20
Personagem_2173,Clérigo,Githyanki,6.0,11.0,9,12,14,17,13
Personagem_2174,Ladino,Humano,6.0,11.0,18,12,12,10,12
Personagem_2175,Feiticeiro,Tiefling,11.0,7.0,16,11,9,11,17
Personagem_2176,Bruxo,Halfling,6.0,7.0,12,11,9,10,17
Personagem_2177,Clérigo,Humano,4.0,14.0,11,12,9,18,13
Personagem_2178,Paladino,Tiefling,3.0,16.0,12,16,9,11,20
Personagem_2179,Guerreiro,Tiefling,4.0,17.0,11,15,10,10,14
Personagem_2180,Ladino,draconato,2.0,10.0,17,13,10,12,14
Personagem_2181,Monge,Humano,7.0,11.0,16,11,7,16,6
Personagem_2182,Bardo,Tiefling,9.0,9.0,14,11,9,9,16
Personagem_2183,Patrulheiro,Humano,,11.0,15,14,9,15,11
Personagem_2184,Ladino,Tiefling,1.0,11.0,15,18,13,9,12
Personagem_2185,Mago,Elfo,4.0,6.0,12,12,20,12,12
Personagem_2186,Clérigo,Anão,7.0,15.0,10,16,12,16,9
Personagem_2187,Druida,Elfo,7.0,8.0,14,16,13,17,7
Personagem_2188,Paladino,Elfo,7.0,14.0,11,15,10,12,16
Personagem_2189,Guerreiro,Humano,8.0,17.0,11,18,9,10,9
Personagem_2190,Paladino,Elfo,4.0,17.0,7,14,10,9,14
Personagem_2191,Ladino,Tiefling,11.0,7.0,16,12,10,6,12
Personagem_2192,Druida,Elfo,2.0,8.0,9,16,11,13,6
Personagem_2193,Mago,Anão,5.0,8.0,10,11,13,13,7
Personagem_2194,Feiticeiro,Humano,10.0,9.0,13,11,7,8,15
Personagem_2195,Bardo,Githyanki,5.0,5.0,13,10,10,9,17
Personagem_2196,Druida,Githyanki,6.0,11.0,10,15,8,17,7
Personagem_2197,Clérigo,Githyanki,11.0,14.0,11,11,11,18,10
Personagem_2198,Monge,HUMANO,8.0,9.0,16,13,8,15,10
Personagem_2199,Mago,Tiefling,4.0,9.0,11,13,17,8,9
Personagem_2200,Bardo,Tiefling,7.0,7.0,15,12,14,8,15
Personagem_2201,Patrulheiro,Halfling,4.0,11.0,17,11,7,14,11
Personagem_2202,Guerreiro,Draconato,9.0,14.0,13,13,7,10,9
Personagem_2203,Monge,Githyanki,4.0,9.0,15,10,9,15,9
Personagem_2204,Ladino,Githyanki,10.0,10.0,18,11,12,12,12
Personagem_2205,Druida,Elfo,6.0,10.0,12,11,9,17,10
Personagem_2206,Bardo,Githyanki,5.0,8.0,16,9,12,11,16
Personagem_2207,Bruxo,Tiefling,4.0,9.0,10,17,13,8,20
Personagem_2208,Feiticeiro,HUMANO,6.0,7.0,10,13,8,7,18
Personagem_2209,Patrulheiro,Elfo,10.0,10.0,19,13,9,14,8
Personagem_2210,Feiticeiro,Halfling,7.0,8.0,12,9,9,10,16
Personagem_2211,Mago,Humano,4.0,8.0,17,10,17,13,8
Personagem_2212,Guerreiro,Humano,10.0,17.0,12,16,7,12,11
Personagem_2213,Mago,Anão,1.0,8.0,13,8,16,12,9
Personagem_2214,Bruxo,Githyanki,7.0,8.0,14,13,10,10,17
Personagem_2215,Clérigo,Githyanki,9.0,15.0,9,14,7,16,14
Personagem_2216,Guerreiro,Humano,11.0,17.0,12,18,10,13,5
Personagem_2217,Paladino,Humano,8.0,16.0,3,17,6,9,15
Personagem_2218,Clérigo,Halfling,7.0,13.0,5,13,10,16,9
Personagem_2219,Guerreiro,Tiefling,8.0,17.0,15,13,11,8,14
Personagem_2220,Guerreiro,Halfling,3.0,11.0,14,15,9,11,12
Personagem_2221,Bruxo,Anão,6.0,7.0,11,14,9,8,14
Personagem_2222,Ladino,Elfo,4.0,,19,13,10,11,12
Personagem_2223,Bruxo,Elfo,7.0,6.0,12,15,11,9,16
Personagem_2224,Guerreiro,Githyanki,5.0,16.0,17,12,7,9,9
Personagem_2225,Bardo,Tiefling  ,4.0,9.0,14,14,9,11,19
Personagem_2226,Clérigo,Anão,11.0,15.0,8,13,6,15,15
Personagem_2227,Bruxo,Halfling,3.0,12.0,14,14,12,10,16
Personagem_2228,Ladino,Elfo,2.0,8.0,16,13,16,11,12
Personagem_2229,Druida,Tiefling,6.0,8.0,13,12,10,16,9
Personagem_2230,Mago,Draconato,2.0,8.0,15,12,17,15,14
Personagem_2231,Guerreiro,Halfling,8.0,15.0,15,20,7,7,10
Personagem_2232,Paladino,Elfo,9.0,19.0,11,16,11,11,15
Personagem_2233,Druida,Tiefling,13.0,9.0,11,13,9,14,9
Personagem_2234,Feiticeiro,Elfo,6.0,8.0,15,13,6,8,18
Personagem_2235,Monge,Tiefling,7.0,11.0,17,16,10,13,6
Personagem_2236,Ladino,Anão,5.0,6.0,17,14,13,12,13
Personagem_2237,Paladino,Elfo,6.0,19.0,12,14,10,16,16
Personagem_2238,Monge,Githyanki,4.0,12.0,17,10,10,14,8
Personagem_2239,Ladino,Draconato,1.0,11.0,13,16,10,9,9
Personagem_2240,Bardo,Anão,7.0,7.0,10,11,8,10,12
Personagem_2241,Mago,Tiefling,6.0,7.0,12,13,17,14,6
Personagem_2242,Druida,Anão,6.0,12.0,11,11,12,20,9
Personagem_2243,Clérigo,Elfo,5.0,10.0,16,16,10,19,13
Personagem_2244,Ladino,Humano,3.0,8.0,18,13,12,9,13
Personagem_2245,Clérigo,Elfo,4.0,15.0,12,16,9,17,9
Personagem_2246,Mago,Githyanki,6.0,6.0,14,13,16,15,9
Personagem_2247,Guerreiro,Elfo,1.0,15.0,15,16,12,9,8
Personagem_2248,Feiticeiro,Anão,10.0,8.0,16,8,10,9,17
Personagem_2249,Druida,Elfo,1.0,9.0,9,13,13,14,8
Personagem_2250,Mago,Tiefling,9.0,9.0,15,11,15,12,9
Personagem_2251,Mago,Humano,6.0,10.0,15,12,18,11,15
Personagem_2252,Bardo,Draconato,10.0,9.0,14,13,11,7,15
Personagem_2253,Monge,Anão,9.0,12.0,14,12,7,16,6
Personagem_2254,Feiticeiro,Humano,1.0,9.0,12,14,8,14,18
Personagem_2255,Druida,Draconato,1.0,11.0,11,13,8,16,9
Personagem_2256,Guerreiro,Draconato,2.0,20.0,10,17,14,11,14
Personagem_2257,Guerreiro,Elfo,1.0,20.0,15,13,9,9,9
Personagem_2258,Bruxo,Githyanki,5.0,14.0,16,12,12,9,17
Personagem_2259,Mago,Githyanki,12.0,4.0,16,12,15,9,9
Personagem_2260,Ladino,Elfo,4.0,5.0,17,9,9,11,12
Personagem_2261,Bardo,Anão,7.0,11.0,13,8,12,6,16
Personagem_2262,Feiticeiro,Halfling,7.0,9.0,13,13,10,13,14
Personagem_2263,Guerreiro,Humano,9.0,17.0,10,14,12,12,10
Personagem_2264,Druida,Draconato,6.0,13.0,12,12,10,20,9
Personagem_2265,Bruxo,Githyanki,6.0,5.0,11,12,11,9,12
Personagem_2266,Druida,Tiefling,3.0,12.0,13,13,10,19,11
Personagem_2267,Bardo,Draconato,9.0,8.0,14,9,13,9,18
Personagem_2268,Ladino,Draconato,8.0,8.0,18,13,9,13,15
Personagem_2269,Bruxo,Anão,8.0,13.0,12,11,12,10,17
Personagem_2270,Bruxo,Draconato,6.0,11.0,13,14,13,9,17
Personagem_2271,Monge,Halfling,3.0,13.0,17,14,9,16,8
Personagem_2272,Feiticeiro,Humano,6.0,10.0,12,9,11,10,17
Personagem_2273,Bruxo,Tiefling,9.0,9.0,12,16,13,8,17
Personagem_2274,Patrulheiro,Halfling,1.0,10.0,12,9,11,13,7
Personagem_2275,Monge,Anão,1.0,11.0,18,11,4,15,11
Personagem_2276,Monge,Githyanki,7.0,14.0,15,14,9,16,8
Personagem_2277,Bardo,Anão,3.0,8.0,16,14,10,11,16
Personagem_2278,Patrulheiro,Tiefling,6.0,11.0,15,18,8,13,10
Personagem_2279,Clérigo,Draconato,6.0,8.0,9,12,8,16,9
Personagem_2280,Druida,Githyanki,5.0,11.0,11,11,7,18,10
Personagem_2281,Ladino,Anão,7.0,8.0,15,16,16,9,12
Personagem_2282,Paladino,Tiefling,9.0,16.0,11,14,9,11,17
Personagem_2283,Druida,Tiefling,14.0,10.0,8,8,12,17,11
Personagem_2284,Bruxo,Elfo,4.0,8.0,15,13,12,8,14
Personagem_2285,Ladino,Tiefling,6.0,8.0,12,15,15,11,13
Personagem_2286,Guerreiro,,3.0,18.0,12,14,10,7,9
Personagem_2287,Clérigo,Draconato,2.0,12.0,7,12,9,12,11
Personagem_2288,Guerreiro,Halfling,4.0,19.0,11,13,9,7,8
Personagem_2289,Patrulheiro,Githyanki,10.0,17.0,14,14,9,15,11
Personagem_2290,Guerreiro,Githyanki,3.0,15.0,15,15,8,11,12
Personagem_2291,Feiticeiro,Draconato,8.0,10.0,12,13,8,9,18
Personagem_2292,Druida, elfo ,1.0,11.0,9,11,7,18,7
Personagem_2293,Paladino,Tiefling,7.0,16.0,11,11,8,8,17
Personagem_2294,Bardo,Anão,10.0,11.0,15,12,9,9,19
Personagem_2295,Paladino,Draconato,9.0,15.0,9,17,10,14,18
Personagem_2296,Guerreiro,Elfo,3.0,14.0,17,17,6,8,7
Personagem_2297,Bruxo,Tiefling,9.0,8.0,16,12,8,8,19
Personagem_2298,Clérigo,Elfo,1.0,15.0,12,13,9,15,9
Personagem_2299,Mago,Draconato,12.0,13.0,17,13,16,10,8
Personagem_2300,Paladino,Githyanki,4.0,20.0,8,14,11,14,14
Personagem_2301,Guerreiro,Elfo,5.0,16.0,12,15,10,6,6
Personagem_2302,Clérigo,Draconato,4.0,12.0,9,14,11,16,16
Personagem_2303,Ladino,Githyanki,8.0,9.0,17,13,8,9,15
Personagem_2304,Druida,Githyanki,18.0,12.0,13,15,13,18,8
Personagem_2305,Monge,Anão,7.0,10.0,12,12,9,15,5
Personagem_2306,Feiticeiro,Elfo,7.0,7.0,12,11,8,7,16
Personagem_2307,Clérigo,Draconato,4.0,12.0,13,17,11,16,10
Personagem_2308,Bruxo,Tiefling,6.0,8.0,14,11,9,12,19
Personagem_2309,Patrulheiro,Elfo,9.0,11.0,15,14,5,17,10
Personagem_2310,Bruxo,Draconato,11.0,9.0,12,13,11,11,15
Personagem_2311,Clérigo,Humano,4.0,11.0,6,12,11,19,10
Personagem_2312,Bruxo,Halfling,1.0,8.0,12,13,10,8,16
Personagem_2313,Druida,Anão,3.0,11.0,12,13,10,16,10
Personagem_2314,Bruxo,,11.0,5.0,12,13,9,8,17
Personagem_2315,Paladino,Tiefling,4.0,14.0,9,17,10,9,16
Personagem_2316,Monge, elfo ,5.0,10.0,16,11,9,16,8
Personagem_2317,Bruxo,Tiefling,4.0,8.0,11,14,9,8,15
Personagem_2318,Monge,Tiefling,8.0,11.0,17,8,6,16,9
Personagem_2319,Guerreiro,Githyanki,11.0,16.0,13,19,8,10,11
Personagem_2320,Bardo,Tiefling,2.0,9.0,13,14,9,10,19
Personagem_2321,Druida,Draconato,2.0,9.0,11,15,7,18,7
Personagem_2322,Bardo,Draconato,2.0,10.0,15,8,12,12,19
Personagem_2323,Guerreiro,Tiefling,7.0,14.0,12,15,9,10,10
Personagem_2324,Druida,Githyanki,6.0,9.0,10,13,11,16,10
Personagem_2325,Clérigo,Elfo,4.0,12.0,13,12,10,15,10
Personagem_2326,Clérigo,Tiefling,4.0,11.0,9,13,6,15,14
Personagem_2327,Monge, elfo ,3.0,11.0,16,13,9,16,13
Personagem_2328,Guerreiro,Humano,14.0,15.0,11,15,8,11,9
Personagem_2329,Monge,Anão,4.0,15.0,15,11,10,16,10
Personagem_2330,Feiticeiro,Humano,12.0,9.0,12,12,12,10,14
Personagem_2331,Bruxo,Elfo,5.0,9.0,17,12,11,8,17
Personagem_2332,Mago,Anão,4.0,7.0,14,11,16,11,9
Personagem_2333,Feiticeiro,Elfo,7.0,7.0,13,14,9,12,17
Personagem_2334,Bruxo,Halfling,3.0,5.0,11,12,11,9,15
Personagem_2335,Druida,Elfo,4.0,11.0,12,13,11,15,12
Personagem_2336,Monge,Halfling,7.0,9.0,13,17,13,14,11
Personagem_2337,Druida,Humano,5.0,11.0,10,12,15,17,9
Personagem_2338,Druida,,8.0,6.0,13,17,8,16,10
Personagem_2339,Bruxo,Draconato,7.0,11.0,15,13,10,7,17
Personagem_2340,Guerreiro,Anão,8.0,15.0,11,14,8,13,12
Personagem_2341,Patrulheiro,Anão,2.0,5.0,14,15,12,10,11
Personagem_2342,Bruxo,Draconato,4.0,11.0,11,11,16,12,18
Personagem_2343,Ladino,Githyanki,6.0,7.0,13,14,11,11,15
Personagem_2344,Clérigo,Draconato,1.0,11.0,7,16,7,18,16
Personagem_2345,Clérigo,Draconato,12.0,15.0,11,10,10,17,12
Personagem_2346,Feiticeiro,Halfling,6.0,7.0,10,16,12,8,18
Personagem_2347,Clérigo,Draconato,12.0,11.0,11,13,11,15,9
Personagem_2348,Bruxo,Halfling,7.0,6.0,150,12,9,12,17
Personagem_2349,Paladino,Elfo,9.0,20.0,10,16,8,12,15
Personagem_2350,Monge,Tiefling,6.0,8.0,14,10,10,15,10
Personagem_2351,Bruxo,Humano,7.0,9.0,14,17,8,11,16
Personagem_2352,Patrulheiro,Githyanki,9.0,13.0,14,12,8,15,10
Personagem_2353,Bruxo,Tiefling,5.0,6.0,14,12,8,8,15
Personagem_2354,Mago,Anão,9.0,,12,13,15,14,8
Personagem_2355,Monge,Draconato,2.0,10.0,14,12,8,17,10
Personagem_2356,Ladino,Tiefling,7.0,8.0,15,13,10,7,12
Personagem_2357,Clérigo,Draconato,6.0,12.0,11,15,13,15,13
Personagem_2358,Monge,Anão,6.0,13.0,17,10,11,11,10
Personagem_2359,Clérigo,Draconato,8.0,14.0,8,12,6,20,10
Personagem_2360,Feiticeiro,Tiefling,10.0,6.0,13,18,14,8,19
Personagem_2361,Monge,Humano,9.0,10.0,15,14,9,16,8
Personagem_2362,Clérigo,Draconato,5.0,15.0,12,14,9,18,12
Personagem_2363,Ladino,Halfling,6.0,12.0,14,13,12,12,13
Personagem_2364,Bardo,Githyanki,7.0,11.0,13,9,12,9,18
Personagem_2365,Druida,Githyanki,10.0,8.0,9,15,11,18,6
Personagem_2366,Druida,Githyanki,5.0,12.0,11,14,9,18,7
Personagem_2367,Ladino,Tiefling,11.0,7.0,15,12,11,13,14
Personagem_2368,Mago,Draconato,4.0,10.0,13,18,15,11,11
Personagem_2369,Bardo,draconato,7.0,9.0,16,11,11,8,17
Personagem_2370,Feiticeiro,Draconato,3.0,9.0,14,15,9,8,17
Personagem_2371,Ladino,Githyanki,1.0,6.0,20,10,8,8,13
Personagem_2372,Druida,Halfling,8.0,9.0,15,14,8,20,6
Personagem_2373,Druida,Humano,1.0,9.0,11,12,9,15,5
Personagem_2374,Druida,Anão,5.0,12.0,15,12,7,18,8
Personagem_2375,Guerreiro,Halfling,7.0,19.0,14,16,6,7,8
Personagem_2376,Ladino,Anão,5.0,6.0,16,15,11,8,11
Personagem_2377,Bruxo,Elfo,6.0,9.0,14,14,10,10,18
Personagem_2378,Feiticeiro,Draconato,2.0,5.0,14,13,10,10,17
Personagem_2379,Druida,Githyanki,10.0,8.0,12,12,10,20,9
Personagem_2380,Clérigo,Draconato,10.0,14.0,4,10,11,15,6
Personagem_2381,Ladino,Draconato,2.0,9.0,17,12,12,9,12
Personagem_2382,Patrulheiro,Elfo,10.0,14.0,18,14,10,12,12
Personagem_2383,Guerreiro,Anão,9.0,18.0,13,15,10,12,13
Personagem_2384,Ladino,Elfo,4.0,,17,13,14,7,13
Personagem_2385,Feiticeiro,Humano,6.0,7.0,14,14,10,5,15
Personagem_2386,Guerreiro,Githyanki,8.0,17.0,10,15,7,10,7
Personagem_2387,Feiticeiro,Githyanki,1.0,7.0,11,14,11,8,17
Personagem_2388,Ladino,Halfling,6.0,9.0,17,9,13,7,12
Personagem_2389,Bruxo,Halfling,6.0,8.0,13,13,9,8,20
Personagem_2390,Patrulheiro,Tiefling,8.0,14.0,14,12,10,12,11
Personagem_2391,Feiticeiro,Anão,5.0,10.0,15,12,11,10,16
Personagem_2392,Guerreiro,Draconato,7.0,17.0,16,18,12,7,11
Personagem_2393,Guerreiro,Tiefling,6.0,16.0,12,18,10,9,11
Personagem_2394,Feiticeiro,Halfling,4.0,11.0,13,15,9,10,19
Personagem_2395,Paladino,Anão,9.0,17.0,9,20,6,8,15
Personagem_2396,Ladino,Halfling,7.0,9.0,15,10,8,6,14
Personagem_2397,Paladino,Draconato,12.0,17.0,12,14,5,6,13
Personagem_2398,Mago,Anão,10.0,10.0,14,14,19,12,8
Personagem_2399,Ladino,Humano,3.0,7.0,17,7,13,7,10
Personagem_2400,Feiticeiro,Halfling,2.0,13.0,15,11,8,14,16
Personagem_2401,Bardo,Tiefling  ,5.0,7.0,13,11,11,11,17
Personagem_2402,Feiticeiro,Anão,10.0,7.0,13,14,9,10,15
Personagem_2403,Paladino,Draconato,4.0,13.0,9,14,10,9,20
Personagem_2404,Bruxo,Halfling,3.0,10.0,15,14,8,9,14
Personagem_2405,Feiticeiro,Anão,1.0,5.0,15,17,4,7,20
Personagem_2406,Feiticeiro,Humano,6.0,7.0,10,15,7,10,16
Personagem_2407,Bruxo,Tiefling,5.0,11.0,11,15,10,9,18
Personagem_2408,Feiticeiro,Githyanki,5.0,8.0,13,14,6,6,17
Personagem_2409,Druida,Elfo,6.0,12.0,12,15,9,20,10
Personagem_2410,Bardo,Halfling,5.0,9.0,12,11,11,9,13
Personagem_2411,Clérigo,,3.0,16.0,11,15,13,16,14
Personagem_2412,Bardo,Halfling,7.0,7.0,13,9,9,10,15
Personagem_2413,Patrulheiro,Anão,7.0,12.0,14,18,9,11,12
Personagem_2414,Feiticeiro,Tiefling,8.0,6.0,16,18,10,15,16
Personagem_2415,Druida,Draconato,6.0,9.0,12,14,11,17,9
Personagem_2416,Ladino,Anão,6.0,9.0,18,16,10,9,12
Personagem_2417,Feiticeiro,Elfo,12.0,8.0,15,14,12,10,18
Personagem_2418,Paladino,Humano,3.0,14.0,6,16,8,10,14
Personagem_2419,Druida,Halfling,9.0,8.0,8,13,14,17,11
Personagem_2420,Bruxo,Githyanki,3.0,5.0,10,15,15,8,20
Personagem_2421,Druida,Githyanki,6.0,9.0,6,15,12,16,10
Personagem_2422,Bruxo,Draconato,3.0,5.0,13,15,10,10,19
Personagem_2423,Mago,Draconato,8.0,6.0,11,10,17,12,10
Personagem_2424,Clérigo,Elfo,11.0,15.0,10,14,7,17,12
Personagem_2425,Monge,Tiefling,9.0,10.0,18,13,8,16,9
Personagem_2426,Druida,Githyanki,6.0,9.0,150,13,9,20,10
Personagem_2427,Guerreiro,Tiefling,5.0,18.0,12,15,8,7,9
Personagem_2428,Paladino,Tiefling,9.0,18.0,10,14,10,9,15
Personagem_2429,Feiticeiro,Halfling,7.0,6.0,14,13,7,11,16
Personagem_2430,Paladino,Halfling,9.0,13.0,10,15,5,11,20
Personagem_2431,Bardo,Draconato,6.0,8.0,12,13,10,10,20
Personagem_2432,Monge,Humano,4.0,9.0,19,13,7,17,10
Personagem_2433,Bardo,Humano,7.0,9.0,16,12,8,10,16
Personagem_2434,Mago,Anão,5.0,11.0,13,12,19,11,12
Personagem_2435,Monge,Githyanki,4.0,10.0,13,13,5,15,10
Personagem_2436,Monge,,6.0,10.0,15,15,7,15,11
Personagem_2437,Bardo,Humano,3.0,10.0,15,11,12,13,16
Personagem_2438,Bruxo,Draconato,5.0,11.0,14,13,6,11,15
Personagem_2439,Bardo,Draconato,3.0,5.0,16,10,8,7,16
Personagem_2440,Paladino,Anão,1.0,17.0,9,19,9,9,16
Personagem_2441,Bruxo,Tiefling,8.0,10.0,11,14,10,10,15
Personagem_2442,Paladino,Draconato,5.0,18.0,7,15,8,13,17
Personagem_2443,Mago,Halfling,8.0,12.0,11,11,20,13,10
Personagem_2444,Feiticeiro,   anão,5.0,8.0,12,12,6,12,14
Personagem_2445,Patrulheiro,Tiefling,7.0,12.0,13,11,9,15,9
Personagem_2446,Ladino,Tiefling,6.0,10.0,15,11,13,9,12
Personagem_2447,Bruxo,Halfling,8.0,11.0,11,12,9,11,19
Personagem_2448,Mago,Halfling,2.0,10.0,14,11,14,12,7
Personagem_2449,Patrulheiro,Tiefling,8.0,12.0,16,11,10,16,8
Personagem_2450,Guerreiro,Humano,5.0,16.0,11,16,7,14,11
Personagem_2451,Mago,Halfling,1.0,6.0,15,14,18,12,12
Personagem_2452,Bardo,Anão,5.0,,16,10,9,8,18
Personagem_2453,Bardo,Draconato,,6.0,15,13,11,12,13
Personagem_2454,Ladino,Draconato,8.0,8.0,20,13,8,7,11
Personagem_2455,Mago,Githyanki,9.0,8.0,16,13,20,8,10
Personagem_2456,Clérigo,Githyanki,7.0,16.0,11,13,9,13,8
Personagem_2457,Feiticeiro,Anão,12.0,7.0,13,14,8,6,16
Personagem_2458,Bardo,Githyanki,7.0,8.0,15,12,11,11,18
Personagem_2459,Ladino,Draconato,6.0,8.0,15,15,15,8,12
Personagem_2460,Feiticeiro,Elfo,5.0,6.0,15,17,10,10,16
Personagem_2461,Mago,Tiefling,2.0,9.0,16,15,20,13,10
Personagem_2462,Mago,Elfo,8.0,3.0,11,11,18,10,8
Personagem_2463,Monge,Halfling,4.0,15.0,13,10,9,15,10
Personagem_2464,Ladino,Githyanki,4.0,10.0,19,15,7,10,11
Personagem_2465,Patrulheiro,Tiefling,6.0,12.0,20,12,10,13,13
Personagem_2466,Bardo,Githyanki,4.0,8.0,15,14,11,8,13
Personagem_2467,Clérigo,Halfling,5.0,12.0,10,12,4,19,15
Personagem_2468,Mago,Humano,4.0,6.0,13,17,17,13,8
Personagem_2469,Clérigo,Anão,3.0,12.0,9,13,10,16,15
Personagem_2470,Mago,Githyanki,3.0,4.0,12,16,18,10,8
Personagem_2471,Bardo,Humano,4.0,3.0,13,9,9,7,19
Personagem_2472,Feiticeiro,Humano,9.0,5.0,15,10,12,10,15
Personagem_2473,Druida,Elfo,2.0,12.0,12,12,7,14,8
Personagem_2474,Feiticeiro,Halfling,2.0,8.0,13,14,13,9,16
Personagem_2475,Mago,Tiefling,5.0,10.0,16,11,19,13,9
Personagem_2476,Paladino,Draconato,4.0,16.0,9,15,10,12,16
Personagem_2477,Druida,   anão,11.0,12.0,10,11,10,16,9
Personagem_2478,Patrulheiro,Draconato,4.0,12.0,11,12,7,17,10
Personagem_2479,Druida,Anão,5.0,10.0,11,14,10,15,8
Personagem_2480,Clérigo,Elfo,7.0,16.0,9,14,12,12,10
Personagem_2481,Ladino,Tiefling,7.0,,19,12,10,11,7
Personagem_2482,Clérigo,Halfling,8.0,13.0,11,10,9,17,7
Personagem_2483,Clérigo,Tiefling  ,5.0,12.0,14,12,11,17,11
Personagem_2484,Patrulheiro,Elfo,10.0,17.0,17,11,7,15,5
Personagem_2485,Paladino,Draconato,3.0,17.0,4,11,15,9,18
Personagem_2486,Feiticeiro,Halfling,6.0,4.0,13,13,8,8,13
Personagem_2487,Feiticeiro,draconato,3.0,7.0,14,12,10,5,17
Personagem_2488,Guerreiro,Draconato,6.0,18.0,14,11,10,14,11
Personagem_2489,Mago,Tiefling,4.0,11.0,12,12,17,13,11
Personagem_2490,Paladino,Halfling,8.0,13.0,10,13,7,11,15
Personagem_2491,Guerreiro,Elfo,1.0,13.0,12,19,9,9,12
Personagem_2492,Bardo,Tiefling,8.0,11.0,11,10,11,11,17
Personagem_2493,Mago,Draconato,7.0,7.0,13,9,14,9,11
Personagem_2494,Mago,Draconato,7.0,,16,9,14,12,9
Personagem_2495,Monge,Elfo,9.0,12.0,15,17,5,18,10
Personagem_2496,Monge,Elfo,10.0,10.0,16,15,8,16,8
Personagem_2497,Bruxo,Githyanki,9.0,8.0,17,14,12,8,14
Personagem_2498,Bruxo,HUMANO,2.0,12.0,13,8,11,11,17
Personagem_2499,Clérigo,Githyanki,11.0,12.0,10,13,10,16,14
Personagem_2500,Bardo,Anão,4.0,7.0,17,11,7,11,17
Personagem_2501,Druida,Elfo,5.0,7.0,14,14,12,17,10
Personagem_2502,Druida,Tiefling,7.0,9.0,8,17,11,14,4
Personagem_2503,Monge,Halfling,8.0,10.0,15,15,8,14,8
Personagem_2504,Monge,Anão,5.0,15.0,19,13,8,15,12
Personagem_2505,Monge,Halfling,12.0,9.0,13,10,8,13,12
Personagem_2506,Paladino,Halfling,7.0,14.0,10,11,10,7,15
Personagem_2507,Ladino,Halfling,7.0,8.0,16,16,13,7,12
Personagem_2508,Bruxo,Tiefling,5.0,5.0,13,12,10,7,17
Personagem_2509,Paladino,Draconato,6.0,16.0,9,16,6,10,15
Personagem_2510,Feiticeiro,Halfling,9.0,,15,10,9,11,20
Personagem_2511,Druida,Draconato,5.0,11.0,13,15,8,16,12
Personagem_2512,Patrulheiro,Tiefling,2.0,9.0,13,10,8,15,4
Personagem_2513,Mago,Anão,4.0,8.0,15,15,14,8,11
Personagem_2514,Bruxo,Halfling,6.0,7.0,14,15,7,10,17
Personagem_2515,Guerreiro,Halfling,,18.0,12,16,9,12,13
Personagem_2516,Feiticeiro,Anão,,10.0,13,13,8,10,17
Personagem_2517,Bruxo,Tiefling  ,1.0,6.0,12,15,11,9,20
Personagem_2518,Patrulheiro,Githyanki,4.0,10.0,14,12,10,18,10
Personagem_2519,Paladino,Humano,8.0,15.0,10,16,10,14,13
Personagem_2520,Bardo,Draconato,3.0,8.0,11,13,10,11,17
Personagem_2521,Mago,Tiefling,4.0,10.0,15,14,14,13,9
Personagem_2522,Bruxo,Halfling,5.0,8.0,11,12,14,11,20
Personagem_2523,Ladino,Halfling,4.0,7.0,18,14,11,13,13
Personagem_2524,Monge,Draconato,6.0,15.0,14,13,9,16,9
Personagem_2525,Monge,Anão,7.0,9.0,15,12,4,18,9
Personagem_2526,Mago,Elfo,6.0,10.0,12,12,18,12,11
Personagem_2527,Patrulheiro,Anão,4.0,11.0,20,14,9,12,6
Personagem_2528,Paladino,Tiefling,9.0,15.0,8,13,9,8,19
Personagem_2529,Monge,Githyanki,8.0,7.0,19,14,7,16,10
Personagem_2530,Bruxo,Anão,6.0,8.0,10,12,9,7,19
Personagem_2531,Guerreiro,Anão,5.0,15.0,14,16,10,10,11
Personagem_2532,Druida,Humano,10.0,12.0,11,13,10,20,9
Personagem_2533,Druida,Draconato,1.0,10.0,13,17,13,18,9
Personagem_2534,Feiticeiro,Githyanki,6.0,7.0,13,14,6,9,17
Personagem_2535,Clérigo,Githyanki,10.0,16.0,9,10,10,17,12
Personagem_2536,Bardo,Anão,5.0,11.0,12,7,10,10,16
Personagem_2537,Mago,Githyanki,10.0,8.0,13,12,17,12,7
Personagem_2538,Feiticeiro,Halfling,10.0,11.0,14,16,13,8,18
Personagem_2539,Clérigo,Tiefling,8.0,13.0,11,16,11,18,9
Personagem_2540,Paladino,Githyanki,1.0,16.0,12,16,9,9,14
Personagem_2541,Ladino,Githyanki,4.0,9.0,18,9,12,10,11
Personagem_2542,Ladino,Halfling,2.0,7.0,19,10,9,13,12
Personagem_2543,Bardo,Halfling,4.0,10.0,18,13,9,10,14
Personagem_2544,Monge,Elfo,3.0,13.0,16,12,10,15,9
Personagem_2545,Bruxo,Anão,3.0,7.0,11,13,10,9,20
Personagem_2546,Feiticeiro,Elfo,5.0,4.0,11,11,13,10,20
Personagem_2547,Feiticeiro,Draconato,8.0,9.0,14,12,12,12,15
Personagem_2548,Mago,Anão,6.0,6.0,15,12,18,6,8
Personagem_2549,Mago,Tiefling,8.0,11.0,12,12,16,9,8
Personagem_2550,Ladino,Humano,3.0,9.0,15,7,9,8,12
Personagem_2551,Ladino,Halfling,3.0,11.0,20,13,10,8,14
Personagem_2552,Patrulheiro,Tiefling,6.0,7.0,17,14,10,14,6
Personagem_2553,Guerreiro,Tiefling,8.0,15.0,13,17,10,7,10
Personagem_2554,Guerreiro,Humano,6.0,13.0,11,16,7,10,10
Personagem_2555,Patrulheiro,Draconato,6.0,13.0,16,15,10,17,9
Personagem_2556,Monge,Githyanki,4.0,13.0,20,16,6,13,6
Personagem_2557,Guerreiro,Elfo,8.0,18.0,11,19,11,6,11
Personagem_2558,Bruxo,Draconato,5.0,7.0,13,17,11,11,15
Personagem_2559,Bruxo,Anão,8.0,9.0,14,12,7,10,15
Personagem_2560,Feiticeiro,Githyanki,3.0,5.0,14,14,8,10,20
Personagem_2561,Druida,Githyanki,4.0,,16,14,7,20,8
Personagem_2562,Patrulheiro,Draconato,1.0,13.0,12,13,9,17,9
Personagem_2563,Bruxo,Tiefling,3.0,8.0,13,13,13,9,15
Personagem_2564,Clérigo,Tiefling,3.0,12.0,9,11,9,19,11
Personagem_2565,Ladino,Githyanki,1.0,8.0,16,12,14,10,17
Personagem_2566,Mago,Humano,8.0,10.0,12,10,18,9,9
Personagem_2567,Guerreiro,Draconato,2.0,18.0,15,14,13,10,10
Personagem_2568,Patrulheiro,Elfo,3.0,8.0,14,11,9,16,8
Personagem_2569,Feiticeiro,Draconato,2.0,6.0,13,14,7,8,15
Personagem_2570,Bardo,Halfling,7.0,8.0,14,8,12,9,18
Personagem_2571,Mago,Elfo,5.0,10.0,15,12,18,12,7
Personagem_2572,Clérigo,Draconato,6.0,12.0,11,12,13,19,12
Personagem_2573,Guerreiro,Tiefling,9.0,20.0,13,16,10,12,7
Personagem_2574,Clérigo,Githyanki,11.0,14.0,12,16,13,18,12
Personagem_2575,Ladino,Anão,9.0,9.0,14,10,19,14,12
Personagem_2576,Ladino,Humano,7.0,11.0,18,14,13,12,13
Personagem_2577,Monge,Halfling,8.0,10.0,17,14,9,15,8
Personagem_2578,Feiticeiro,Humano,6.0,7.0,11,15,10,10,17
Personagem_2579,Mago,Anão,5.0,5.0,15,13,19,11,9
Personagem_2580,Paladino,Elfo,10.0,16.0,6,15,7,6,17
Personagem_2581,Paladino,Draconato,11.0,15.0,9,13,11,8,17
Personagem_2582,Mago,Githyanki,4.0,4.0,12,11,18,11,9
Personagem_2583,Bardo,Tiefling,6.0,10.0,12,12,12,7,20
Personagem_2584,Feiticeiro,Anão,10.0,5.0,17,16,10,7,18
Personagem_2585,Clérigo,Draconato,7.0,12.0,10,12,10,17,12
Personagem_2586,Bardo,Githyanki,7.0,9.0,10,17,10,9,15
Personagem_2587,Druida,Halfling,6.0,7.0,12,15,11,16,8
Personagem_2588,Mago,Halfling,9.0,9.0,14,13,14,10,13
Personagem_2589,Clérigo,Anão,6.0,11.0,7,17,4,15,11
Personagem_2590,Paladino,Elfo,6.0,17.0,7,17,10,13,15
Personagem_2591,Bruxo,Halfling,2.0,8.0,11,14,8,11,18
Personagem_2592,Patrulheiro,Draconato,11.0,7.0,15,13,8,11,7
Personagem_2593,Monge,Draconato,6.0,12.0,18,13,10,17,12
Personagem_2594,Paladino,Githyanki,10.0,15.0,7,18,7,9,14
Personagem_2595,Feiticeiro,Githyanki,1.0,10.0,15,17,10,10,20
Personagem_2596,Ladino,Elfo,1.0,8.0,16,11,14,10,13
Personagem_2597,Patrulheiro,Anão,11.0,10.0,19,12,10,14,7
Personagem_2598,Patrulheiro,Githyanki,5.0,11.0,17,15,10,13,9
Personagem_2599,Bruxo,Githyanki,8.0,10.0,15,10,13,9,16
Personagem_2600,Monge,Anão,8.0,10.0,16,13,8,15,8
Personagem_2601,Monge,Halfling,7.0,8.0,18,13,7,12,10
Personagem_2602,Druida,Tiefling,13.0,13.0,9,13,11,16,4
Personagem_2603,Druida,Githyanki,4.0,10.0,9,14,10,13,9
Personagem_2604,Guerreiro,Draconato,4.0,20.0,10,18,10,7,13
Personagem_2605,Paladino,Githyanki,4.0,16.0,11,13,9,7,19
Personagem_2606,Paladino,Humano,2.0,16.0,11,17,6,13,14
Personagem_2607,Paladino,Halfling,10.0,14.0,7,17,11,12,13
Personagem_2608,Guerreiro,Githyanki,8.0,15.0,12,14,10,12,10
Personagem_2609,Bardo,Elfo,2.0,8.0,17,12,11,8,19
Personagem_2610,Monge, elfo ,11.0,9.0,13,12,6,15,11
Personagem_2611,Bruxo,Halfling,5.0,5.0,12,15,10,10,15
Personagem_2612,Feiticeiro,Halfling,10.0,6.0,15,13,6,11,13
Personagem_2613,Monge,Elfo,9.0,9.0,17,12,11,16,11
Personagem_2614,Druida,Humano,6.0,10.0,11,15,12,15,7
Personagem_2615,Patrulheiro,Halfling,5.0,11.0,15,11,12,15,5
Personagem_2616,Clérigo,Elfo,4.0,11.0,10,14,9,18,13
Personagem_2617,Ladino,Humano,8.0,7.0,20,11,10,10,13
Personagem_2618,Guerreiro,Tiefling,9.0,18.0,16,14,7,10,12
Personagem_2619,Mago,Elfo,3.0,7.0,14,15,16,12,12
Personagem_2620,Clérigo,Anão,12.0,15.0,8,14,7,19,14
Personagem_2621,Feiticeiro,Elfo,3.0,9.0,17,14,6,12,17
Personagem_2622,Paladino,Elfo,8.0,15.0,10,16,9,10,16
Personagem_2623,Druida,Tiefling,2.0,11.0,14,10,12,17,4
Personagem_2624,Druida,Tiefling,7.0,9.0,13,11,11,17,9
Personagem_2625,Druida,Draconato,7.0,9.0,14,16,9,19,5
Personagem_2626,Paladino,Anão,4.0,17.0,10,14,3,11,17
Personagem_2627,Mago,Anão,11.0,5.0,13,11,14,11,8
Personagem_2628,Guerreiro,Tiefling,4.0,18.0,13,15,10,7,7
Personagem_2629,Clérigo,Halfling,7.0,14.0,9,12,10,16,9
Personagem_2630,Paladino,Humano,1.0,15.0,9,9,9,10,13
Personagem_2631,Feiticeiro,Tiefling,5.0,12.0,14,17,9,12,20
Personagem_2632,Guerreiro,Anão,6.0,20.0,14,15,7,10,11
Personagem_2633,Feiticeiro,Halfling,5.0,6.0,14,14,8,10,11
Personagem_2634,Guerreiro,Draconato,9.0,18.0,13,15,8,12,9
Personagem_2635,Mago,Anão,6.0,9.0,11,12,19,10,9
Personagem_2636,Ladino,Anão,1.0,7.0,18,12,10,12,13
Personagem_2637,Feiticeiro,Humano,3.0,6.0,14,14,9,14,18
Personagem_2638,Paladino,Githyanki,1.0,18.0,9,17,11,9,16
Personagem_2639,Guerreiro,Halfling,4.0,17.0,13,13,11,9,12
Personagem_2640,Druida,Elfo,6.0,8.0,12,12,13,19,11
Personagem_2641,Monge,Halfling,1.0,13.0,11,17,6,16,9
Personagem_2642,Druida,Githyanki,7.0,5.0,11,14,10,16,8
Personagem_2643,Bardo,Humano,6.0,7.0,15,11,12,9,15
Personagem_2644,Ladino,Anão,1.0,9.0,14,15,10,9,10
Personagem_2645,Ladino,Tiefling,4.0,6.0,17,12,10,8,14
Personagem_2646,Druida,Humano,5.0,13.0,13,16,10,17,8
Personagem_2647,Clérigo,Draconato,7.0,12.0,7,13,11,18,11
Personagem_2648,Mago,,8.0,7.0,13,12,15,13,9
Personagem_2649,Feiticeiro,Githyanki,8.0,9.0,12,13,7,12,14
Personagem_2650,Paladino,Humano,1.0,18.0,9,14,8,7,18
Personagem_2651,Ladino,Anão,3.0,8.0,15,12,13,10,14
Personagem_2652,Druida,Elfo,7.0,9.0,11,15,10,19,8
Personagem_2653,Druida,Humano,5.0,6.0,11,12,9,15,5
Personagem_2654,Mago,Tiefling,5.0,7.0,15,13,18,14,8
Personagem_2655,Mago,Elfo,5.0,6.0,16,16,16,12,8
Personagem_2656,Bruxo,Tiefling  ,2.0,9.0,14,12,13,8,15
Personagem_2657,Bruxo,Anão,4.0,6.0,9,11,10,11,20
Personagem_2658,Clérigo,Draconato,7.0,13.0,8,11,9,18,12
Personagem_2659,Clérigo,Humano,6.0,8.0,11,15,10,17,10
Personagem_2660,Bardo,,5.0,11.0,14,12,15,10,16
Personagem_2661,Clérigo,Anão,5.0,12.0,8,14,8,15,13
Personagem_2662,Guerreiro,Elfo,6.0,15.0,9,16,10,7,10
Personagem_2663,Mago,Draconato,9.0,7.0,17,13,18,9,11
Personagem_2664,Paladino,Anão,7.0,11.0,10,11,9,16,18
Personagem_2665,Guerreiro,Githyanki,,19.0,12,18,11,11,8
Personagem_2666,Feiticeiro,Elfo,9.0,8.0,17,10,13,9,18
Personagem_2667,Druida,Humano,6.0,11.0,10,14,9,18,11
Personagem_2668,Clérigo,Elfo,6.0,,12,13,9,19,14
Personagem_2669,Druida,Anão,9.0,9.0,12,14,7,17,7
Personagem_2670,Ladino,Anão,8.0,11.0,14,13,14,12,13
Personagem_2671,Bardo,Humano,12.0,9.0,12,11,12,13,13
Personagem_2672,Ladino,Elfo,3.0,9.0,12,13,10,9,15
Personagem_2673,Bardo,Anão,8.0,10.0,13,10,14,13,17
Personagem_2674,Bruxo,Humano,2.0,6.0,14,16,11,3,19
Personagem_2675,Druida,Githyanki,,8.0,13,14,12,16,6
Personagem_2676,Bardo,Tiefling,1.0,7.0,16,9,16,10,18
Personagem_2677,Patrulheiro,Anão,11.0,11.0,14,14,8,15,9
Personagem_2678,Patrulheiro,Elfo,11.0,13.0,18,10,13,14,10
Personagem_2679,Patrulheiro,Elfo,6.0,13.0,19,12,10,11,7
Personagem_2680,Monge,Halfling,8.0,11.0,11,13,13,18,11
Personagem_2681,Guerreiro,Humano,9.0,14.0,13,19,8,10,11
Personagem_2682,Bardo,Draconato,3.0,5.0,14,12,11,10,20
Personagem_2683,Bardo,Halfling,25.0,11.0,13,10,10,9,18
Personagem_2684,Guerreiro,Humano,2.0,19.0,12,16,7,12,8
Personagem_2685,Druida,Humano,6.0,10.0,15,14,11,17,6
Personagem_2686,Druida,,2.0,9.0,9,13,11,17,11
Personagem_2687,Patrulheiro,Humano,6.0,14.0,15,11,9,15,8
Personagem_2688,Guerreiro,   anão,4.0,14.0,15,14,5,11,10
Personagem_2689,Patrulheiro,Elfo,4.0,9.0,17,14,11,17,8
Personagem_2690,Ladino,Anão,2.0,5.0,14,11,9,8,14
Personagem_2691,Monge,Humano,3.0,9.0,18,11,9,18,6
Personagem_2692,Paladino,Githyanki,3.0,13.0,8,13,7,14,18
Personagem_2693,Feiticeiro,Elfo,5.0,8.0,13,17,11,8,16
Personagem_2694,Monge,Githyanki,6.0,11.0,20,14,9,19,7
Personagem_2695,Druida, elfo ,6.0,10.0,11,16,9,19,11
Personagem_2696,Paladino,Anão,7.0,14.0,8,14,9,12,18
Personagem_2697,Bruxo,Humano,6.0,11.0,12,17,11,9,19
Personagem_2698,Clérigo,Githyanki,6.0,13.0,10,12,10,17,11
Personagem_2699,Patrulheiro,Githyanki,1.0,8.0,18,13,13,14,8
Personagem_2700,Bardo,Tiefling,7.0,9.0,15,13,8,12,17
Personagem_2701,Guerreiro,Githyanki,7.0,15.0,15,15,9,11,13
Personagem_2702,Guerreiro,Humano,7.0,16.0,11,15,7,10,9
Personagem_2703,Bardo,Tiefling,7.0,10.0,16,13,11,9,15
Personagem_2704,Patrulheiro,Halfling,4.0,11.0,17,11,11,15,8
Personagem_2705,Clérigo,Tiefling,6.0,13.0,10,15,12,17,10
Personagem_2706,Feiticeiro,Tiefling,5.0,5.0,14,14,12,11,18
Personagem_2707,Clérigo,Draconato,8.0,13.0,10,17,13,19,11
Personagem_2708,Paladino,Githyanki,5.0,14.0,10,17,7,11,14
Personagem_2709,Clérigo,Githyanki,4.0,13.0,10,15,12,18,10
Personagem_2710,Paladino,Tiefling,7.0,16.0,10,16,12,11,17
Personagem_2711,Clérigo,Tiefling,6.0,13.0,9,13,11,14,12
Personagem_2712,Feiticeiro,Githyanki,5.0,7.0,16,14,10,10,14
Personagem_2713,Feiticeiro,,6.0,8.0,17,12,9,7,16
Personagem_2714,Druida,Anão,3.0,7.0,10,13,9,18,6
Personagem_2715,Bardo,Githyanki,3.0,11.0,15,11,11,8,15
Personagem_2716,Feiticeiro,Halfling,10.0,11.0,15,12,10,11,15
Personagem_2717,Paladino,Elfo,8.0,17.0,6,15,11,15,17
Personagem_2718,Feiticeiro,Tiefling,2.0,9.0,11,14,12,10,17
Personagem_2719,Druida,Tiefling,3.0,11.0,11,13,11,12,6
Personagem_2720,Guerreiro,Draconato,6.0,18.0,9,14,5,11,7
Personagem_2721,Paladino,Anão,10.0,16.0,8,20,6,16,19
Personagem_2722,Druida,Draconato,4.0,10.0,12,15,10,16,10
Personagem_2723,Ladino,Githyanki,10.0,10.0,18,12,9,12,16
Personagem_2724,Ladino,Humano,2.0,8.0,19,11,13,7,13
Personagem_2725,Bruxo,Draconato,5.0,9.0,11,15,9,11,19
Personagem_2726,Clérigo,Githyanki,9.0,8.0,8,13,10,16,9
Personagem_2727,Bardo,Tiefling,11.0,6.0,14,11,10,12,17
Personagem_2728,Mago,Elfo,7.0,7.0,9,11,14,13,9
Personagem_2729,Monge,Draconato,3.0,12.0,13,12,9,16,11
Personagem_2730,Druida,Tiefling,1.0,11.0,10,13,7,17,5
Personagem_2731,Guerreiro,Githyanki,8.0,15.0,10,15,9,6,9
Personagem_2732,Monge,Elfo,5.0,16.0,17,11,10,19,8
Personagem_2733,Guerreiro,Halfling,5.0,15.0,14,13,10,7,11
Personagem_2734,Monge,Humano,4.0,12.0,16,12,6,15,10
Personagem_2735,Druida,Elfo,1.0,10.0,12,11,9,16,4
Personagem_2736,Mago,Humano,8.0,8.0,13,10,18,10,12
Personagem_2737,Monge,Humano,10.0,8.0,16,14,5,14,9
Personagem_2738,Druida,Elfo,7.0,9.0,8,14,6,18,7
Personagem_2739,Feiticeiro,Tiefling,6.0,5.0,11,11,10,9,14
Personagem_2740,Mago,Humano,5.0,4.0,15,10,13,11,14
Personagem_2741,Paladino,Githyanki,8.0,14.0,9,15,5,10,15
Personagem_2742,Guerreiro,Anão,11.0,17.0,14,16,10,7,12
Personagem_2743,Ladino,Elfo,3.0,7.0,16,13,12,10,11
Personagem_2744,Clérigo,Tiefling,5.0,10.0,8,12,9,16,13
Personagem_2745,Ladino,Anão,10.0,8.0,17,17,10,10,13
Personagem_2746,Mago,Halfling,6.0,7.0,15,11,14,11,11
Personagem_2747,Paladino,Anão,3.0,16.0,9,11,10,12,17
Personagem_2748,Guerreiro,Draconato,7.0,16.0,12,13,9,7,10
Personagem_2749,Paladino,Halfling,2.0,17.0,9,16,8,12,14
Personagem_2750,Monge,Humano,8.0,6.0,15,12,9,14,11
Personagem_2751,Guerreiro,Anão,5.0,17.0,14,16,8,11,9
Personagem_2752,Monge,Halfling,8.0,10.0,15,13,5,14,4
Personagem_2753,Druida,Githyanki,11.0,4.0,11,10,11,18,7
Personagem_2754,Mago,Halfling,9.0,9.0,14,11,15,9,11
Personagem_2755,Patrulheiro,Elfo,2.0,13.0,13,16,8,14,14
Personagem_2756,Druida,Humano,5.0,10.0,12,15,7,18,7
Personagem_2757,Bruxo,Tiefling,1.0,9.0,11,11,10,8,18
Personagem_2758,Paladino,Draconato,8.0,17.0,9,14,10,14,19
Personagem_2759,Patrulheiro,Elfo,9.0,14.0,17,14,8,16,13
Personagem_2760,Monge,Tiefling,4.0,9.0,15,10,9,16,6
Personagem_2761,Feiticeiro,Elfo,8.0,9.0,12,13,8,11,16
Personagem_2762,Druida,Draconato,4.0,7.0,10,14,10,17,13
Personagem_2763,Bruxo,Githyanki,10.0,8.0,9,14,13,11,17
Personagem_2764,Bardo,Githyanki,5.0,3.0,17,11,9,7,15
Personagem_2765,Patrulheiro,Anão,8.0,10.0,15,13,9,11,9
Personagem_2766,Ladino,Draconato,7.0,10.0,14,11,9,8,11
Personagem_2767,Guerreiro,Draconato,5.0,18.0,13,16,12,6,7
Personagem_2768,Bruxo,Halfling,3.0,11.0,14,10,11,9,17
Personagem_2769,Mago,Githyanki,3.0,9.0,10,12,16,10,12
Personagem_2770,Patrulheiro,Tiefling,7.0,6.0,15,11,11,14,7
Personagem_2771,Druida,Tiefling,9.0,12.0,7,15,11,18,9
Personagem_2772,Mago,Tiefling,1.0,10.0,14,13,18,12,10
Personagem_2773,Ladino,Halfling,3.0,6.0,20,16,15,13,11
Personagem_2774,Feiticeiro,Halfling,,10.0,13,10,12,6,13
Personagem_2775,Paladino,Elfo,5.0,13.0,10,13,10,13,15
Personagem_2776,Paladino,Tiefling,11.0,,10,12,9,10,16
Personagem_2777,Mago,Tiefling,5.0,6.0,13,15,16,9,6
Personagem_2778,Monge,,13.0,,11,12,7,16,10
Personagem_2779,Feiticeiro,   anão,3.0,8.0,14,12,8,10,16
Personagem_2780,Paladino,Halfling,6.0,16.0,9,15,11,7,14
Personagem_2781,Feiticeiro,Tiefling,6.0,8.0,12,12,9,6,17
Personagem_2782,Bruxo,Anão,1.0,7.0,14,16,10,5,16
Personagem_2783,Feiticeiro,Draconato,15.0,8.0,13,17,5,9,16
Personagem_2784,Clérigo,Githyanki,5.0,10.0,12,12,15,18,10
Personagem_2785,Ladino,Elfo,6.0,14.0,16,13,13,7,13
Personagem_2786,Paladino,Halfling,6.0,15.0,6,13,10,9,12
Personagem_2787,Feiticeiro,Anão,5.0,7.0,15,13,13,7,18
Personagem_2788,Mago,Humano,2.0,5.0,18,12,20,9,12
Personagem_2789,Bardo,Humano,9.0,9.0,15,10,12,7,15
Personagem_2790,Clérigo,Elfo,8.0,14.0,9,14,13,17,11
Personagem_2791,Clérigo,Githyanki,8.0,12.0,9,13,10,16,14
Personagem_2792,Monge,Anão,5.0,12.0,15,12,10,17,11
Personagem_2793,Feiticeiro,Anão,1.0,5.0,14,15,12,9,17
Personagem_2794,Monge,Tiefling,4.0,9.0,14,13,7,17,6
Personagem_2795,Monge,Anão,6.0,11.0,18,17,12,17,10
Personagem_2796,Bardo,Anão,4.0,9.0,16,7,11,8,11
Personagem_2797,Bruxo,Halfling,4.0,5.0,11,14,12,8,20
Personagem_2798,Feiticeiro,Githyanki,7.0,6.0,14,12,8,10,12
Personagem_2799,Druida,Elfo,2.0,9.0,9,12,10,15,7
Personagem_2800,Paladino,Githyanki,6.0,15.0,9,16,9,11,17
Personagem_2801,Monge,Githyanki,7.0,12.0,17,14,10,14,11
Personagem_2802,Ladino,Elfo,2.0,10.0,15,13,12,10,12
Personagem_2803,Guerreiro,Anão,4.0,18.0,12,18,9,12,10
Personagem_2804,Ladino,Elfo,4.0,8.0,17,8,13,14,13
Personagem_2805,Bardo,Githyanki,2.0,12.0,11,13,12,7,16
Personagem_2806,Bardo,Draconato,1.0,11.0,14,12,10,8,19
Personagem_2807,Mago,Githyanki,8.0,4.0,13,11,19,15,11
Personagem_2808,Bruxo,Tiefling,9.0,7.0,10,14,10,7,16
Personagem_2809,Paladino,Halfling,7.0,13.0,10,16,8,12,18
Personagem_2810,Patrulheiro,Elfo,10.0,8.0,17,12,8,11,6
Personagem_2811,Monge,Draconato,5.0,9.0,13,13,12,12,4
Personagem_2812,Ladino,Tiefling,3.0,9.0,17,11,13,7,15
Personagem_2813,Guerreiro,Elfo,3.0,18.0,14,16,10,7,10
Personagem_2814,Bardo,Halfling,2.0,9.0,12,11,11,11,15
Personagem_2815,Bardo,Elfo,3.0,10.0,16,13,12,9,14
Personagem_2816,Bruxo,Elfo,4.0,9.0,14,17,13,9,17
Personagem_2817,Guerreiro,Githyanki,1.0,14.0,12,15,7,7,13
Personagem_2818,Guerreiro,Githyanki,,19.0,16,16,7,10,15
Personagem_2819,Bruxo,Githyanki,7.0,10.0,10,16,13,9,15
Personagem_2820,Bardo,Githyanki,5.0,9.0,14,11,9,10,19
Personagem_2821,Paladino,Tiefling,11.0,14.0,6,15,6,12,11
Personagem_2822,Feiticeiro,Humano,9.0,8.0,15,13,9,12,18
Personagem_2823,Feiticeiro,Halfling,9.0,7.0,12,9,8,8,17
Personagem_2824,Bruxo,Elfo,4.0,10.0,11,14,8,6,20
Personagem_2825,Guerreiro,Anão,8.0,16.0,16,13,7,15,11
Personagem_2826,Monge,Draconato,1.0,12.0,18,10,7,16,6
Personagem_2827,Bruxo,Draconato,7.0,10.0,10,15,12,8,15
Personagem_2828,Paladino,Halfling,10.0,14.0,9,15,8,13,18
Personagem_2829,Bruxo,Githyanki,12.0,11.0,13,15,13,11,16
Personagem_2830,Clérigo,Draconato,8.0,15.0,10,14,8,18,12
Personagem_2831,Ladino,Humano,5.0,8.0,17,10,12,8,10
Personagem_2832,Guerreiro,Tiefling  ,8.0,14.0,11,19,9,14,9
Personagem_2833,Mago,Anão,8.0,4.0,15,13,15,14,11
Personagem_2834,Mago,Halfling,5.0,5.0,12,14,18,13,9
Personagem_2835,Guerreiro,   anão,3.0,13.0,11,17,13,9,14
Personagem_2836,Patrulheiro,Anão,8.0,12.0,16,14,5,19,7
Personagem_2837,Paladino,Tiefling,4.0,13.0,11,12,11,8,16
Personagem_2838,Clérigo,,7.0,11.0,8,13,6,17,15
Personagem_2839,Clérigo,Halfling,2.0,12.0,9,9,11,16,14
Personagem_2840,Bardo,Halfling,7.0,9.0,14,11,12,14,18
Personagem_2841,Ladino, elfo ,11.0,8.0,16,13,14,10,11
Personagem_2842,Feiticeiro,Tiefling,5.0,7.0,15,14,10,8,18
Personagem_2843,Druida,Anão,8.0,9.0,11,13,11,18,8
Personagem_2844,Paladino,Elfo,2.0,16.0,10,17,9,15,16
Personagem_2845,Druida,Draconato,6.0,8.0,13,12,13,16,4
Personagem_2846,Druida,Halfling,6.0,10.0,10,15,10,15,7
Personagem_2847,Guerreiro,Elfo,2.0,17.0,13,14,6,9,9
Personagem_2848,Mago,Anão,10.0,7.0,11,14,17,13,10
Personagem_2849,Mago,Anão,13.0,8.0,13,14,18,6,9
Personagem_2850,Feiticeiro,Elfo,5.0,9.0,13,14,11,6,18
Personagem_2851,Guerreiro,Halfling,4.0,20.0,13,12,5,9,9
Personagem_2852,Druida,Draconato,8.0,7.0,12,18,10,15,9
Personagem_2853,Patrulheiro,Humano,3.0,6.0,14,15,8,13,11
Personagem_2854,Monge,   anão,9.0,12.0,15,12,10,12,8
Personagem_2855,Mago,Tiefling,8.0,7.0,12,12,19,9,9
Personagem_2856,Paladino,Humano,4.0,17.0,10,17,10,11,10
Personagem_2857,Paladino,Elfo,12.0,13.0,10,16,9,8,15
Personagem_2858,Bardo,Elfo,1.0,12.0,15,13,9,9,18
Personagem_2859,Bruxo,Elfo,1.0,10.0,13,13,12,9,18
Personagem_2860,Monge,Githyanki,3.0,12.0,13,14,12,15,10
Personagem_2861,Mago,Tiefling,3.0,8.0,12,14,19,14,7
Personagem_2862,Clérigo,Anão,8.0,13.0,8,13,8,17,11
Personagem_2863,Mago,Humano,8.0,11.0,14,11,17,11,9
Personagem_2864,Bardo,Tiefling,6.0,4.0,15,12,7,11,16
Personagem_2865,Paladino,Anão,7.0,17.0,10,13,9,11,15
Personagem_2866,Druida,Githyanki,6.0,10.0,11,16,12,13,11
Personagem_2867,Clérigo,Humano,1.0,9.0,10,10,6,15,7
Personagem_2868,Guerreiro,Halfling,3.0,15.0,15,18,12,12,12
Personagem_2869,Ladino,Halfling,8.0,6.0,18,13,14,11,14
Personagem_2870,Druida,Humano,1.0,5.0,10,14,10,18,4
Personagem_2871,Ladino,Tiefling,7.0,9.0,18,10,11,9,11
Personagem_2872,Monge,Humano,4.0,11.0,19,10,14,17,11
Personagem_2873,Patrulheiro,Githyanki,9.0,9.0,15,11,8,14,9
Personagem_2874,Bruxo,Anão,1.0,8.0,14,13,8,7,16
Personagem_2875,Patrulheiro,Draconato,6.0,10.0,14,12,10,18,5
Personagem_2876,Clérigo,Anão,8.0,14.0,10,14,6,19,12
Personagem_2877,Feiticeiro,Githyanki,5.0,5.0,16,11,8,10,20
Personagem_2878,Clérigo,Draconato,15.0,13.0,8,12,6,12,8
Personagem_2879,Patrulheiro,Elfo,1.0,7.0,18,13,9,14,8
Personagem_2880,Mago,Halfling,6.0,6.0,12,14,20,9,12
Personagem_2881,Paladino,Humano,3.0,18.0,10,12,7,13,16
Personagem_2882,Mago,Draconato,,7.0,9,13,17,10,11
Personagem_2883,Mago,Elfo,4.0,6.0,17,14,17,12,7
Personagem_2884,Monge,Githyanki,12.0,12.0,19,10,7,12,7
Personagem_2885,Druida,Draconato,7.0,11.0,10,16,10,20,8
Personagem_2886,Feiticeiro,Anão,3.0,10.0,13,17,10,6,17
Personagem_2887,Feiticeiro,Humano,1.0,6.0,14,13,9,8,17
Personagem_2888,Mago,Humano,12.0,9.0,14,14,19,9,7
Personagem_2889,Ladino,Humano,8.0,9.0,19,12,13,12,12
Personagem_2890,Monge,Githyanki,7.0,10.0,17,11,6,16,6
Personagem_2891,Mago,Anão,11.0,8.0,14,7,15,8,9
Personagem_2892,Bruxo,Halfling,4.0,9.0,11,15,9,9,15
Personagem_2893,Paladino,Anão,6.0,17.0,10,15,10,11,14
Personagem_2894,Druida,Humano,9.0,8.0,12,11,8,17,8
Personagem_2895,Guerreiro,Githyanki,10.0,20.0,12,13,5,11,8
Personagem_2896,Bruxo,Elfo,16.0,10.0,11,13,14,9,20
Personagem_2897,Ladino,Draconato,10.0,10.0,20,19,14,11,10
Personagem_2898,Clérigo,Halfling,2.0,16.0,8,11,9,19,12
Personagem_2899,Clérigo,Draconato,,13.0,12,12,9,19,13
Personagem_2900,Patrulheiro,Tiefling,7.0,9.0,15,14,6,17,8
Personagem_2901,Bruxo,Tiefling,5.0,9.0,12,16,10,10,17
Personagem_2902,Patrulheiro,Githyanki,6.0,9.0,18,11,10,16,10
Personagem_2903,Mago,Draconato,6.0,9.0,15,15,17,13,9
Personagem_2904,Guerreiro,Tiefling,4.0,15.0,10,16,6,10,12
Personagem_2905,Bardo,Draconato,9.0,12.0,17,13,13,7,18
Personagem_2906,Bardo,Humano,3.0,11.0,17,10,12,12,17
Personagem_2907,Ladino,Draconato,6.0,9.0,16,13,12,7,13
Personagem_2908,Mago,Anão,6.0,12.0,14,11,17,12,12
Personagem_2909,Feiticeiro,Humano,9.0,10.0,12,15,9,7,17
Personagem_2910,Patrulheiro,Elfo,8.0,12.0,17,13,10,12,6
Personagem_2911,Feiticeiro,Elfo,5.0,12.0,14,15,11,7,19
Personagem_2912,Druida,Draconato,7.0,10.0,11,13,12,16,8
Personagem_2913,Guerreiro,,10.0,17.0,11,14,12,9,11
Personagem_2914,Guerreiro,Githyanki,7.0,14.0,12,10,6,12,10
Personagem_2915,Clérigo,Githyanki,6.0,8.0,10,14,12,15,8
Personagem_2916,Monge,Humano,7.0,9.0,17,6,8,14,8
Personagem_2917,Patrulheiro,Humano,9.0,10.0,18,11,11,14,9
Personagem_2918,Ladino,Anão,6.0,11.0,18,13,15,11,12
Personagem_2919,Bardo,Humano,,10.0,14,11,9,9,18
Personagem_2920,Ladino,,8.0,6.0,18,13,7,11,10
Personagem_2921,Feiticeiro,Tiefling,4.0,4.0,17,12,9,9,18
Personagem_2922,Feiticeiro,Halfling,1.0,4.0,14,13,8,8,16
Personagem_2923,Bruxo,,3.0,8.0,14,15,9,13,16
Personagem_2924,Druida,Halfling,8.0,6.0,9,13,10,14,10
Personagem_2925,Guerreiro,Draconato,5.0,16.0,12,17,8,8,6
Personagem_2926,Paladino,Draconato,,16.0,9,14,7,10,13
Personagem_2927,Patrulheiro,Tiefling,10.0,7.0,18,14,8,14,4
Personagem_2928,Ladino,Halfling,6.0,11.0,18,14,10,7,12
Personagem_2929,Patrulheiro,Githyanki,7.0,8.0,19,8,10,15,9
Personagem_2930,Feiticeiro,Humano,9.0,7.0,14,10,11,5,17
Personagem_2931,Monge,Anão,7.0,,14,11,8,17,8
Personagem_2932,Clérigo,,8.0,17.0,10,9,8,19,11
Personagem_2933,Bardo,Draconato,5.0,6.0,15,14,11,10,16
Personagem_2934,Druida,Anão,8.0,8.0,10,14,4,19,6
Personagem_2935,Monge,Tiefling,4.0,11.0,19,15,8,15,8
Personagem_2936,Druida,Draconato,2.0,8.0,11,12,14,16,9
Personagem_2937,Bruxo,Draconato,8.0,6.0,11,11,11,11,17
Personagem_2938,Paladino,Anão,3.0,17.0,12,14,11,11,17
Personagem_2939,Feiticeiro,Humano,2.0,6.0,12,18,13,11,16
Personagem_2940,Clérigo,Anão,10.0,14.0,12,15,12,15,9
Personagem_2941,Monge,Draconato,7.0,9.0,16,12,5,12,11
Personagem_2942,Druida,Anão,8.0,12.0,11,13,10,14,9
Personagem_2943,Guerreiro,Githyanki,6.0,17.0,11,15,4,10,12
Personagem_2944,Bruxo,Anão,2.0,10.0,14,11,13,10,20
Personagem_2945,Guerreiro,Elfo,8.0,18.0,13,14,9,12,10
Personagem_2946,Clérigo,Draconato,5.0,12.0,8,14,10,19,11
Personagem_2947,Monge,Tiefling,9.0,8.0,14,9,8,20,12
Personagem_2948,Patrulheiro,Humano,7.0,11.0,16,10,12,14,8
Personagem_2949,Bruxo,Tiefling,13.0,8.0,13,13,12,9,17
Personagem_2950,Monge,Tiefling,3.0,9.0,16,10,9,15,6
Personagem_2951,Feiticeiro,Halfling,13.0,9.0,12,13,9,12,20
Personagem_2952,Mago,Humano,9.0,7.0,13,14,16,12,9
Personagem_2953,Bruxo,Githyanki,6.0,10.0,11,10,9,12,16
Personagem_2954,Guerreiro,Humano,6.0,20.0,16,15,10,9,6
Personagem_2955,Clérigo,Elfo,5.0,12.0,11,14,10,14,12
Personagem_2956,Paladino,Draconato,7.0,17.0,6,16,6,7,13
Personagem_2957,Feiticeiro,Anão,8.0,11.0,13,15,7,8,16
Personagem_2958,Mago,Humano,4.0,10.0,12,9,19,12,7
Personagem_2959,Paladino,Humano,,13.0,8,17,8,13,15
Personagem_2960,Bardo,Tiefling,8.0,7.0,19,11,9,10,14
Personagem_2961,Feiticeiro,Halfling,4.0,4.0,15,19,9,9,18
Personagem_2962,Clérigo,Githyanki,3.0,11.0,7,14,9,14,13
Personagem_2963,Druida,draconato,7.0,13.0,12,16,9,17,6
Personagem_2964,Bruxo,Elfo,9.0,8.0,12,19,6,10,17
Personagem_2965,Monge,Elfo,4.0,10.0,15,17,9,14,11
Personagem_2966,Clérigo,Humano,7.0,9.0,14,15,9,16,9
Personagem_2967,Bruxo,Humano,5.0,8.0,10,15,10,10,15
Personagem_2968,Paladino,Githyanki,3.0,15.0,11,13,10,7,17
Personagem_2969,Patrulheiro,Githyanki,3.0,11.0,13,13,10,13,7
Personagem_2970,Monge,Humano,2.0,13.0,15,10,4,15,9
Personagem_2971,Ladino,Humano,5.0,7.0,17,10,6,12,12
Personagem_2972,Guerreiro,Anão,6.0,16.0,13,12,9,9,6
Personagem_2973,Bardo,Draconato,10.0,8.0,17,13,12,9,15
Personagem_2974,Feiticeiro,Humano,9.0,5.0,11,13,6,7,19
Personagem_2975,Patrulheiro,Elfo,5.0,14.0,12,17,10,16,9
Personagem_2976,Patrulheiro,Draconato,8.0,10.0,11,10,10,17,11
Personagem_2977,Clérigo,draconato,8.0,15.0,10,13,8,16,10
Personagem_2978,Bardo,,8.0,9.0,13,13,10,13,17
Personagem_2979,Druida,Tiefling,7.0,10.0,14,13,6,20,7
Personagem_2980,Bruxo,,8.0,8.0,10,13,10,9,15
Personagem_2981,Bruxo,Elfo,8.0,7.0,14,14,14,11,19
Personagem_2982,Clérigo,Humano,7.0,14.0,14,14,10,16,12
Personagem_2983,Mago,Githyanki,8.0,5.0,10,14,18,10,10
Personagem_2984,Mago,Halfling,3.0,8.0,15,14,18,13,11
Personagem_2985,Ladino,Humano,5.0,9.0,17,12,13,8,15
Personagem_2986,Guerreiro,Halfling,8.0,18.0,12,17,10,12,8
Personagem_2987,Monge,Anão,4.0,12.0,15,13,7,13,10
Personagem_2988,Druida,Anão,6.0,7.0,12,14,8,18,10
Personagem_2989,Bardo,Draconato,3.0,7.0,19,11,7,13,15
Personagem_2990,Mago,Githyanki,6.0,5.0,14,15,18,11,12
Personagem_2991,Ladino,Humano,5.0,6.0,16,15,11,8,15
Personagem_2992,Ladino,Draconato,5.0,5.0,14,11,12,9,12
Personagem_2993,Clérigo,Githyanki,8.0,14.0,8,12,13,18,9
Personagem_2994,Druida,Halfling,10.0,13.0,11,13,16,14,6
Personagem_2995,Paladino,Githyanki,9.0,16.0,8,16,8,12,20
Personagem_2996,Monge,Draconato,3.0,8.0,17,13,10,15,10
Personagem_2997,Guerreiro,Halfling,2.0,19.0,14,14,4,7,8
Personagem_2998,Feiticeiro,Draconato,7.0,6.0,14,10,6,9,15
Personagem_2999,Clérigo,Draconato,7.0,10.0,4,15,10,17,12
Personagem_3000,Monge,Humano,3.0,10.0,16,15,9,17,10
