nome_personagem,nivel,raca,classe,forca,destreza,constituicao,sabedoria,inteligencia,carisma
Kagha Firebrand,6,Orc,Feiticeiro,13,12,9,16,17,15
Ragzlin Goldseeker,2,Anão,Monge,16,17,11,15,9,17
Orin Darkweaver,3,Githyanki,Patrulheiro,8,9,8,17,10,11
Jaheira Swiftfoot,7,Meio-Elfo,Clérigo,19,11,14,18,18,9
Bex Stormwind,11,Orc,Guerreiro,8,15,11,16,18,11
Kagha Del'Vyre,2,Orc,Druida,12,15,18,11,11,19
Alfira Ironfist,12,Humano,Clérigo,17,18,15,19,12,18
Cora Firebrand,6,Halfling,Patrulheiro,12,8,16,11,16,11
Viconia Ironfist,5,Tiefling,Feiticeiro,12,9,19,16,13,18
Viconia Spellweaver,10,Anão,Clérigo,17,12,16,15,8,16
Brem Spellweaver,1,Githyanki,Bardo,13,16,10,19,10,17
Omeluum Cliffgate,12,Gnomo,Mago,15,17,12,9,14,18
Rath Ravengard,11,Gnomo,Guerreiro,10,18,13,15,15,13
Brem Stoutbeard,10,Meio-Elfo,Feiticeiro,16,19,13,8,14,17
Gale Anchev,11,Orc,Druida,8,18,17,16,12,13
Danis Shadowdancer,4,Orc,Bardo,11,14,15,16,17,12
Shadowheart Goldseeker,11,Halfling,Bardo,16,17,13,15,15,13
Brem Sunstrider,2,Orc,Bruxo,15,12,13,18,16,8
Aradin Moonbreeze,4,Gnomo,Mago,17,8,11,12,14,12
Sazza Cliffgate,1,Anão,Monge,16,13,14,12,18,19
Shadowheart Ansur,2,Meio-Elfo,Mago,8,19,15,10,16,13
Bex Dekarios,8,Halfling,Mago,16,15,10,12,8,15
Mizora Spellweaver,6,Tiefling,Bardo,10,14,14,11,16,11
Sarevok Silverfrond,2,Gnomo,Monge,18,9,10,8,10,12
Danis Stormwind,12,Elfo,Ladino,19,19,15,16,13,11
Roah Ravengard,6,Humano,Bruxo,17,12,8,17,15,14
Nere Sunstrider,10,Halfling,Mago,16,18,8,11,10,17
Dror Sunstrider,9,Halfling,Ladino,8,11,13,10,11,13
Bhaal Del'Vyre,7,Gnomo,Monge,8,16,17,13,14,11
Orin Ironfist,9,Meio-Elfo,Mago,16,17,16,8,19,13
Gale Silverfrond,5,Humano,Guerreiro,18,8,19,12,14,11
Blurg Dekarios,7,Anão,Ladino,13,19,11,14,11,19
Halsin Bloodaxe,11,Anão,Ladino,11,13,13,9,16,15
Bex Windrunner,7,Orc,Guerreiro,14,10,19,17,10,18
Minsc Ironfist,12,Elfo,Ladino,12,18,12,16,19,10
Kagha Swiftfoot,12,Dragonborn,Clérigo,17,16,19,19,15,15
Volothamp Darkweaver,3,Gnomo,Mago,14,12,8,13,15,9
Wyll Stormwind,7,Meio-Elfo,Druida,15,13,13,9,11,13
Roah Cliffgate,1,Humano,Ladino,15,18,16,15,14,15
Gortash Firebrand,9,Meio-Elfo,Patrulheiro,8,16,19,15,11,8
Minsc Stonefoot,10,Dragonborn,Paladino,15,16,10,8,19,13
Abdirak Swiftfoot,6,Anão,Monge,13,15,18,19,8,16
Shadowheart Ravengard,5,Meio-Elfo,Patrulheiro,11,16,10,8,8,17
Barcus Ravengard,7,Anão,Guerreiro,19,11,9,8,8,17
Dror Swiftfoot,5,Anão,Mago,15,13,11,19,9,9
Halsin Ravengard,10,Elfo,Mago,10,12,17,11,13,18
Jaheira Del'Vyre,5,Anão,Patrulheiro,11,12,10,11,19,8
Voss Starseeker,11,Githyanki,Ladino,13,11,19,15,17,9
Gortash Cliffgate,10,Anão,Monge,18,9,9,8,18,12
Elminster Dekarios,11,Humano,Mago,14,19,8,17,12,13
Omeluum Stormwind,7,Humano,Ladino,11,13,10,10,18,8
Rath Brightwood,10,Humano,Guerreiro,11,16,17,18,9,14
Wyll Spellweaver,7,Halfling,Clérigo,14,19,13,8,15,18
Shadowheart Silverfrond,11,Gnomo,Bruxo,13,8,16,16,16,11
Lae'zel Firebrand,3,Gnomo,Monge,18,14,18,17,14,16
Wyll Goldseeker,3,Gnomo,Feiticeiro,15,13,12,19,19,13
Ragzlin Spellweaver,10,Githyanki,Guerreiro,8,10,10,16,19,16
Volothamp Silverfrond,12,Humano,Bardo,17,8,12,14,16,8
Abdirak Shadowdancer,3,Orc,Mago,18,11,12,19,11,11
Raphael Windrunner,6,Gnomo,Paladino,14,16,12,15,14,9
Minthara Dekarios,12,Dragonborn,Ladino,19,9,19,8,12,13
Omeluum Ravengard,6,Dragonborn,Bardo,14,10,19,12,12,11
Gortash Ravengard,3,Meio-Elfo,Patrulheiro,18,9,14,9,10,16
Zevlor Brightwood,3,Halfling,Mago,14,9,12,8,16,10
Orin Spellweaver,8,Orc,Clérigo,14,17,14,10,17,8
Jaheira Silverfrond,8,Anão,Feiticeiro,17,18,16,14,12,18
Gortash Anchev,7,Humano,Bardo,17,18,12,8,13,18
Cora Silverfrond,10,Githyanki,Druida,15,15,9,18,10,8
Rath Windrunner,4,Halfling,Ladino,16,10,12,9,17,19
Bex Stonefoot,4,Elfo,Bardo,16,14,15,9,14,16
Bhaal Starseeker,3,Elfo,Clérigo,9,15,19,11,16,16
Volothamp Darkweaver,5,Tiefling,Monge,14,10,11,19,16,12
Brem Del'Vyre,3,Anão,Patrulheiro,14,9,9,10,17,9
Abdirak Swiftfoot,8,Humano,Bruxo,11,15,17,10,17,16
Roah Anchev,7,Halfling,Guerreiro,16,10,10,17,12,19
Ragzlin Silverfrond,3,Elfo,Ladino,15,14,16,12,14,15
Orin Darkweaver,9,Tiefling,Paladino,19,19,16,10,19,18
Astarion Spellweaver,12,Githyanki,Druida,8,8,15,18,19,17
Roah Stonefoot,5,Humano,Bardo,9,19,15,14,10,17
Halsin Bloodaxe,9,Elfo,Ladino,9,13,15,12,13,13
Minsc Moonbreeze,7,Gnomo,Monge,19,19,15,11,19,14
Brem Stonefoot,7,Dragonborn,Patrulheiro,19,19,15,19,15,19
Astarion Moonbreeze,6,Tiefling,Clérigo,18,16,8,10,15,13
Jaheira Ironfist,2,Githyanki,Bruxo,15,19,13,19,9,12
Brem Hallowtide,9,Elfo,Ladino,8,10,19,11,13,11
Viconia Dekarios,6,Githyanki,Paladino,11,14,16,19,14,14
Elminster Darkweaver,8,Anão,Guerreiro,17,13,15,9,19,11
Jaheira Ansur,1,Meio-Elfo,Guerreiro,19,15,10,8,14,17
Voss Sunstrider,5,Tiefling,Bruxo,12,10,18,10,10,17
Voss Del'Vyre,12,Halfling,Druida,16,10,8,18,16,17
Mizora Silverfrond,1,Halfling,Feiticeiro,14,11,9,9,9,16
Karlach Firebrand,10,Elfo,Paladino,15,10,18,8,18,12
Kagha Anchev,11,Gnomo,Monge,18,16,9,8,10,15
Dror Ironfist,8,Gnomo,Paladino,16,18,14,9,18,19
Halsin Dekarios,8,Anão,Monge,14,11,19,16,9,19
Minsc Darkweaver,1,Halfling,Druida,12,13,13,12,18,19
Jaheira Spellweaver,9,Tiefling,Monge,12,15,18,16,16,13
Sarevok Del'Vyre,2,Dragonborn,Patrulheiro,17,18,9,15,11,11
Raphael Stormwind,12,Gnomo,Paladino,18,15,15,18,9,19
Mizora Stoutbeard,9,Halfling,Clérigo,13,12,16,13,10,10
Cora Windrunner,1,Meio-Elfo,Feiticeiro,12,12,14,8,11,18
Brem Nightbreeze,12,Tiefling,Clérigo,19,13,11,17,17,13
Blurg Sunstrider,10,Dragonborn,Feiticeiro,18,17,8,12,13,8
Voss Darkweaver,9,Meio-Elfo,Bardo,16,14,11,19,12,9
Rath Ravengard,4,Halfling,Paladino,10,17,11,8,10,14
Danis Hallowtide,9,Elfo,Druida,10,14,15,14,17,11
Nere Stonefoot,7,Orc,Paladino,14,11,11,17,15,12
Voss Stoutbeard,11,Orc,Guerreiro,14,13,11,18,15,18
Astarion Ravengard,6,Anão,Patrulheiro,13,14,9,15,14,17
Voss Spellweaver,5,Anão,Guerreiro,10,12,19,15,10,8
Blurg Ravengard,11,Dragonborn,Feiticeiro,14,12,17,14,8,9
Gortash Dekarios,9,Meio-Elfo,Ladino,12,9,14,9,12,11
Gale Windrunner,2,Halfling,Mago,14,14,11,12,8,15
Astarion Darkweaver,11,Halfling,Bardo,9,19,18,11,13,17
Karlach Stonefoot,12,Elfo,Bruxo,13,13,13,12,18,11
Abdirak Anchev,2,Githyanki,Ladino,15,18,10,17,14,10
Gortash Ironfist,11,Anão,Ladino,8,8,14,16,19,10
Kagha Windrunner,12,Githyanki,Paladino,11,11,13,11,12,19
Nere Silverfrond,9,Githyanki,Feiticeiro,18,10,10,19,11,12
Minsc Firebrand,12,Elfo,Ladino,8,19,11,15,9,10
Orin Moonbreeze,3,Githyanki,Mago,8,10,17,15,12,15
Orin Windrunner,8,Githyanki,Ladino,17,14,12,9,16,12
Abdirak Stonefoot,11,Elfo,Paladino,19,18,16,13,11,19
Ketheric Windrunner,9,Gnomo,Guerreiro,18,19,13,12,9,19
Dammon Ironfist,8,Githyanki,Ladino,15,17,11,9,13,14
Kagha Hallowtide,4,Anão,Bruxo,14,11,18,19,15,18
Dammon Ravengard,12,Elfo,Patrulheiro,19,19,18,17,9,15
Wyll Spellweaver,1,Tiefling,Patrulheiro,17,15,14,11,16,12
Aradin Sunstrider,4,Githyanki,Monge,8,18,9,14,14,15
Blurg Goldseeker,9,Gnomo,Bardo,18,16,11,8,9,19
Cora Brightwood,2,Anão,Mago,9,10,12,16,18,10
Kagha Bloodaxe,3,Humano,Clérigo,11,12,11,17,12,19
Orin Moonbreeze,10,Anão,Mago,8,11,11,19,12,14
Ragzlin Cliffgate,8,Meio-Elfo,Monge,10,19,18,8,14,15
Omeluum Spellweaver,6,Tiefling,Bruxo,15,17,16,19,12,14
Ketheric Darkweaver,8,Orc,Feiticeiro,15,13,18,12,18,9
Dammon Darkweaver,7,Halfling,Guerreiro,15,18,9,14,13,15
Halsin Shadowdancer,5,Meio-Elfo,Clérigo,13,17,13,15,16,13
Danis Moonbreeze,9,Elfo,Paladino,13,11,15,9,10,17
Dror Moonbreeze,4,Elfo,Paladino,12,15,15,11,10,10
Shadowheart Goldseeker,6,Halfling,Bardo,16,10,18,9,15,11
Lae'zel Cliffgate,2,Dragonborn,Clérigo,11,18,14,11,17,14
Dror Starseeker,2,Dragonborn,Paladino,17,12,17,13,19,10
Dror Dekarios,2,Halfling,Bardo,19,8,18,13,13,8
Barcus Cliffgate,10,Elfo,Bruxo,19,13,11,19,19,13
Aradin Ironfist,7,Anão,Clérigo,19,18,14,9,17,10
Viconia Ansur,2,Tiefling,Bruxo,14,12,17,18,10,18
Dror Sunstrider,12,Gnomo,Paladino,8,15,13,11,9,17
Roah Starseeker,2,Orc,Patrulheiro,16,16,18,11,9,13
Kagha Firebrand,9,Tiefling,Mago,14,15,13,8,9,17
Mizora Ironfist,7,Halfling,Mago,17,15,9,9,12,19
Astarion Nightbreeze,11,Elfo,Bruxo,19,19,15,10,19,10
Nere Darkweaver,3,Dragonborn,Patrulheiro,16,10,15,18,12,13
Ketheric Stormwind,3,Elfo,Bardo,14,11,18,12,8,18
Gale Spellweaver,7,Dragonborn,Guerreiro,9,18,14,18,9,11
Kagha Darkweaver,5,Tiefling,Feiticeiro,13,11,18,15,9,11
Lae'zel Stonefoot,10,Meio-Elfo,Guerreiro,17,18,16,13,11,17
Jaheira Bloodaxe,6,Anão,Druida,19,12,15,10,14,17
Nere Stormwind,12,Tiefling,Monge,18,16,16,13,10,18
Minsc Darkweaver,8,Anão,Ladino,11,19,16,14,12,9
Blurg Firebrand,9,Githyanki,Druida,10,16,13,13,18,11
Mizora Firebrand,1,Tiefling,Guerreiro,9,17,9,17,16,18
Brem Dekarios,3,Humano,Feiticeiro,13,19,19,13,12,19
Orin Hallowtide,11,Humano,Patrulheiro,15,8,14,8,16,11
Dammon Silverfrond,7,Anão,Mago,13,15,10,10,8,18
Dammon Del'Vyre,6,Githyanki,Mago,16,8,14,14,16,14
Brem Shadowdancer,7,Anão,Guerreiro,12,9,16,11,12,12
Sarevok Brightwood,8,Halfling,Guerreiro,9,14,17,19,15,15
Kagha Stoutbeard,6,Humano,Monge,15,15,17,11,12,14
Shadowheart Goldseeker,3,Elfo,Guerreiro,16,8,9,14,19,17
Gale Silverfrond,2,Anão,Bruxo,17,10,13,16,13,16
Blurg Spellweaver,12,Anão,Paladino,11,14,13,18,15,15
Elminster Spellweaver,7,Orc,Ladino,13,16,16,9,9,16
Shadowheart Spellweaver,12,Gnomo,Bardo,18,15,16,16,10,8
Shadowheart Ansur,12,Gnomo,Ladino,17,15,12,10,18,17
Dror Stoutbeard,12,Dragonborn,Ladino,15,16,12,13,16,19
Cora Darkweaver,11,Githyanki,Druida,16,17,16,11,12,10
Blurg Cliffgate,1,Humano,Guerreiro,19,10,15,8,12,12
Dammon Del'Vyre,3,Humano,Bruxo,12,15,14,16,16,16
Mizora Ravengard,12,Gnomo,Druida,19,8,15,18,17,15
Astarion Silverfrond,11,Anão,Druida,13,15,13,13,10,17
Alfira Firebrand,4,Anão,Paladino,18,14,10,15,11,14
Shadowheart Bloodaxe,1,Humano,Paladino,11,15,14,9,14,9
Abdirak Starseeker,5,Githyanki,Patrulheiro,12,8,15,14,9,18
Dammon Shadowdancer,10,Meio-Elfo,Paladino,14,13,15,13,15,13
Lae'zel Stormwind,3,Halfling,Bruxo,16,14,8,9,12,11
Dammon Windrunner,2,Orc,Patrulheiro,17,18,14,9,8,12
Wyll Windrunner,3,Humano,Clérigo,18,12,10,11,10,12
Viconia Ironfist,8,Dragonborn,Monge,13,12,9,11,16,11
Elminster Del'Vyre,6,Meio-Elfo,Clérigo,13,14,9,10,12,11
Sazza Windrunner,7,Humano,Ladino,15,18,15,15,15,11
Brem Swiftfoot,12,Orc,Druida,18,10,16,14,8,18
Karlach Swiftfoot,6,Gnomo,Bruxo,11,13,10,9,14,9
Raphael Stonefoot,6,Humano,Patrulheiro,10,14,10,10,14,8
Lae'zel Shadowdancer,12,Meio-Elfo,Clérigo,14,8,13,17,15,19
Danis Moonbreeze,3,Halfling,Druida,12,19,18,16,10,9
Viconia Anchev,12,Anão,Bruxo,9,9,17,12,8,14
Bhaal Brightwood,8,Tiefling,Bardo,9,19,8,9,18,19
Mizora Sunstrider,12,Gnomo,Bardo,18,11,13,10,16,8
Minsc Del'Vyre,7,Meio-Elfo,Bardo,13,15,19,15,8,13
Lae'zel Sunstrider,7,Dragonborn,Monge,15,18,10,11,18,11
Bhaal Nightbreeze,6,Dragonborn,Paladino,8,17,18,9,13,9
Ragzlin Firebrand,5,Elfo,Monge,18,13,11,9,16,10
Gale Del'Vyre,10,Tiefling,Monge,13,8,16,13,9,14
Barcus Darkweaver,8,Humano,Bruxo,19,17,10,15,11,13
Omeluum Stormwind,5,Elfo,Bruxo,9,12,8,14,9,13
Alfira Stoutbeard,9,Dragonborn,Ladino,9,14,10,11,11,15
Abdirak Spellweaver,9,Humano,Patrulheiro,14,13,14,9,9,15
Gale Stoutbeard,1,Elfo,Mago,17,19,14,16,19,13
Alfira Hallowtide,6,Humano,Bardo,8,16,18,11,8,8
Barcus Hallowtide,7,Halfling,Guerreiro,13,15,12,16,18,17
Dammon Del'Vyre,3,Tiefling,Druida,14,11,8,12,10,14
Halsin Ansur,7,Gnomo,Mago,15,18,18,19,15,15
Mizora Dekarios,11,Gnomo,Guerreiro,14,19,15,19,12,12
Rath Nightbreeze,11,Gnomo,Bruxo,13,12,17,18,11,18
Kagha Ravengard,7,Dragonborn,Mago,16,14,15,18,12,11
Volothamp Ansur,11,Halfling,Ladino,10,15,17,14,13,14
Rath Firebrand,2,Orc,Bardo,18,12,19,19,13,19
Astarion Ravengard,7,Tiefling,Paladino,13,16,17,12,12,19
Viconia Silverfrond,1,Meio-Elfo,Druida,11,17,17,9,19,18
Dror Stoutbeard,5,Githyanki,Guerreiro,9,19,9,13,18,13
Roah Stoutbeard,9,Orc,Feiticeiro,8,11,17,14,19,19
Cora Ravengard,7,Meio-Elfo,Bardo,19,11,10,18,13,13
Zevlor Brightwood,7,Gnomo,Ladino,19,15,11,13,16,10
Aradin Ansur,11,Meio-Elfo,Paladino,8,8,8,10,12,18
Voss Dekarios,12,Humano,Druida,18,15,11,17,13,17
Halsin Del'Vyre,2,Humano,Paladino,17,12,12,15,11,11
Bhaal Anchev,8,Meio-Elfo,Patrulheiro,10,18,10,10,10,12
Abdirak Stoutbeard,3,Anão,Ladino,11,8,18,12,19,16
Shadowheart Starseeker,8,Elfo,Ladino,9,11,17,16,13,15
Astarion Brightwood,3,Githyanki,Druida,19,9,9,18,18,10
Sarevok Anchev,10,Dragonborn,Bardo,18,11,13,12,18,13
Karlach Bloodaxe,7,Meio-Elfo,Bardo,18,15,15,14,12,17
Blurg Bloodaxe,2,Tiefling,Feiticeiro,18,12,14,18,11,8
Dammon Dekarios,4,Anão,Clérigo,8,8,18,14,12,10
Minsc Cliffgate,11,Halfling,Bardo,11,14,8,12,14,17
Voss Ironfist,6,Anão,Bardo,14,8,11,9,8,19
Alfira Del'Vyre,11,Githyanki,Patrulheiro,17,16,10,12,8,14
Bhaal Stoutbeard,9,Tiefling,Paladino,18,10,13,14,18,14
Gale Del'Vyre,5,Anão,Patrulheiro,13,19,16,14,8,9
Barcus Bloodaxe,9,Dragonborn,Bardo,13,10,16,11,9,10
Brem Silverfrond,5,Elfo,Feiticeiro,18,13,14,8,16,14
Mizora Silverfrond,10,Tiefling,Mago,16,17,19,13,12,19
Brem Anchev,8,Humano,Patrulheiro,9,13,16,10,16,13
Viconia Silverfrond,1,Dragonborn,Monge,11,18,15,18,12,14
Jaheira Darkweaver,7,Gnomo,Mago,12,18,12,12,14,17
Omeluum Cliffgate,4,Halfling,Guerreiro,8,13,16,11,13,16
Sazza Shadowdancer,5,Githyanki,Bruxo,15,8,14,9,9,15
Rath Anchev,6,Githyanki,Clérigo,15,12,12,19,10,13
Barcus Stoutbeard,5,Meio-Elfo,Guerreiro,13,19,15,14,12,19
Voss Spellweaver,12,Githyanki,Bruxo,19,13,14,12,11,11
Roah Starseeker,1,Githyanki,Patrulheiro,12,15,16,14,18,17
Voss Anchev,12,Elfo,Monge,15,8,17,16,13,16
Roah Swiftfoot,9,Halfling,Bruxo,10,12,8,11,15,14
Ragzlin Shadowdancer,2,Elfo,Bruxo,10,10,16,12,15,12
Volothamp Cliffgate,9,Humano,Guerreiro,9,9,14,16,10,9
Volothamp Anchev,10,Tiefling,Bardo,12,18,8,17,11,16
Shadowheart Anchev,2,Anão,Clérigo,10,15,8,18,8,14
Voss Silverfrond,9,Halfling,Paladino,10,14,12,11,9,16
Bhaal Sunstrider,6,Anão,Monge,13,17,15,12,16,18
Omeluum Firebrand,11,Gnomo,Feiticeiro,15,14,16,12,19,16
Mizora Anchev,9,Elfo,Bruxo,9,12,19,15,17,17
Wyll Hallowtide,6,Dragonborn,Bardo,11,19,13,11,17,12
Mizora Del'Vyre,6,Anão,Paladino,18,16,19,11,9,14
Gortash Stoutbeard,11,Dragonborn,Feiticeiro,14,12,17,14,19,12
Bex Starseeker,2,Meio-Elfo,Monge,8,9,19,18,13,10
Barcus Bloodaxe,8,Halfling,Bardo,8,10,15,12,14,17
Jaheira Sunstrider,3,Meio-Elfo,Bardo,19,11,13,13,13,15
Halsin Starseeker,7,Tiefling,Druida,17,12,18,13,15,15
Gale Windrunner,5,Meio-Elfo,Ladino,14,10,13,19,16,16
Elminster Hallowtide,3,Dragonborn,Bardo,14,19,11,13,15,18
Mizora Stonefoot,1,Githyanki,Paladino,8,14,18,17,12,19
Sarevok Hallowtide,8,Elfo,Clérigo,8,12,12,12,15,13
Danis Ansur,3,Meio-Elfo,Ladino,11,12,9,12,17,9
Danis Spellweaver,2,Tiefling,Monge,12,13,10,16,17,10
Aradin Brightwood,1,Halfling,Mago,12,14,10,15,16,18
Sazza Stonefoot,4,Orc,Patrulheiro,11,17,19,11,15,19
Sazza Silverfrond,8,Tiefling,Monge,15,17,18,14,9,17
Jaheira Stonefoot,3,Elfo,Bardo,14,15,12,15,9,18
Nere Darkweaver,1,Anão,Paladino,16,16,12,19,19,13
Nere Stonefoot,4,Humano,Bruxo,14,18,13,16,10,8
Raphael Darkweaver,9,Halfling,Guerreiro,17,11,12,12,14,9
Bex Nightbreeze,1,Dragonborn,Patrulheiro,8,12,19,10,16,15
Aradin Nightbreeze,12,Humano,Monge,14,12,13,11,15,18
Mizora Windrunner,11,Tiefling,Druida,8,15,15,17,16,15
Dror Spellweaver,2,Tiefling,Feiticeiro,14,16,9,13,13,13
Mizora Starseeker,9,Tiefling,Guerreiro,17,14,11,17,8,10
Karlach Starseeker,2,Humano,Patrulheiro,15,12,13,18,19,9
Alfira Swiftfoot,3,Meio-Elfo,Clérigo,18,10,19,12,11,13
Wyll Swiftfoot,7,Elfo,Bruxo,16,8,12,16,13,8
Voss Dekarios,3,Halfling,Druida,19,18,8,18,19,17
Elminster Stoutbeard,9,Elfo,Patrulheiro,10,16,16,18,13,13
Dror Windrunner,6,Halfling,Bardo,11,12,10,10,15,16
Aradin Goldseeker,3,Halfling,Patrulheiro,11,16,9,9,8,14
Ragzlin Goldseeker,9,Anão,Paladino,19,17,16,13,18,16
Lae'zel Stormwind,1,Tiefling,Paladino,16,19,14,14,9,9
Voss Bloodaxe,10,Orc,Paladino,14,11,12,12,9,18
Blurg Stormwind,3,Gnomo,Monge,10,12,19,8,13,12
Brem Bloodaxe,1,Elfo,Bruxo,17,11,13,10,18,16
Ragzlin Goldseeker,2,Anão,Bruxo,12,9,19,10,14,14
Zevlor Stonefoot,12,Tiefling,Feiticeiro,14,19,18,19,9,16
Voss Sunstrider,8,Githyanki,Monge,15,8,11,11,12,18
Mizora Firebrand,7,Githyanki,Bruxo,8,15,8,17,13,13
Bex Windrunner,2,Meio-Elfo,Paladino,19,11,11,13,11,14
Dammon Dekarios,2,Humano,Paladino,9,12,16,12,8,17
Cora Silverfrond,9,Githyanki,Mago,14,13,8,8,10,12
Mizora Starseeker,6,Dragonborn,Patrulheiro,18,15,17,13,17,13
Gale Stoutbeard,5,Tiefling,Feiticeiro,9,18,10,16,16,8
Volothamp Stormwind,10,Gnomo,Bruxo,14,15,12,18,13,8
Roah Moonbreeze,6,Orc,Ladino,16,14,14,8,9,9
Zevlor Starseeker,9,Tiefling,Feiticeiro,18,11,16,15,16,18
Gale Bloodaxe,11,Githyanki,Paladino,9,13,13,15,11,11
Rath Anchev,7,Gnomo,Patrulheiro,14,11,10,10,18,18
Brem Stormwind,10,Orc,Guerreiro,11,14,14,16,15,16
Dammon Sunstrider,10,Meio-Elfo,Druida,18,19,11,18,17,14
Danis Anchev,9,Meio-Elfo,Ladino,9,19,10,18,14,13
Cora Ironfist,4,Anão,Ladino,14,18,14,15,19,8
Shadowheart Brightwood,2,Orc,Druida,12,8,18,10,18,12
Nere Moonbreeze,12,Orc,Monge,8,12,18,17,10,18
Shadowheart Spellweaver,8,Dragonborn,Bruxo,12,17,14,12,15,19
Abdirak Firebrand,4,Orc,Ladino,19,19,11,10,11,11
Elminster Nightbreeze,9,Githyanki,Guerreiro,19,17,19,12,9,12
Rath Spellweaver,4,Dragonborn,Patrulheiro,10,11,14,16,18,18
Mizora Stormwind,8,Orc,Feiticeiro,14,18,18,19,12,16
Minsc Windrunner,9,Elfo,Monge,13,14,9,11,8,19
Kagha Cliffgate,9,Anão,Bardo,15,16,8,13,15,10
Ragzlin Spellweaver,10,Anão,Bardo,12,12,19,10,15,11
Abdirak Starseeker,4,Elfo,Druida,9,11,9,10,10,15
Voss Sunstrider,1,Dragonborn,Patrulheiro,16,16,11,12,8,10
Roah Stormwind,3,Meio-Elfo,Patrulheiro,18,12,15,15,11,10
Brem Stoutbeard,9,Elfo,Bardo,15,16,10,15,16,16
Ketheric Brightwood,4,Tiefling,Ladino,13,15,17,10,16,12
Halsin Cliffgate,5,Humano,Bruxo,17,11,13,15,8,17
Omeluum Ravengard,7,Gnomo,Druida,14,18,13,18,18,8
Barcus Moonbreeze,5,Meio-Elfo,Bardo,16,18,16,15,14,14
Astarion Nightbreeze,4,Meio-Elfo,Patrulheiro,14,14,16,10,13,14
Jaheira Ironfist,2,Halfling,Monge,10,12,11,17,14,13
Bhaal Nightbreeze,2,Meio-Elfo,Guerreiro,13,17,16,17,14,13
Gortash Ansur,4,Anão,Monge,18,11,13,9,15,10
Sarevok Ironfist,10,Meio-Elfo,Monge,18,12,9,17,15,10
Cora Darkweaver,10,Tiefling,Bruxo,14,12,17,9,17,17
Orin Brightwood,9,Meio-Elfo,Feiticeiro,9,18,18,16,18,18
Dror Anchev,8,Orc,Druida,10,16,13,14,9,16
Raphael Moonbreeze,3,Anão,Bardo,11,19,9,13,19,8
Shadowheart Dekarios,9,Elfo,Paladino,17,16,15,14,19,14
Dammon Dekarios,5,Elfo,Feiticeiro,13,13,11,15,19,19
Cora Stormwind,11,Githyanki,Patrulheiro,8,11,12,19,11,18
Danis Firebrand,3,Humano,Monge,16,9,15,8,11,17
Roah Darkweaver,5,Humano,Monge,12,10,18,15,18,14
Danis Silverfrond,10,Orc,Druida,19,9,15,10,17,15
Danis Darkweaver,4,Humano,Feiticeiro,14,12,19,10,19,13
Lae'zel Spellweaver,8,Meio-Elfo,Clérigo,16,13,19,13,15,15
Orin Cliffgate,12,Elfo,Patrulheiro,16,18,13,11,10,8
Blurg Shadowdancer,5,Meio-Elfo,Guerreiro,8,12,11,11,19,8
Mizora Sunstrider,10,Halfling,Paladino,8,9,8,11,19,16
Jaheira Moonbreeze,12,Githyanki,Bardo,10,19,19,17,10,19
Karlach Darkweaver,8,Elfo,Mago,13,12,14,16,9,11
Kagha Ravengard,9,Humano,Mago,9,16,15,15,8,10
Wyll Spellweaver,4,Gnomo,Patrulheiro,17,11,16,10,15,13
Lae'zel Starseeker,7,Meio-Elfo,Bardo,19,19,9,8,16,17
Dammon Ansur,2,Tiefling,Feiticeiro,18,17,8,8,16,19
Aradin Nightbreeze,6,Gnomo,Clérigo,8,9,11,8,18,19
Voss Sunstrider,8,Tiefling,Guerreiro,8,10,12,11,15,16
Rath Starseeker,12,Halfling,Feiticeiro,12,10,17,13,12,17
Bhaal Swiftfoot,7,Humano,Paladino,11,16,19,11,8,18
Ketheric Firebrand,7,Meio-Elfo,Feiticeiro,8,11,8,18,16,11
Aradin Starseeker,8,Meio-Elfo,Clérigo,11,8,12,18,13,16
Alfira Stonefoot,7,Tiefling,Paladino,10,8,13,10,19,12
Elminster Stonefoot,5,Meio-Elfo,Mago,9,14,10,15,14,14
Alfira Ironfist,7,Halfling,Ladino,16,14,19,15,15,10
Dror Silverfrond,10,Anão,Mago,18,9,14,13,12,10
Abdirak Ravengard,3,Anão,Ladino,8,16,13,16,13,19
Blurg Ansur,5,Tiefling,Bardo,14,16,11,19,19,10
Abdirak Sunstrider,7,Humano,Patrulheiro,11,12,10,17,14,15
Cora Moonbreeze,9,Tiefling,Mago,12,10,12,8,14,13
Minsc Ironfist,2,Dragonborn,Druida,17,10,10,15,9,16
Sarevok Spellweaver,4,Meio-Elfo,Clérigo,12,19,17,13,18,16
Astarion Dekarios,12,Meio-Elfo,Druida,8,10,16,8,19,15
Astarion Firebrand,7,Anão,Bardo,13,13,16,11,8,8
Raphael Nightbreeze,1,Gnomo,Feiticeiro,16,11,13,12,15,13
Dammon Brightwood,2,Tiefling,Monge,9,15,18,14,12,11
Roah Stonefoot,9,Humano,Druida,14,18,13,15,17,11
Rath Goldseeker,10,Anão,Feiticeiro,13,18,19,16,9,10
Astarion Darkweaver,7,Tiefling,Bardo,12,18,11,19,10,19
Bhaal Darkweaver,12,Elfo,Monge,11,12,11,19,13,16
Kagha Moonbreeze,10,Humano,Ladino,11,8,9,13,17,9
Karlach Ravengard,7,Humano,Druida,13,16,17,17,13,8
Danis Swiftfoot,6,Orc,Bardo,11,8,11,16,15,17
Ragzlin Spellweaver,3,Gnomo,Monge,12,13,15,11,12,10
Gale Ravengard,10,Halfling,Ladino,13,8,17,15,12,11
Sarevok Windrunner,3,Humano,Bardo,12,10,9,10,14,11
Abdirak Shadowdancer,2,Orc,Bardo,14,17,16,11,17,13
Bhaal Hallowtide,11,Meio-Elfo,Ladino,16,12,8,17,12,8
Blurg Brightwood,6,Tiefling,Ladino,17,17,9,11,16,8
Danis Del'Vyre,4,Githyanki,Feiticeiro,14,14,9,13,13,9
Ragzlin Firebrand,5,Githyanki,Bardo,14,17,18,16,14,11
Gortash Shadowdancer,3,Gnomo,Bruxo,11,15,13,13,19,14
Dror Stormwind,6,Meio-Elfo,Paladino,8,19,14,8,15,13
Karlach Bloodaxe,11,Humano,Bruxo,15,16,10,12,12,18
Aradin Del'Vyre,12,Meio-Elfo,Guerreiro,11,13,18,16,18,16
Karlach Moonbreeze,3,Orc,Mago,8,18,16,12,11,14
Sarevok Brightwood,8,Elfo,Paladino,12,16,12,13,19,19
Bhaal Hallowtide,9,Halfling,Clérigo,15,15,12,10,15,12
Abdirak Brightwood,4,Dragonborn,Druida,11,16,18,15,19,13
Abdirak Silverfrond,9,Halfling,Feiticeiro,19,17,19,17,17,17
Bex Stormwind,12,Humano,Mago,15,11,11,18,16,16
Kagha Ravengard,7,Meio-Elfo,Bruxo,15,16,16,11,8,8
Omeluum Silverfrond,3,Halfling,Feiticeiro,10,14,15,11,10,18
Mizora Dekarios,7,Tiefling,Ladino,16,12,19,18,19,16
Aradin Anchev,1,Halfling,Feiticeiro,10,12,11,19,11,13
Blurg Shadowdancer,3,Orc,Bardo,8,8,11,12,14,19
Cora Brightwood,6,Halfling,Bruxo,9,9,9,17,13,11
Minthara Brightwood,4,Tiefling,Clérigo,13,17,16,16,17,19
Karlach Cliffgate,7,Dragonborn,Guerreiro,19,10,10,15,17,12
Omeluum Ironfist,3,Dragonborn,Clérigo,17,15,11,14,18,8
Raphael Windrunner,1,Tiefling,Clérigo,9,13,14,12,8,14
Zevlor Sunstrider,9,Meio-Elfo,Bruxo,13,19,17,16,11,15
Minthara Windrunner,6,Elfo,Ladino,8,17,15,16,13,18
Alfira Ansur,8,Humano,Paladino,18,18,15,17,10,12
Dammon Dekarios,3,Gnomo,Feiticeiro,8,12,11,17,9,9
Astarion Silverfrond,8,Githyanki,Mago,12,8,14,9,9,15
Karlach Starseeker,2,Meio-Elfo,Ladino,17,19,17,11,17,17
Wyll Silverfrond,12,Halfling,Patrulheiro,18,18,8,15,19,14
Bhaal Silverfrond,4,Githyanki,Feiticeiro,16,19,13,8,19,17
Brem Anchev,3,Githyanki,Bruxo,15,16,13,12,11,16
Bhaal Brightwood,10,Tiefling,Druida,10,10,13,15,8,11
Shadowheart Sunstrider,1,Anão,Clérigo,10,10,19,9,17,18
Dror Stoutbeard,7,Elfo,Druida,8,9,9,9,9,16
Dammon Hallowtide,11,Elfo,Mago,10,11,15,15,17,11
Nere Dekarios,10,Anão,Clérigo,19,19,12,17,9,10
Barcus Stormwind,2,Humano,Guerreiro,19,9,12,19,11,18
Brem Del'Vyre,4,Anão,Guerreiro,19,16,9,16,11,10
Sarevok Cliffgate,9,Gnomo,Mago,18,19,11,14,8,17
Voss Moonbreeze,6,Gnomo,Clérigo,8,17,19,15,14,9
Mizora Moonbreeze,8,Tiefling,Monge,15,14,16,12,14,17
Mizora Stonefoot,2,Halfling,Patrulheiro,8,15,16,8,17,10
Blurg Stoutbeard,7,Githyanki,Feiticeiro,12,10,13,11,18,15
Sarevok Windrunner,6,Elfo,Feiticeiro,16,13,18,9,17,18
Gale Windrunner,9,Elfo,Monge,14,17,16,10,17,15
Astarion Ansur,7,Anão,Paladino,11,13,11,19,8,9
Mizora Dekarios,1,Anão,Paladino,18,8,18,10,18,18
Rath Stonefoot,8,Anão,Bardo,16,13,8,16,15,9
Minthara Ironfist,11,Humano,Paladino,16,10,9,17,17,9
Ragzlin Del'Vyre,10,Anão,Ladino,9,18,8,11,14,17
Ketheric Silverfrond,3,Halfling,Bardo,17,10,15,9,14,14
Sarevok Nightbreeze,2,Githyanki,Guerreiro,17,10,16,10,18,13
Zevlor Spellweaver,12,Meio-Elfo,Feiticeiro,18,17,17,10,13,19
Shadowheart Windrunner,3,Meio-Elfo,Ladino,19,18,19,14,19,18
Voss Windrunner,11,Halfling,Clérigo,13,18,13,15,11,8
Cora Swiftfoot,6,Orc,Mago,11,17,9,18,18,9
Elminster Stonefoot,3,Gnomo,Mago,15,18,13,13,15,8
Abdirak Moonbreeze,10,Meio-Elfo,Patrulheiro,19,15,16,11,9,19
Jaheira Firebrand,5,Humano,Guerreiro,18,12,19,13,14,18
Ragzlin Stonefoot,6,Orc,Patrulheiro,14,11,10,18,10,14
Abdirak Swiftfoot,8,Dragonborn,Monge,14,16,16,8,10,13
Minthara Bloodaxe,7,Humano,Bruxo,18,16,9,17,14,9
Abdirak Silverfrond,11,Elfo,Guerreiro,17,8,18,15,19,9
Raphael Ravengard,8,Meio-Elfo,Druida,16,9,12,8,10,9
Halsin Cliffgate,3,Gnomo,Paladino,12,15,18,12,12,15
Wyll Sunstrider,4,Anão,Bardo,13,12,9,9,15,14
Viconia Anchev,6,Anão,Monge,8,14,14,13,11,8
Ragzlin Windrunner,11,Githyanki,Paladino,13,8,18,16,14,11
Omeluum Spellweaver,7,Gnomo,Bardo,9,19,17,12,14,18
Roah Dekarios,9,Elfo,Mago,13,17,16,11,9,11
Bex Bloodaxe,1,Tiefling,Ladino,16,19,14,9,15,14
Omeluum Swiftfoot,8,Meio-Elfo,Mago,15,12,19,19,17,9
Minthara Del'Vyre,8,Githyanki,Monge,16,18,12,10,19,11
Blurg Nightbreeze,6,Gnomo,Mago,17,19,11,13,17,8
Minsc Del'Vyre,4,Dragonborn,Mago,15,10,19,15,16,18
Brem Firebrand,3,Humano,Mago,10,17,11,15,13,18
Voss Cliffgate,11,Elfo,Guerreiro,15,19,17,12,12,11
Voss Spellweaver,3,Gnomo,Monge,13,19,15,12,8,18
Omeluum Moonbreeze,6,Meio-Elfo,Patrulheiro,13,9,17,17,8,8
Volothamp Windrunner,8,Humano,Mago,13,9,17,10,16,9
Kagha Goldseeker,7,Gnomo,Mago,10,16,17,14,11,9
Dammon Sunstrider,11,Halfling,Bardo,17,11,17,13,8,19
Brem Ironfist,1,Githyanki,Ladino,8,11,17,8,18,17
Cora Nightbreeze,11,Gnomo,Mago,19,14,8,11,17,19
Dammon Dekarios,6,Halfling,Patrulheiro,11,17,12,13,19,10
Blurg Cliffgate,7,Humano,Patrulheiro,17,17,9,18,10,15
Sarevok Ansur,12,Humano,Ladino,19,9,18,13,13,18
Ketheric Goldseeker,7,Humano,Ladino,13,10,16,18,18,13
Cora Starseeker,9,Tiefling,Monge,18,10,14,19,18,13
Roah Shadowdancer,11,Gnomo,Ladino,19,13,17,19,15,16
Voss Firebrand,11,Halfling,Druida,17,10,15,10,17,15
Aradin Spellweaver,10,Anão,Feiticeiro,9,18,13,13,9,9
Elminster Stoutbeard,5,Dragonborn,Monge,14,12,16,19,15,13
Barcus Moonbreeze,1,Dragonborn,Clérigo,14,11,13,17,8,8
Roah Windrunner,2,Halfling,Mago,18,10,14,13,18,16
Danis Stonefoot,4,Anão,Feiticeiro,11,15,14,19,9,11
Ketheric Swiftfoot,5,Elfo,Patrulheiro,11,17,16,16,15,11
Alfira Firebrand,9,Tiefling,Clérigo,8,10,18,16,14,16
Omeluum Brightwood,11,Halfling,Mago,9,13,15,9,12,10
Sarevok Anchev,1,Meio-Elfo,Feiticeiro,16,14,8,11,17,12
Alfira Ravengard,3,Githyanki,Patrulheiro,17,14,11,16,9,8
Sarevok Cliffgate,5,Githyanki,Patrulheiro,15,9,14,11,16,13
Minsc Hallowtide,3,Orc,Bardo,15,10,18,15,12,10
Halsin Stonefoot,4,Dragonborn,Monge,16,19,15,17,15,8
Dror Nightbreeze,3,Humano,Feiticeiro,14,17,14,19,11,17
Gortash Ansur,4,Meio-Elfo,Bruxo,16,17,19,10,16,13
Zevlor Starseeker,1,Elfo,Bardo,17,11,10,10,17,19
Alfira Hallowtide,12,Anão,Clérigo,19,14,11,16,14,17
Bhaal Goldseeker,8,Elfo,Paladino,9,9,19,18,9,9
Karlach Nightbreeze,4,Dragonborn,Monge,13,10,14,17,10,15
Voss Moonbreeze,7,Humano,Ladino,10,14,15,15,9,18
Sarevok Shadowdancer,2,Anão,Feiticeiro,18,14,14,8,12,19
Roah Shadowdancer,2,Halfling,Paladino,13,17,13,17,9,9
Bex Ironfist,6,Orc,Clérigo,10,10,16,9,12,11
Omeluum Stonefoot,2,Anão,Feiticeiro,15,19,16,10,16,10
Cora Dekarios,6,Dragonborn,Mago,18,8,18,18,9,16
Bhaal Silverfrond,11,Elfo,Feiticeiro,11,19,14,9,16,9
Kagha Hallowtide,2,Githyanki,Guerreiro,19,10,15,10,14,10
Kagha Dekarios,4,Elfo,Bruxo,17,12,13,15,14,14
Gortash Firebrand,7,Elfo,Bardo,13,14,8,18,12,11
Zevlor Darkweaver,8,Elfo,Mago,16,11,8,18,15,13
Karlach Brightwood,3,Orc,Clérigo,9,18,13,19,14,10
Voss Ironfist,9,Dragonborn,Monge,9,18,9,13,13,8
Cora Stoutbeard,2,Meio-Elfo,Clérigo,14,8,15,14,9,18
Ragzlin Ansur,8,Orc,Paladino,9,13,8,17,13,13
Viconia Starseeker,8,Orc,Guerreiro,9,9,9,17,9,11
Volothamp Nightbreeze,4,Dragonborn,Paladino,11,19,15,13,8,9
Sarevok Sunstrider,1,Tiefling,Monge,16,10,19,8,16,14
Minsc Stoutbeard,1,Orc,Feiticeiro,15,11,13,18,12,17
Minthara Silverfrond,2,Anão,Patrulheiro,9,13,19,10,17,19
Elminster Windrunner,12,Tiefling,Paladino,15,13,17,8,17,12
Sazza Dekarios,9,Dragonborn,Druida,11,14,9,19,11,13
Halsin Stoutbeard,2,Gnomo,Patrulheiro,9,12,9,17,19,13
Ketheric Del'Vyre,2,Gnomo,Ladino,18,14,18,19,18,16
Rath Brightwood,6,Meio-Elfo,Mago,17,9,14,16,15,19
Minsc Anchev,7,Halfling,Feiticeiro,14,8,12,16,12,9
Nere Anchev,7,Orc,Monge,13,19,12,12,14,19
Shadowheart Silverfrond,9,Elfo,Clérigo,17,17,15,11,10,13
Karlach Firebrand,6,Halfling,Feiticeiro,12,15,19,19,15,16
Ragzlin Starseeker,8,Halfling,Ladino,18,8,19,16,15,19
Blurg Moonbreeze,11,Tiefling,Paladino,8,19,14,16,10,11
Sazza Dekarios,6,Anão,Mago,9,9,19,10,16,19
Alfira Stoutbeard,2,Gnomo,Patrulheiro,15,18,16,12,15,18
Jaheira Brightwood,1,Githyanki,Druida,8,19,11,10,8,13
Astarion Starseeker,5,Anão,Patrulheiro,10,17,17,17,15,14
Danis Ravengard,9,Gnomo,Bardo,9,13,11,9,19,8
Elminster Sunstrider,8,Githyanki,Monge,12,8,9,8,18,12
Halsin Goldseeker,4,Orc,Patrulheiro,11,17,10,19,11,11
Roah Stormwind,5,Humano,Guerreiro,14,10,8,17,13,17
Wyll Ironfist,5,Dragonborn,Monge,12,14,8,9,17,9
Omeluum Firebrand,6,Humano,Bardo,15,19,14,15,16,9
Lae'zel Windrunner,3,Anão,Monge,11,15,12,18,12,9
Zevlor Brightwood,5,Meio-Elfo,Monge,19,11,10,15,14,14
Alfira Spellweaver,2,Anão,Druida,13,19,14,10,8,18
Kagha Moonbreeze,10,Tiefling,Druida,11,10,9,14,16,18
Nere Hallowtide,1,Githyanki,Clérigo,9,8,10,14,13,11
Minthara Swiftfoot,11,Githyanki,Patrulheiro,8,19,8,9,18,13
Abdirak Nightbreeze,1,Orc,Paladino,8,16,15,16,11,14
Alfira Nightbreeze,10,Humano,Paladino,15,17,9,10,13,16
Kagha Swiftfoot,7,Orc,Druida,11,13,14,9,12,18
Gale Silverfrond,2,Humano,Mago,12,13,18,19,10,9
Ketheric Darkweaver,4,Githyanki,Mago,18,16,16,10,14,17
Dror Ironfist,5,Anão,Mago,15,8,13,9,10,19
Barcus Silverfrond,7,Meio-Elfo,Feiticeiro,19,13,9,15,9,16
Dror Stonefoot,2,Githyanki,Mago,14,19,9,12,11,18
Jaheira Stoutbeard,6,Halfling,Ladino,15,12,16,10,14,12
Kagha Stoutbeard,1,Gnomo,Paladino,15,18,17,12,12,13
Astarion Dekarios,7,Humano,Mago,13,13,15,18,16,13
Gale Firebrand,9,Humano,Bardo,17,18,16,18,17,18
Ketheric Ironfist,5,Tiefling,Paladino,9,15,11,15,14,10
Dror Ironfist,5,Orc,Monge,13,12,11,14,19,18
Roah Ansur,4,Dragonborn,Patrulheiro,8,9,9,13,16,18
Mizora Spellweaver,3,Dragonborn,Monge,8,19,17,8,16,17
Sazza Firebrand,9,Tiefling,Paladino,18,19,8,17,19,14
Lae'zel Goldseeker,5,Githyanki,Clérigo,10,9,17,8,9,14
Dammon Cliffgate,8,Humano,Guerreiro,10,17,11,8,8,15
Bex Sunstrider,9,Elfo,Druida,18,12,17,17,18,12
Bhaal Windrunner,5,Meio-Elfo,Paladino,12,10,17,15,11,9
Bex Nightbreeze,10,Halfling,Feiticeiro,8,17,18,15,11,10
Viconia Firebrand,9,Anão,Bruxo,17,10,15,14,9,16
Blurg Brightwood,2,Anão,Mago,13,15,9,13,10,13
Omeluum Bloodaxe,9,Dragonborn,Guerreiro,14,14,19,11,10,15
Voss Stormwind,11,Dragonborn,Druida,17,8,18,8,12,15
Alfira Spellweaver,4,Tiefling,Ladino,19,19,15,16,8,12
Barcus Stormwind,6,Humano,Ladino,18,19,8,8,16,8
Volothamp Ravengard,6,Orc,Bruxo,10,12,8,11,15,13
Gortash Goldseeker,6,Anão,Feiticeiro,11,16,11,10,15,14
Orin Goldseeker,2,Humano,Bardo,17,11,14,14,10,16
Zevlor Brightwood,7,Halfling,Monge,18,8,16,12,9,9
Astarion Ironfist,6,Meio-Elfo,Patrulheiro,17,15,12,12,8,19
Gale Sunstrider,11,Meio-Elfo,Monge,19,12,9,11,19,9
Bhaal Windrunner,1,Anão,Druida,17,9,19,8,13,17
Cora Ansur,2,Elfo,Paladino,17,19,14,12,17,8
Viconia Stormwind,7,Tiefling,Monge,17,8,18,11,8,12
Sarevok Cliffgate,1,Anão,Clérigo,10,19,9,17,18,9
Minthara Anchev,1,Halfling,Monge,8,19,16,15,12,10
Dammon Firebrand,1,Elfo,Mago,15,19,16,9,16,9
Bhaal Stonefoot,8,Gnomo,Monge,17,10,10,15,18,18
Jaheira Bloodaxe,4,Githyanki,Bruxo,17,16,15,8,16,11
Sazza Ravengard,4,Dragonborn,Ladino,9,8,18,11,19,18
Sarevok Cliffgate,2,Dragonborn,Feiticeiro,8,11,11,10,11,10
Brem Cliffgate,11,Elfo,Mago,15,15,10,12,14,16
Dror Windrunner,11,Anão,Druida,14,15,8,12,18,17
Jaheira Stormwind,11,Dragonborn,Clérigo,14,17,12,12,14,19
Dror Bloodaxe,1,Humano,Bardo,11,19,18,19,11,9
Omeluum Swiftfoot,12,Dragonborn,Monge,18,18,11,11,12,14
Abdirak Bloodaxe,10,Meio-Elfo,Paladino,16,18,8,15,18,18
Jaheira Silverfrond,9,Dragonborn,Feiticeiro,13,15,17,10,16,10
Dror Del'Vyre,7,Gnomo,Feiticeiro,9,17,15,19,14,17
Dror Cliffgate,4,Tiefling,Clérigo,8,15,15,11,14,15
Blurg Stoutbeard,12,Elfo,Ladino,8,11,15,8,17,11
Omeluum Moonbreeze,6,Humano,Feiticeiro,16,15,10,14,14,11
Nere Silverfrond,2,Gnomo,Mago,11,16,13,8,16,16
Elminster Ironfist,7,Meio-Elfo,Patrulheiro,12,14,19,9,12,18
Minsc Moonbreeze,2,Anão,Bruxo,10,19,19,18,13,10
Mizora Ansur,10,Githyanki,Clérigo,11,9,14,14,10,14
Barcus Spellweaver,8,Meio-Elfo,Bardo,19,16,16,8,8,8
Ketheric Shadowdancer,8,Elfo,Bardo,15,18,12,18,18,14
Dror Ironfist,1,Elfo,Guerreiro,11,15,16,10,19,17
Ragzlin Silverfrond,8,Elfo,Bardo,16,12,13,13,9,18
Ketheric Stormwind,2,Gnomo,Bruxo,16,19,17,13,15,9
Voss Ironfist,6,Elfo,Druida,13,10,17,13,8,19
Lae'zel Moonbreeze,1,Tiefling,Druida,9,14,17,18,17,13
Volothamp Cliffgate,5,Tiefling,Feiticeiro,19,9,11,9,14,16
Karlach Brightwood,11,Tiefling,Feiticeiro,17,10,8,9,12,13
Roah Shadowdancer,7,Elfo,Feiticeiro,18,19,8,13,13,10
Shadowheart Dekarios,10,Tiefling,Mago,14,16,17,17,15,8
Minthara Del'Vyre,1,Orc,Clérigo,16,11,12,12,11,19
Aradin Shadowdancer,2,Dragonborn,Druida,13,11,10,14,13,19
Karlach Sunstrider,7,Dragonborn,Bardo,10,10,12,14,18,11
Mizora Nightbreeze,6,Elfo,Clérigo,14,12,12,12,10,11
Astarion Moonbreeze,3,Halfling,Bardo,12,10,8,15,14,15
Volothamp Ironfist,10,Gnomo,Bardo,8,16,15,17,9,17
Dammon Ravengard,2,Githyanki,Patrulheiro,10,10,12,13,19,17
Viconia Nightbreeze,10,Gnomo,Druida,12,9,12,12,15,14
Bex Stormwind,4,Orc,Monge,14,19,16,11,14,17
Abdirak Darkweaver,3,Gnomo,Patrulheiro,10,12,15,14,19,14
Roah Starseeker,7,Orc,Clérigo,13,13,8,11,19,14
Danis Starseeker,8,Orc,Guerreiro,12,8,10,12,15,19
Nere Cliffgate,2,Gnomo,Clérigo,8,19,19,12,9,9
Ketheric Windrunner,10,Githyanki,Guerreiro,17,18,14,8,10,16
Mizora Stormwind,7,Orc,Feiticeiro,13,13,8,8,19,13
Raphael Cliffgate,8,Tiefling,Monge,15,17,8,10,11,9
Voss Dekarios,6,Humano,Clérigo,8,10,12,18,19,8
Astarion Moonbreeze,6,Humano,Patrulheiro,9,11,16,10,16,18
Bex Darkweaver,10,Anão,Bruxo,11,13,13,9,19,8
Lae'zel Anchev,1,Elfo,Clérigo,19,15,17,19,19,8
Dror Spellweaver,4,Meio-Elfo,Monge,9,16,9,9,12,11
Elminster Ironfist,1,Tiefling,Patrulheiro,18,13,18,13,13,11
Karlach Ironfist,4,Tiefling,Clérigo,16,14,16,8,8,19
Zevlor Stonefoot,2,Meio-Elfo,Paladino,17,12,13,13,11,16
Karlach Shadowdancer,11,Elfo,Bardo,15,19,12,12,11,19
Sazza Anchev,5,Humano,Mago,15,16,12,13,17,19
Gale Anchev,10,Githyanki,Patrulheiro,11,11,19,12,15,8
Cora Starseeker,9,Orc,Guerreiro,12,17,10,14,15,10
Blurg Stoutbeard,11,Meio-Elfo,Ladino,11,18,13,8,17,10
Blurg Silverfrond,12,Githyanki,Feiticeiro,16,13,11,10,13,15
Minthara Swiftfoot,10,Anão,Feiticeiro,9,12,19,13,15,9
Minthara Stoutbeard,3,Orc,Ladino,18,8,17,8,16,13
Alfira Dekarios,8,Gnomo,Druida,15,12,9,18,12,18
Elminster Firebrand,3,Tiefling,Bardo,9,12,10,18,8,11
Bex Ansur,6,Orc,Ladino,8,16,16,14,8,17
Gortash Ironfist,4,Gnomo,Guerreiro,17,8,18,11,9,13
Minsc Hallowtide,8,Humano,Paladino,10,12,18,10,9,12
Astarion Spellweaver,11,Gnomo,Druida,16,14,16,17,12,19
Ketheric Goldseeker,6,Gnomo,Feiticeiro,19,18,13,16,14,16
Wyll Sunstrider,8,Halfling,Mago,10,13,17,8,14,16
Astarion Stormwind,1,Meio-Elfo,Druida,16,13,17,15,11,8
Rath Windrunner,6,Orc,Clérigo,14,19,16,8,11,10
Dammon Windrunner,1,Meio-Elfo,Bardo,17,14,11,12,18,8
Raphael Moonbreeze,1,Orc,Patrulheiro,8,13,18,17,17,13
Dror Brightwood,8,Tiefling,Druida,17,12,12,15,10,19
Zevlor Ravengard,7,Dragonborn,Patrulheiro,12,17,17,13,18,10
Jaheira Swiftfoot,3,Meio-Elfo,Mago,16,12,13,14,9,8
Kagha Dekarios,6,Meio-Elfo,Monge,19,16,16,18,10,13
Abdirak Ravengard,9,Tiefling,Bruxo,10,15,12,15,15,12
Raphael Swiftfoot,7,Orc,Monge,16,19,15,13,8,19
Gale Ironfist,12,Tiefling,Ladino,12,17,18,18,11,19
Sarevok Stonefoot,3,Githyanki,Clérigo,16,11,8,13,14,15
Astarion Sunstrider,6,Gnomo,Bardo,17,11,12,18,12,9
Karlach Swiftfoot,11,Tiefling,Bardo,13,17,17,13,9,15
Aradin Stoutbeard,4,Orc,Ladino,16,12,8,12,8,19
Aradin Anchev,3,Humano,Paladino,14,10,17,15,13,12
Elminster Starseeker,9,Tiefling,Patrulheiro,14,15,13,9,12,15
Cora Stoutbeard,10,Elfo,Bardo,15,14,14,14,10,19
Orin Shadowdancer,2,Tiefling,Monge,14,12,19,11,18,17
Blurg Windrunner,1,Meio-Elfo,Paladino,19,17,12,8,18,11
Bex Ravengard,2,Githyanki,Paladino,16,10,8,12,18,11
Gortash Nightbreeze,7,Halfling,Patrulheiro,18,12,13,10,16,17
Shadowheart Del'Vyre,10,Tiefling,Ladino,16,10,17,11,10,11
Viconia Moonbreeze,1,Dragonborn,Druida,13,17,12,14,9,18
Kagha Silverfrond,6,Elfo,Bruxo,14,12,13,12,12,13
Sazza Silverfrond,7,Humano,Bardo,9,8,18,11,16,11
Raphael Swiftfoot,9,Tiefling,Guerreiro,16,13,17,8,15,16
Sazza Dekarios,8,Gnomo,Monge,19,17,14,13,13,16
Raphael Brightwood,6,Gnomo,Mago,8,11,14,18,10,10
Volothamp Windrunner,3,Elfo,Bruxo,8,11,9,17,13,14
Aradin Sunstrider,8,Meio-Elfo,Patrulheiro,10,15,19,13,12,19
Orin Starseeker,7,Anão,Clérigo,19,9,10,14,8,12
Nere Anchev,3,Meio-Elfo,Bardo,13,11,19,8,12,19
Raphael Darkweaver,9,Elfo,Paladino,12,9,13,11,14,16
Sazza Ansur,12,Meio-Elfo,Ladino,9,8,10,19,16,9
Mizora Nightbreeze,2,Gnomo,Bardo,16,17,9,16,19,10
Brem Hallowtide,3,Githyanki,Guerreiro,17,10,11,19,8,17
Orin Spellweaver,2,Anão,Ladino,11,19,12,17,10,12
Aradin Del'Vyre,1,Gnomo,Paladino,11,15,18,13,15,19
Elminster Goldseeker,4,Humano,Druida,12,13,17,9,13,12
Karlach Goldseeker,5,Gnomo,Paladino,15,19,16,11,12,17
Ragzlin Stonefoot,6,Meio-Elfo,Druida,17,14,10,13,17,19
Wyll Del'Vyre,5,Githyanki,Druida,11,9,10,11,9,14
Minthara Del'Vyre,1,Anão,Ladino,12,13,13,17,10,15
Elminster Spellweaver,3,Tiefling,Bruxo,19,15,12,14,19,15
Minthara Hallowtide,1,Anão,Bardo,11,15,13,19,9,8
Elminster Bloodaxe,11,Gnomo,Guerreiro,13,11,14,10,8,8
Barcus Spellweaver,5,Tiefling,Patrulheiro,19,13,18,13,14,10
Brem Stormwind,5,Elfo,Paladino,10,12,10,19,10,8
Karlach Silverfrond,12,Orc,Bardo,15,16,12,11,14,8
Raphael Goldseeker,11,Gnomo,Druida,13,15,15,10,19,17
Lae'zel Goldseeker,6,Dragonborn,Druida,17,9,11,19,14,15
Shadowheart Stonefoot,8,Gnomo,Paladino,12,19,17,10,15,8
Ketheric Stormwind,10,Elfo,Druida,9,14,9,9,8,16
Viconia Dekarios,12,Anão,Clérigo,17,14,11,18,12,9
Cora Ansur,1,Humano,Patrulheiro,17,18,9,10,17,16
Bhaal Stormwind,4,Tiefling,Bardo,14,19,10,19,16,14
Zevlor Ansur,10,Dragonborn,Mago,9,8,11,17,19,16
Viconia Silverfrond,11,Orc,Mago,8,8,11,8,18,10
Bhaal Goldseeker,1,Elfo,Ladino,14,19,17,10,14,8
Jaheira Goldseeker,9,Orc,Paladino,12,11,16,16,8,8
Wyll Starseeker,11,Halfling,Druida,8,12,17,11,15,18
Rath Swiftfoot,7,Dragonborn,Ladino,11,11,13,10,10,17
Wyll Ironfist,7,Dragonborn,Monge,19,14,16,15,11,13
Roah Brightwood,12,Halfling,Mago,11,10,11,8,11,14
Gale Brightwood,5,Dragonborn,Bruxo,17,14,16,12,17,16
Dammon Ravengard,7,Gnomo,Ladino,14,15,18,8,19,13
Gale Ansur,12,Halfling,Bruxo,16,13,16,14,15,12
Nere Spellweaver,2,Anão,Druida,9,13,13,12,8,9
Ragzlin Windrunner,4,Halfling,Monge,19,15,12,9,15,9
Dammon Anchev,7,Anão,Druida,8,15,10,19,16,15
Alfira Sunstrider,3,Humano,Monge,9,14,12,8,16,8
Bex Silverfrond,2,Meio-Elfo,Monge,14,13,10,18,12,15
Karlach Brightwood,10,Dragonborn,Monge,17,13,12,14,11,18
Volothamp Dekarios,2,Tiefling,Clérigo,13,17,12,19,11,17
Dror Ravengard,1,Tiefling,Feiticeiro,11,18,9,8,16,18
Danis Ironfist,5,Meio-Elfo,Monge,8,13,16,10,15,14
Bex Sunstrider,12,Githyanki,Clérigo,8,15,14,18,17,14
Lae'zel Darkweaver,6,Gnomo,Druida,12,8,13,13,17,12
Astarion Stonefoot,6,Dragonborn,Clérigo,8,12,12,13,19,10
Karlach Del'Vyre,9,Dragonborn,Bardo,19,10,11,14,14,14
Sarevok Moonbreeze,4,Meio-Elfo,Bruxo,14,19,15,18,19,14
Abdirak Darkweaver,1,Anão,Monge,18,15,9,18,10,14
Raphael Darkweaver,6,Gnomo,Guerreiro,8,18,15,8,11,19
Gortash Silverfrond,5,Elfo,Patrulheiro,8,13,8,14,16,18
Abdirak Hallowtide,10,Tiefling,Ladino,9,9,17,9,15,9
Nere Firebrand,6,Elfo,Druida,18,14,8,13,19,10
Minsc Starseeker,3,Halfling,Paladino,19,14,10,15,19,10
Abdirak Hallowtide,2,Anão,Bruxo,17,12,12,12,8,11
Danis Stoutbeard,6,Githyanki,Bruxo,10,15,13,17,10,19
Aradin Ravengard,1,Elfo,Paladino,18,12,11,10,19,16
Elminster Stonefoot,7,Tiefling,Ladino,8,8,14,18,17,17
Abdirak Bloodaxe,7,Tiefling,Bruxo,16,16,14,15,9,8
Omeluum Dekarios,10,Tiefling,Clérigo,17,11,9,15,9,19
Astarion Starseeker,7,Humano,Bardo,15,9,9,11,15,14
Jaheira Swiftfoot,12,Dragonborn,Mago,12,11,9,15,13,14
Voss Goldseeker,11,Elfo,Clérigo,18,16,9,12,19,18
Orin Firebrand,10,Halfling,Monge,9,9,16,18,19,11
Danis Stormwind,1,Elfo,Bruxo,12,11,12,12,19,18
Gortash Goldseeker,4,Halfling,Clérigo,13,9,18,10,13,8
Abdirak Silverfrond,7,Tiefling,Mago,8,12,15,14,11,10
Dror Stoutbeard,11,Gnomo,Bardo,18,10,12,18,8,12
Cora Brightwood,9,Halfling,Druida,11,17,18,18,18,19
Gortash Shadowdancer,5,Anão,Bardo,16,9,12,16,14,9
Brem Darkweaver,2,Dragonborn,Guerreiro,9,16,8,16,15,14
Shadowheart Shadowdancer,7,Dragonborn,Clérigo,12,12,13,8,9,17
Abdirak Hallowtide,10,Humano,Paladino,8,17,11,8,9,17
Gortash Bloodaxe,1,Orc,Monge,11,12,10,17,8,14
Halsin Bloodaxe,7,Elfo,Bardo,11,8,13,19,11,19
Gale Nightbreeze,6,Meio-Elfo,Ladino,13,13,9,19,13,17
Cora Dekarios,7,Humano,Clérigo,17,14,15,18,12,12
Volothamp Firebrand,10,Meio-Elfo,Druida,16,8,8,12,11,19
Sazza Del'Vyre,3,Orc,Monge,10,16,19,8,11,17
Voss Ravengard,3,Dragonborn,Paladino,16,15,16,11,17,13
Orin Ansur,7,Anão,Paladino,13,19,15,19,14,8
Roah Del'Vyre,2,Tiefling,Patrulheiro,14,15,8,8,14,11
Blurg Firebrand,1,Tiefling,Druida,19,14,17,9,9,11
Dror Sunstrider,9,Halfling,Guerreiro,17,12,19,9,14,18
Minthara Stoutbeard,9,Humano,Feiticeiro,9,10,16,11,9,15
Kagha Dekarios,7,Orc,Ladino,18,19,9,15,11,9
Elminster Anchev,7,Anão,Bardo,17,16,10,9,8,8
Kagha Sunstrider,3,Tiefling,Bardo,13,14,9,16,12,14
Danis Sunstrider,10,Halfling,Guerreiro,13,18,15,19,8,13
Abdirak Swiftfoot,2,Elfo,Clérigo,9,17,9,16,11,12
Roah Dekarios,11,Dragonborn,Mago,9,17,17,9,16,19
Elminster Del'Vyre,7,Elfo,Paladino,9,15,9,8,19,15
Ketheric Anchev,9,Dragonborn,Bardo,17,13,8,17,15,18
Barcus Nightbreeze,1,Elfo,Clérigo,19,19,14,17,13,9
Roah Spellweaver,4,Halfling,Feiticeiro,8,18,19,16,15,9
Wyll Starseeker,6,Anão,Patrulheiro,12,12,9,9,12,16
Minthara Stonefoot,7,Humano,Guerreiro,15,15,17,15,14,8
Gale Sunstrider,10,Dragonborn,Guerreiro,9,10,12,10,15,13
Volothamp Goldseeker,7,Orc,Bruxo,12,19,12,8,14,10
Omeluum Starseeker,10,Meio-Elfo,Guerreiro,19,14,10,18,11,12
Danis Silverfrond,2,Anão,Ladino,15,9,10,8,12,15
Raphael Ravengard,4,Anão,Bruxo,17,10,19,17,17,14
Jaheira Stonefoot,5,Halfling,Guerreiro,12,19,10,9,13,19
Rath Brightwood,12,Meio-Elfo,Monge,9,9,13,14,19,11
Alfira Nightbreeze,1,Githyanki,Ladino,10,12,11,19,18,15
Blurg Nightbreeze,1,Anão,Monge,13,14,10,13,13,18
Lae'zel Windrunner,10,Orc,Monge,18,18,9,19,16,18
Abdirak Cliffgate,3,Anão,Bruxo,18,17,10,18,17,17
Raphael Ravengard,10,Gnomo,Paladino,12,18,11,9,9,18
Lae'zel Nightbreeze,3,Dragonborn,Guerreiro,18,18,13,11,13,9
Blurg Swiftfoot,12,Tiefling,Bardo,11,18,11,9,10,14
Mizora Stoutbeard,8,Anão,Clérigo,11,17,15,8,9,12
Danis Hallowtide,9,Anão,Druida,12,8,10,19,13,18
Bex Hallowtide,11,Halfling,Druida,9,17,19,10,11,13
Lae'zel Cliffgate,12,Orc,Bruxo,16,16,10,11,12,10
Lae'zel Stonefoot,1,Halfling,Ladino,9,8,10,17,12,18
Wyll Goldseeker,11,Humano,Monge,17,8,15,12,10,17
Aradin Del'Vyre,2,Dragonborn,Paladino,9,19,11,12,19,14
Viconia Darkweaver,10,Orc,Ladino,17,17,8,14,11,14
Aradin Windrunner,2,Halfling,Feiticeiro,16,15,9,17,10,9
Zevlor Firebrand,4,Meio-Elfo,Bruxo,10,13,17,15,14,8
Brem Dekarios,2,Meio-Elfo,Mago,17,13,9,16,8,17
Minsc Moonbreeze,7,Anão,Clérigo,14,19,10,19,13,9
Gale Cliffgate,9,Tiefling,Feiticeiro,11,16,13,14,11,19
Zevlor Darkweaver,7,Halfling,Paladino,13,11,15,12,8,15
Rath Dekarios,12,Humano,Feiticeiro,11,15,19,16,8,18
Blurg Firebrand,6,Halfling,Ladino,17,11,8,15,12,17
Omeluum Brightwood,10,Halfling,Druida,14,9,16,17,12,10
Brem Ravengard,1,Gnomo,Paladino,8,18,8,16,17,18
Zevlor Silverfrond,11,Tiefling,Monge,10,15,17,17,14,11
Lae'zel Starseeker,10,Halfling,Bardo,10,19,9,15,19,15
Shadowheart Stormwind,9,Elfo,Guerreiro,8,14,10,13,11,10
Barcus Ravengard,5,Elfo,Bardo,13,11,14,11,16,13
Dror Nightbreeze,11,Anão,Bruxo,18,16,16,16,11,9
Viconia Shadowdancer,5,Humano,Feiticeiro,16,16,10,19,14,10
Wyll Darkweaver,6,Tiefling,Mago,15,15,15,16,12,8
Orin Bloodaxe,9,Humano,Patrulheiro,18,8,16,17,12,16
Lae'zel Nightbreeze,8,Meio-Elfo,Mago,14,14,17,17,13,11
Aradin Shadowdancer,8,Orc,Monge,17,12,14,16,15,13
Sazza Firebrand,8,Tiefling,Mago,15,14,11,17,12,14
Shadowheart Windrunner,1,Gnomo,Clérigo,13,19,11,10,10,9
Orin Dekarios,1,Tiefling,Patrulheiro,16,16,11,18,13,15
Viconia Hallowtide,8,Halfling,Feiticeiro,10,9,13,19,19,19
Jaheira Shadowdancer,5,Dragonborn,Bruxo,17,18,11,10,9,16
Abdirak Sunstrider,9,Gnomo,Guerreiro,17,11,12,18,19,17
Karlach Windrunner,2,Anão,Ladino,16,11,16,13,19,18
Lae'zel Stonefoot,9,Humano,Bardo,11,9,19,13,15,9
Abdirak Windrunner,12,Elfo,Feiticeiro,14,10,14,13,15,12
Wyll Stonefoot,8,Gnomo,Clérigo,16,18,15,12,10,9
Alfira Stoutbeard,9,Anão,Guerreiro,9,15,12,12,19,18
Barcus Spellweaver,4,Meio-Elfo,Clérigo,9,19,12,9,15,12
Mizora Shadowdancer,1,Tiefling,Monge,16,16,18,14,16,14
Barcus Starseeker,1,Tiefling,Mago,19,13,14,19,12,13
Sarevok Swiftfoot,5,Elfo,Guerreiro,10,17,18,11,12,11
Astarion Swiftfoot,2,Dragonborn,Paladino,16,9,19,10,13,9
Abdirak Anchev,8,Humano,Paladino,12,9,15,15,14,14
Gortash Brightwood,10,Orc,Bardo,13,14,16,11,10,19
Sazza Spellweaver,11,Tiefling,Mago,9,15,9,18,12,17
Blurg Ironfist,5,Orc,Guerreiro,15,15,10,11,8,16
Viconia Swiftfoot,5,Humano,Bardo,18,13,19,15,18,8
Omeluum Windrunner,2,Meio-Elfo,Druida,16,17,19,8,17,10
Ketheric Nightbreeze,7,Meio-Elfo,Ladino,9,15,9,16,12,14
Gale Spellweaver,8,Orc,Monge,13,8,17,14,11,16
Mizora Dekarios,10,Elfo,Bardo,13,16,14,19,8,12
Lae'zel Shadowdancer,1,Orc,Feiticeiro,15,19,19,9,14,14
Minthara Goldseeker,2,Halfling,Druida,17,8,9,18,8,17
Karlach Firebrand,10,Anão,Mago,19,10,19,19,15,14
Cora Nightbreeze,4,Gnomo,Ladino,12,19,9,13,17,11
Minthara Stonefoot,5,Elfo,Monge,16,16,9,15,19,12
Shadowheart Ravengard,2,Anão,Patrulheiro,8,18,19,18,9,9
Ketheric Cliffgate,1,Tiefling,Clérigo,16,12,11,12,17,15
Rath Spellweaver,9,Humano,Patrulheiro,17,16,8,13,19,19
Shadowheart Ansur,1,Meio-Elfo,Mago,14,16,9,19,12,8
Barcus Nightbreeze,4,Humano,Clérigo,11,13,10,17,13,9
Astarion Darkweaver,2,Elfo,Bardo,10,18,14,15,16,19
Blurg Dekarios,11,Githyanki,Feiticeiro,17,8,17,13,14,10
Minsc Spellweaver,4,Orc,Druida,18,17,8,19,13,14
Elminster Brightwood,8,Halfling,Druida,13,14,13,16,12,13
Minsc Sunstrider,8,Anão,Patrulheiro,19,13,10,19,13,14
Viconia Anchev,11,Anão,Guerreiro,8,16,10,16,18,18
Orin Stoutbeard,12,Dragonborn,Ladino,10,14,11,16,11,12
Brem Firebrand,9,Meio-Elfo,Guerreiro,9,19,11,13,8,11
Sazza Hallowtide,11,Anão,Guerreiro,18,18,14,19,19,14
Voss Cliffgate,12,Elfo,Bardo,16,19,10,19,16,10
Aradin Ansur,5,Gnomo,Bruxo,10,11,15,16,18,17
Zevlor Firebrand,7,Githyanki,Guerreiro,9,14,15,10,12,14
Karlach Starseeker,3,Anão,Feiticeiro,11,9,18,12,15,9
Gortash Hallowtide,10,Gnomo,Bruxo,9,13,14,9,14,19
Viconia Nightbreeze,4,Anão,Bardo,8,13,9,19,15,19
Minsc Spellweaver,10,Elfo,Ladino,13,9,12,15,8,15
Raphael Anchev,9,Gnomo,Druida,17,11,13,18,16,19
Sarevok Brightwood,10,Tiefling,Bardo,15,15,19,11,8,13
Voss Brightwood,10,Anão,Patrulheiro,17,15,17,13,10,19
Voss Silverfrond,12,Tiefling,Monge,17,15,11,13,15,10
Astarion Cliffgate,1,Dragonborn,Feiticeiro,9,15,17,12,19,10
Rath Cliffgate,2,Meio-Elfo,Mago,16,8,12,19,18,12
Danis Goldseeker,5,Elfo,Bruxo,10,9,16,19,8,10
Ragzlin Goldseeker,3,Halfling,Clérigo,15,19,18,8,8,13
Jaheira Stonefoot,2,Elfo,Mago,19,11,14,18,13,9
Viconia Del'Vyre,1,Orc,Guerreiro,15,19,9,14,12,15
Blurg Spellweaver,10,Halfling,Ladino,10,16,18,17,18,18
Gortash Spellweaver,3,Orc,Patrulheiro,10,10,8,15,13,19
Aradin Moonbreeze,1,Gnomo,Clérigo,19,13,9,8,10,18
Voss Shadowdancer,12,Dragonborn,Bardo,13,14,10,17,17,16
Bex Firebrand,1,Gnomo,Druida,8,15,18,14,19,14
Blurg Silverfrond,12,Anão,Bardo,11,14,9,11,17,10
Karlach Starseeker,1,Meio-Elfo,Bardo,8,10,18,13,13,18
Alfira Ansur,8,Elfo,Feiticeiro,10,13,10,16,9,17
Gortash Spellweaver,3,Humano,Monge,16,12,17,12,15,11
Abdirak Del'Vyre,11,Elfo,Patrulheiro,12,19,18,15,19,19
Wyll Firebrand,1,Elfo,Patrulheiro,19,17,18,12,13,17
Roah Dekarios,7,Halfling,Guerreiro,12,11,19,9,11,9
Roah Dekarios,10,Githyanki,Guerreiro,18,8,19,11,11,16
Volothamp Stormwind,3,Humano,Mago,11,14,16,9,18,12
Rath Spellweaver,8,Anão,Patrulheiro,10,15,11,14,14,19
Jaheira Darkweaver,4,Orc,Druida,12,9,19,14,10,9
Kagha Ironfist,4,Tiefling,Guerreiro,18,14,16,10,18,17
Rath Goldseeker,5,Orc,Ladino,11,13,18,14,10,13
Gortash Del'Vyre,6,Meio-Elfo,Monge,15,12,10,8,13,14
Dammon Stoutbeard,7,Dragonborn,Mago,11,11,19,8,16,9
Sazza Bloodaxe,4,Meio-Elfo,Clérigo,18,9,8,16,8,8
Mizora Ansur,8,Dragonborn,Feiticeiro,19,17,18,13,12,14
Cora Bloodaxe,6,Elfo,Bruxo,15,13,12,19,8,8
Orin Anchev,1,Halfling,Feiticeiro,13,12,17,12,8,10
Mizora Starseeker,1,Anão,Druida,19,9,17,13,10,11
Roah Dekarios,9,Githyanki,Clérigo,18,17,9,13,10,9
Elminster Sunstrider,10,Meio-Elfo,Ladino,12,14,11,8,11,14
Mizora Darkweaver,6,Halfling,Monge,11,13,9,12,10,12
Shadowheart Cliffgate,10,Orc,Monge,11,19,9,16,13,8
Gortash Nightbreeze,8,Githyanki,Druida,19,18,10,11,19,19
Rath Ansur,7,Gnomo,Bardo,11,16,12,10,11,19
Rath Spellweaver,12,Elfo,Paladino,18,18,11,8,15,15
Kagha Stoutbeard,6,Humano,Monge,16,17,9,9,8,17
Lae'zel Darkweaver,4,Humano,Patrulheiro,11,12,18,10,15,14
Lae'zel Stonefoot,7,Tiefling,Feiticeiro,19,16,17,11,18,11
Gale Ansur,9,Elfo,Paladino,16,16,9,14,8,9
Halsin Ravengard,11,Tiefling,Patrulheiro,17,8,13,13,18,14
Jaheira Shadowdancer,10,Humano,Bardo,13,12,14,18,8,18
Orin Cliffgate,10,Anão,Bardo,17,16,19,15,14,9
Ragzlin Stoutbeard,7,Orc,Bardo,14,14,17,16,8,13
Mizora Silverfrond,1,Anão,Guerreiro,19,13,13,13,16,8
Aradin Shadowdancer,10,Halfling,Bruxo,17,13,14,14,15,14
Kagha Del'Vyre,9,Orc,Bardo,10,18,8,11,8,14
Nere Darkweaver,4,Humano,Patrulheiro,15,14,13,9,9,19
Omeluum Moonbreeze,3,Tiefling,Patrulheiro,10,8,18,16,9,11
Ragzlin Shadowdancer,4,Elfo,Mago,8,11,10,16,9,11
Sazza Ironfist,4,Elfo,Feiticeiro,17,8,8,11,13,17
Mizora Swiftfoot,10,Dragonborn,Bruxo,19,13,15,19,11,12
Blurg Nightbreeze,11,Githyanki,Feiticeiro,12,11,11,10,15,9
Nere Goldseeker,2,Gnomo,Druida,9,8,17,17,8,16
Mizora Dekarios,12,Humano,Druida,17,16,15,18,17,17
Wyll Moonbreeze,1,Humano,Bruxo,13,19,17,13,11,11
Danis Starseeker,12,Tiefling,Clérigo,17,11,18,10,17,18
Shadowheart Anchev,10,Dragonborn,Guerreiro,16,19,11,8,18,16
Minthara Sunstrider,12,Meio-Elfo,Paladino,8,13,11,11,12,10
Karlach Windrunner,1,Githyanki,Druida,11,14,19,8,16,16
Minthara Darkweaver,8,Anão,Bardo,8,15,17,9,12,8
Mizora Nightbreeze,2,Anão,Druida,8,19,11,10,18,14
Sazza Ravengard,12,Meio-Elfo,Bardo,15,18,13,15,10,11
Ketheric Stoutbeard,10,Dragonborn,Feiticeiro,18,16,16,17,18,14
Zevlor Hallowtide,5,Githyanki,Patrulheiro,9,16,12,11,11,17
Omeluum Bloodaxe,12,Humano,Bardo,8,15,19,11,17,13
Brem Sunstrider,4,Elfo,Bardo,18,17,17,17,14,11
Orin Starseeker,8,Humano,Guerreiro,15,18,15,16,8,11
Ragzlin Del'Vyre,2,Anão,Mago,11,19,15,14,18,15
Jaheira Stormwind,10,Orc,Bardo,10,19,11,9,13,14
Karlach Shadowdancer,9,Tiefling,Paladino,19,10,18,10,15,11
Ragzlin Starseeker,7,Tiefling,Clérigo,11,19,17,11,8,18
Wyll Darkweaver,7,Gnomo,Guerreiro,18,9,16,11,15,13
Sarevok Darkweaver,1,Halfling,Feiticeiro,12,12,16,17,14,13
Shadowheart Stormwind,12,Anão,Mago,8,8,12,15,8,8
Nere Goldseeker,2,Dragonborn,Clérigo,18,10,13,17,16,9
Zevlor Shadowdancer,4,Tiefling,Monge,8,8,12,17,18,11
Omeluum Stoutbeard,4,Orc,Patrulheiro,10,10,10,13,10,13
Omeluum Ansur,11,Humano,Ladino,13,11,18,10,9,13
Abdirak Spellweaver,3,Gnomo,Patrulheiro,8,14,15,18,14,8
Nere Moonbreeze,7,Elfo,Monge,18,19,16,16,18,15
Karlach Stonefoot,12,Anão,Clérigo,19,19,11,17,10,9
Barcus Ironfist,8,Halfling,Bruxo,9,12,16,15,8,12
Viconia Ravengard,2,Dragonborn,Patrulheiro,19,12,16,16,17,11
Minthara Moonbreeze,4,Gnomo,Druida,14,8,14,12,10,12
Rath Spellweaver,3,Elfo,Paladino,8,15,15,10,13,12
Sazza Cliffgate,2,Halfling,Monge,14,11,10,11,10,17
Lae'zel Ansur,12,Halfling,Paladino,11,17,12,19,12,15
Jaheira Ravengard,6,Gnomo,Guerreiro,17,12,10,12,16,17
Cora Nightbreeze,4,Humano,Monge,13,9,14,16,14,14
Abdirak Bloodaxe,6,Dragonborn,Bardo,15,19,13,16,9,19
Sarevok Ravengard,2,Meio-Elfo,Bruxo,16,8,18,10,8,16
Abdirak Windrunner,12,Halfling,Mago,13,16,10,14,14,19
Ketheric Sunstrider,4,Tiefling,Mago,19,9,16,13,11,18
Rath Ansur,11,Meio-Elfo,Ladino,18,13,19,11,18,8
Volothamp Stormwind,6,Orc,Ladino,16,8,8,12,14,13
Roah Shadowdancer,5,Gnomo,Bardo,11,8,17,17,13,13
Mizora Brightwood,3,Halfling,Paladino,13,16,10,9,14,9
Rath Darkweaver,8,Tiefling,Feiticeiro,15,11,18,18,11,18
Sarevok Windrunner,7,Orc,Guerreiro,16,16,17,14,10,15
Omeluum Ravengard,3,Meio-Elfo,Druida,10,18,18,11,19,13
Wyll Anchev,6,Elfo,Ladino,9,12,14,9,12,18
Karlach Firebrand,4,Anão,Monge,13,14,10,18,10,17
Blurg Hallowtide,11,Meio-Elfo,Patrulheiro,11,8,10,13,10,16
Jaheira Dekarios,5,Anão,Clérigo,8,13,9,18,11,17
Dror Ansur,11,Tiefling,Bruxo,15,15,16,19,15,12
Zevlor Silverfrond,5,Halfling,Feiticeiro,16,8,18,9,9,14
Minsc Goldseeker,7,Anão,Monge,16,16,11,17,11,13
Ragzlin Windrunner,11,Gnomo,Patrulheiro,9,10,17,9,18,18
Gortash Hallowtide,5,Tiefling,Paladino,16,8,13,14,10,12
Rath Firebrand,11,Halfling,Paladino,14,8,9,8,14,13
Danis Starseeker,3,Tiefling,Guerreiro,12,18,16,14,9,11
Viconia Bloodaxe,10,Meio-Elfo,Bardo,14,13,14,17,8,10
Cora Starseeker,5,Tiefling,Paladino,16,18,17,12,17,8
Astarion Darkweaver,7,Meio-Elfo,Mago,15,13,12,8,8,8
Blurg Windrunner,5,Gnomo,Bruxo,13,8,14,13,13,13
Bex Sunstrider,5,Dragonborn,Mago,11,10,11,14,10,16
Abdirak Goldseeker,9,Gnomo,Clérigo,8,14,17,8,14,15
Omeluum Sunstrider,3,Orc,Guerreiro,13,17,14,16,15,19
Cora Stormwind,6,Meio-Elfo,Clérigo,10,10,9,14,12,9
Astarion Swiftfoot,1,Halfling,Paladino,13,10,14,8,12,16
Rath Brightwood,10,Githyanki,Bardo,13,10,11,10,19,15
Orin Nightbreeze,5,Dragonborn,Ladino,11,19,11,12,9,19
Bex Stoutbeard,8,Gnomo,Patrulheiro,9,14,8,11,15,16
Minsc Swiftfoot,5,Githyanki,Patrulheiro,16,11,19,9,17,11
Minsc Spellweaver,9,Elfo,Guerreiro,9,11,10,8,8,16
Minthara Anchev,11,Githyanki,Monge,10,10,12,11,17,9
Abdirak Cliffgate,6,Orc,Monge,17,17,12,14,16,8
Voss Ravengard,8,Orc,Mago,8,18,9,18,8,16
Roah Brightwood,10,Gnomo,Mago,14,16,11,11,8,17
Abdirak Ravengard,8,Githyanki,Patrulheiro,8,9,8,16,8,15
Viconia Stormwind,3,Anão,Feiticeiro,18,11,16,15,14,14
Sazza Goldseeker,7,Halfling,Bruxo,16,15,8,15,11,15
Shadowheart Brightwood,7,Elfo,Clérigo,18,13,13,12,19,19
Halsin Spellweaver,10,Meio-Elfo,Mago,18,14,14,19,14,8
Volothamp Spellweaver,12,Humano,Bardo,8,14,10,8,12,16
Nere Moonbreeze,6,Anão,Patrulheiro,12,9,19,16,19,19
Raphael Hallowtide,12,Elfo,Bruxo,14,11,8,9,14,17
Nere Del'Vyre,7,Elfo,Clérigo,10,17,14,13,17,18
Elminster Swiftfoot,2,Humano,Monge,16,17,10,17,14,16
Brem Anchev,9,Orc,Patrulheiro,15,13,17,12,11,19
Roah Nightbreeze,10,Elfo,Druida,10,10,19,17,9,18
Halsin Del'Vyre,10,Anão,Bruxo,12,16,19,15,15,16
Lae'zel Shadowdancer,1,Gnomo,Guerreiro,14,11,13,18,9,13
Brem Anchev,1,Tiefling,Mago,19,17,19,10,16,11
Mizora Sunstrider,3,Tiefling,Ladino,11,9,13,13,12,9
Ragzlin Swiftfoot,3,Tiefling,Mago,12,13,19,13,16,18
Danis Cliffgate,1,Anão,Clérigo,10,8,11,17,16,11
Abdirak Windrunner,12,Halfling,Patrulheiro,16,13,19,10,15,14
Dror Ironfist,7,Meio-Elfo,Monge,17,19,18,19,15,8
Bex Starseeker,4,Humano,Bruxo,16,17,13,19,11,16
Halsin Hallowtide,10,Dragonborn,Ladino,14,8,18,19,11,10
Elminster Firebrand,2,Orc,Feiticeiro,17,15,17,14,9,11
Barcus Cliffgate,10,Tiefling,Mago,9,12,11,18,11,19
Barcus Goldseeker,5,Githyanki,Paladino,14,13,15,11,11,12
Danis Brightwood,6,Orc,Druida,14,9,16,12,13,19
Dror Windrunner,9,Anão,Feiticeiro,18,9,9,16,10,10
Rath Goldseeker,4,Halfling,Paladino,12,19,14,13,9,11
Halsin Moonbreeze,2,Halfling,Druida,16,16,16,17,15,12
Astarion Darkweaver,5,Tiefling,Monge,19,10,16,11,9,19
Dammon Goldseeker,3,Githyanki,Bardo,18,13,19,15,15,8
Ketheric Del'Vyre,2,Dragonborn,Druida,10,17,12,16,14,16
Aradin Firebrand,12,Tiefling,Ladino,11,12,8,17,10,17
Cora Anchev,1,Humano,Druida,8,19,13,12,13,17
Alfira Stonefoot,10,Orc,Bruxo,13,11,15,9,13,11
Dammon Anchev,2,Gnomo,Mago,11,17,8,13,17,16
Aradin Windrunner,6,Orc,Mago,8,9,9,18,12,11
Ragzlin Del'Vyre,8,Githyanki,Monge,9,15,8,19,15,8
Ragzlin Cliffgate,3,Tiefling,Paladino,10,17,12,15,18,19
Aradin Firebrand,11,Humano,Paladino,16,14,9,12,19,12
Bhaal Swiftfoot,9,Githyanki,Bardo,15,18,17,8,12,16
Rath Brightwood,12,Meio-Elfo,Paladino,14,9,17,15,14,10
Alfira Ansur,9,Githyanki,Monge,18,13,11,16,13,12
Volothamp Shadowdancer,2,Anão,Druida,19,15,8,8,18,10
Astarion Cliffgate,8,Githyanki,Bardo,11,14,14,15,14,19
Gortash Brightwood,10,Dragonborn,Monge,8,8,15,17,16,10
Shadowheart Dekarios,11,Tiefling,Guerreiro,15,12,12,19,10,8
Dror Anchev,12,Anão,Clérigo,11,9,9,9,17,9
Aradin Dekarios,5,Githyanki,Paladino,10,13,15,11,14,9
Sazza Ansur,4,Anão,Ladino,16,14,8,9,17,16
Wyll Darkweaver,10,Humano,Mago,17,14,14,9,10,14
Astarion Nightbreeze,5,Gnomo,Clérigo,11,10,8,17,9,15
Jaheira Swiftfoot,4,Anão,Paladino,11,14,19,10,19,9
Ragzlin Stonefoot,8,Orc,Patrulheiro,16,12,13,15,14,16
Kagha Firebrand,4,Meio-Elfo,Feiticeiro,19,15,13,11,11,10
Gale Windrunner,10,Halfling,Monge,18,19,12,14,8,17
Dammon Darkweaver,12,Meio-Elfo,Bruxo,19,15,9,19,13,9
Minthara Shadowdancer,6,Githyanki,Druida,9,14,9,17,18,19
Minthara Stonefoot,2,Gnomo,Monge,19,13,16,10,13,8
Alfira Sunstrider,5,Meio-Elfo,Ladino,12,9,12,17,13,16
Raphael Windrunner,6,Halfling,Bardo,11,13,12,19,9,15
Mizora Dekarios,5,Dragonborn,Guerreiro,16,19,14,18,8,19
Cora Anchev,12,Dragonborn,Monge,19,18,13,10,10,18
Dror Nightbreeze,2,Gnomo,Monge,12,16,9,9,19,11
Dammon Silverfrond,7,Halfling,Monge,16,9,18,19,9,14
Halsin Ansur,4,Halfling,Clérigo,18,8,8,13,13,19
Ragzlin Spellweaver,8,Humano,Druida,16,18,12,13,19,10
Jaheira Silverfrond,7,Elfo,Druida,9,12,11,8,13,10
Astarion Dekarios,7,Anão,Druida,16,18,19,14,12,11
Gale Hallowtide,9,Gnomo,Patrulheiro,10,13,10,19,17,9
Brem Spellweaver,1,Tiefling,Clérigo,11,10,9,11,17,17
Cora Brightwood,10,Humano,Bruxo,8,15,17,18,12,11
Jaheira Dekarios,6,Dragonborn,Bardo,8,14,9,19,16,17
Blurg Darkweaver,6,Humano,Patrulheiro,8,9,11,10,12,10
Gale Ansur,6,Githyanki,Clérigo,16,19,9,15,17,15
Mizora Swiftfoot,12,Anão,Guerreiro,18,14,11,9,13,18
Dror Dekarios,6,Tiefling,Monge,15,8,10,16,18,9
Jaheira Brightwood,12,Gnomo,Druida,12,16,16,15,11,18
Raphael Silverfrond,10,Githyanki,Monge,12,14,14,15,17,16
Voss Bloodaxe,7,Elfo,Clérigo,16,13,18,10,8,10
Dammon Swiftfoot,10,Tiefling,Mago,10,9,19,11,11,11
Brem Cliffgate,6,Halfling,Ladino,10,10,10,9,9,17
Gortash Shadowdancer,1,Tiefling,Patrulheiro,14,8,15,9,17,17
Dammon Cliffgate,3,Humano,Bruxo,16,17,16,11,10,10
Bhaal Spellweaver,2,Orc,Druida,13,12,14,13,14,10
Wyll Swiftfoot,6,Githyanki,Guerreiro,9,16,13,12,14,15
Blurg Stormwind,8,Humano,Patrulheiro,8,13,11,8,8,15
Bex Windrunner,3,Halfling,Bardo,9,12,12,17,15,13
Gortash Stormwind,10,Dragonborn,Bruxo,8,19,15,8,14,11
Zevlor Del'Vyre,8,Humano,Bardo,17,10,10,13,8,8
Volothamp Goldseeker,8,Tiefling,Druida,17,12,9,10,15,11
Halsin Stonefoot,5,Elfo,Bardo,16,15,10,10,9,15
Minthara Nightbreeze,8,Tiefling,Clérigo,17,19,19,14,15,13
Halsin Firebrand,6,Tiefling,Ladino,19,9,14,8,10,9
Mizora Firebrand,5,Githyanki,Bardo,15,12,15,8,17,10
Cora Dekarios,9,Gnomo,Feiticeiro,14,13,8,17,14,19
Bex Brightwood,7,Anão,Feiticeiro,10,17,14,10,13,14
Alfira Darkweaver,8,Tiefling,Mago,15,15,16,15,12,18
Alfira Sunstrider,1,Tiefling,Bruxo,9,15,19,8,18,18
Omeluum Spellweaver,11,Anão,Mago,9,12,10,17,17,11
Ragzlin Ironfist,2,Elfo,Ladino,18,16,10,11,18,11
Volothamp Nightbreeze,8,Githyanki,Guerreiro,17,11,15,16,9,12
Shadowheart Brightwood,12,Dragonborn,Ladino,10,19,11,11,9,15
Astarion Swiftfoot,9,Halfling,Paladino,14,16,15,17,19,14
Karlach Stormwind,4,Halfling,Patrulheiro,8,18,12,15,8,16
Barcus Goldseeker,12,Humano,Mago,15,14,10,14,16,12
Viconia Silverfrond,10,Githyanki,Clérigo,19,13,11,10,18,8
Shadowheart Stoutbeard,11,Orc,Guerreiro,14,11,11,14,15,11
Gale Hallowtide,10,Dragonborn,Paladino,11,9,15,14,15,13
Cora Spellweaver,9,Halfling,Ladino,12,15,13,17,8,13
Sarevok Stonefoot,4,Orc,Feiticeiro,17,13,14,10,12,16
Barcus Starseeker,10,Gnomo,Druida,8,19,16,9,19,17
Karlach Firebrand,10,Orc,Patrulheiro,11,10,13,16,13,12
Blurg Goldseeker,10,Orc,Bardo,8,14,10,8,9,12
Sazza Firebrand,9,Dragonborn,Monge,8,17,10,14,17,13
Aradin Ansur,11,Gnomo,Bruxo,17,14,18,11,12,18
Minsc Nightbreeze,7,Orc,Feiticeiro,8,13,10,9,13,13
Raphael Bloodaxe,2,Anão,Druida,14,9,19,9,16,10
Voss Ravengard,9,Meio-Elfo,Mago,14,15,17,15,17,13
Danis Ironfist,4,Tiefling,Guerreiro,11,8,9,14,8,15
Brem Shadowdancer,8,Elfo,Guerreiro,19,8,8,19,17,19
Elminster Anchev,7,Tiefling,Monge,9,13,18,14,10,13
Minthara Stoutbeard,7,Humano,Guerreiro,19,12,17,12,19,19
Aradin Ironfist,8,Orc,Clérigo,10,16,8,17,16,18
Cora Stormwind,1,Halfling,Mago,15,19,11,15,8,12
Dammon Del'Vyre,5,Githyanki,Ladino,15,14,10,9,8,10
Elminster Ansur,2,Humano,Guerreiro,18,9,12,9,8,8
Elminster Ironfist,2,Dragonborn,Guerreiro,18,19,19,12,14,12
Gortash Shadowdancer,1,Githyanki,Ladino,13,14,16,8,12,13
Minsc Stormwind,5,Githyanki,Ladino,17,10,19,13,13,13
Rath Shadowdancer,2,Dragonborn,Paladino,16,8,15,11,15,13
Shadowheart Starseeker,4,Anão,Patrulheiro,18,18,19,13,9,10
Roah Swiftfoot,3,Tiefling,Patrulheiro,19,15,16,14,9,11
Kagha Stormwind,3,Humano,Patrulheiro,16,19,12,10,10,10
Minsc Cliffgate,2,Tiefling,Monge,11,10,15,18,10,9
Danis Darkweaver,6,Gnomo,Guerreiro,19,18,11,15,10,15
Wyll Dekarios,2,Halfling,Monge,8,15,12,14,11,14
Abdirak Silverfrond,8,Humano,Druida,8,14,19,8,10,18
Ragzlin Sunstrider,8,Dragonborn,Patrulheiro,19,19,10,13,9,15
Raphael Bloodaxe,12,Orc,Guerreiro,17,9,12,14,16,13
Cora Del'Vyre,5,Humano,Paladino,12,8,19,18,13,18
Blurg Swiftfoot,10,Humano,Monge,9,14,10,11,10,19
Viconia Cliffgate,7,Meio-Elfo,Ladino,13,8,12,9,16,14
Lae'zel Ansur,4,Dragonborn,Monge,14,13,18,17,11,8
Volothamp Starseeker,1,Dragonborn,Guerreiro,8,18,12,16,11,17
Bex Sunstrider,11,Tiefling,Monge,13,17,13,14,15,12
Omeluum Bloodaxe,2,Halfling,Bruxo,15,18,16,8,14,11
Sazza Stoutbeard,10,Dragonborn,Ladino,19,17,8,15,14,17
Raphael Darkweaver,10,Elfo,Bardo,12,15,19,10,17,10
Elminster Bloodaxe,4,Dragonborn,Paladino,19,14,17,11,14,9
Blurg Swiftfoot,1,Elfo,Druida,14,11,13,19,17,16
Roah Spellweaver,8,Orc,Ladino,17,8,8,12,18,15
Sazza Brightwood,9,Halfling,Patrulheiro,13,8,13,8,12,17
Sarevok Cliffgate,4,Anão,Clérigo,11,11,9,13,14,9
Cora Ironfist,10,Humano,Mago,14,12,15,17,11,13
Danis Nightbreeze,3,Halfling,Guerreiro,17,19,18,13,15,10
Bex Hallowtide,2,Tiefling,Bruxo,16,14,10,9,16,10
Nere Spellweaver,5,Humano,Mago,17,11,17,18,19,12
Zevlor Ansur,3,Elfo,Patrulheiro,17,17,13,17,10,14
Lae'zel Windrunner,10,Githyanki,Feiticeiro,14,19,13,13,14,14
Nere Ravengard,7,Halfling,Druida,19,8,11,15,19,18
Rath Brightwood,11,Tiefling,Ladino,12,18,12,13,17,17
Raphael Stormwind,6,Elfo,Monge,14,17,9,11,16,8
Sarevok Sunstrider,1,Tiefling,Ladino,10,14,17,11,8,18
Halsin Stonefoot,12,Tiefling,Ladino,9,9,17,16,9,14
Minthara Anchev,8,Tiefling,Patrulheiro,18,18,15,13,14,14
Elminster Ironfist,2,Halfling,Patrulheiro,12,9,17,15,9,13
Abdirak Cliffgate,5,Githyanki,Bardo,11,15,14,15,14,13
Bex Stoutbeard,9,Elfo,Clérigo,12,19,17,14,8,9
Dror Dekarios,8,Anão,Mago,15,17,13,10,10,10
Shadowheart Stormwind,2,Elfo,Monge,19,17,14,17,12,10
Astarion Ironfist,9,Dragonborn,Monge,11,17,19,8,19,10
Omeluum Ravengard,5,Humano,Bardo,16,12,8,12,18,9
Abdirak Firebrand,10,Githyanki,Patrulheiro,14,17,12,17,13,16
Ragzlin Stormwind,6,Halfling,Paladino,17,9,14,17,16,13
Bex Anchev,3,Meio-Elfo,Clérigo,19,12,8,9,16,9
Viconia Windrunner,3,Anão,Bardo,14,15,9,19,10,10
Rath Ironfist,10,Humano,Monge,15,13,16,17,15,17
Viconia Nightbreeze,8,Meio-Elfo,Ladino,19,10,19,9,11,13
Omeluum Silverfrond,11,Dragonborn,Clérigo,13,15,10,14,14,11
Kagha Dekarios,10,Elfo,Paladino,15,16,13,18,13,14
Rath Windrunner,10,Elfo,Patrulheiro,10,12,14,10,15,13
Voss Hallowtide,12,Githyanki,Bardo,17,9,16,15,13,13
Raphael Ironfist,2,Halfling,Patrulheiro,17,9,12,16,11,19
Brem Windrunner,11,Halfling,Bardo,8,14,11,15,9,10
Danis Sunstrider,12,Humano,Monge,13,8,18,13,14,18
Karlach Dekarios,12,Gnomo,Paladino,8,17,19,12,18,15
Mizora Firebrand,2,Dragonborn,Bardo,16,19,9,10,18,16
Omeluum Ansur,5,Gnomo,Monge,9,9,10,10,11,13
Barcus Starseeker,6,Tiefling,Bardo,18,17,12,14,16,9
Alfira Del'Vyre,12,Anão,Patrulheiro,9,11,18,12,16,8
Voss Bloodaxe,2,Elfo,Ladino,14,8,9,19,14,10
Elminster Cliffgate,5,Humano,Monge,9,11,11,13,12,10
Raphael Stormwind,7,Gnomo,Bruxo,17,19,8,13,10,15
Minsc Nightbreeze,10,Githyanki,Bruxo,15,18,11,16,10,12
Abdirak Ansur,10,Orc,Clérigo,13,17,14,8,16,8
Shadowheart Cliffgate,8,Halfling,Clérigo,14,12,19,15,16,18
Minsc Cliffgate,12,Elfo,Ladino,14,16,10,17,19,11
Minsc Stonefoot,7,Humano,Guerreiro,13,8,17,12,18,14
Rath Shadowdancer,8,Meio-Elfo,Bruxo,17,19,15,13,11,12
Elminster Ravengard,12,Anão,Guerreiro,18,12,13,13,18,17
Astarion Spellweaver,9,Tiefling,Feiticeiro,16,9,13,8,8,13
Roah Swiftfoot,5,Githyanki,Ladino,16,16,8,10,17,17
Rath Stonefoot,5,Dragonborn,Paladino,14,13,12,19,12,11
Roah Stormwind,11,Githyanki,Bruxo,16,9,10,13,15,9
Kagha Hallowtide,10,Tiefling,Patrulheiro,17,10,17,18,17,16
Voss Del'Vyre,4,Orc,Ladino,10,15,8,18,11,9
Gale Silverfrond,9,Dragonborn,Monge,10,8,15,16,17,9
Blurg Firebrand,5,Dragonborn,Druida,8,19,14,13,17,19
Aradin Goldseeker,2,Humano,Patrulheiro,12,10,14,19,11,9
Sazza Darkweaver,10,Githyanki,Bardo,11,17,19,13,19,8
Raphael Del'Vyre,8,Elfo,Bruxo,9,8,17,8,16,19
Sarevok Dekarios,7,Tiefling,Bardo,16,18,17,16,16,19
Alfira Ravengard,8,Orc,Bruxo,10,18,17,11,14,10
Blurg Ansur,12,Orc,Guerreiro,15,15,11,9,17,13
Elminster Dekarios,3,Halfling,Ladino,13,8,18,8,15,14
Minthara Moonbreeze,4,Anão,Monge,12,12,13,10,19,8
Sarevok Sunstrider,5,Humano,Ladino,8,11,16,10,19,12
Bhaal Swiftfoot,6,Humano,Mago,11,14,10,12,11,12
Brem Starseeker,1,Meio-Elfo,Bruxo,10,12,16,8,15,8
Alfira Nightbreeze,4,Humano,Mago,8,15,11,14,13,11
Jaheira Stonefoot,11,Dragonborn,Clérigo,19,19,12,8,10,17
Zevlor Goldseeker,12,Meio-Elfo,Paladino,12,18,14,11,14,8
Bex Sunstrider,10,Orc,Ladino,13,8,13,13,10,8
Elminster Nightbreeze,5,Elfo,Guerreiro,9,12,17,8,18,19
Cora Silverfrond,7,Gnomo,Monge,10,11,15,14,14,14
Blurg Starseeker,5,Anão,Bruxo,18,10,15,17,12,14
Bhaal Bloodaxe,1,Anão,Monge,13,12,15,14,11,10
Lae'zel Starseeker,11,Elfo,Clérigo,11,17,10,10,10,14
Jaheira Ravengard,7,Elfo,Bardo,16,10,17,11,15,10
Roah Dekarios,8,Gnomo,Monge,12,15,13,13,11,9
Volothamp Bloodaxe,7,Halfling,Bruxo,11,10,14,18,15,17
Roah Swiftfoot,11,Githyanki,Mago,9,8,16,14,17,11
Sarevok Spellweaver,4,Anão,Guerreiro,13,16,17,11,10,17
Orin Swiftfoot,8,Halfling,Monge,17,16,17,17,17,10
Abdirak Hallowtide,5,Humano,Guerreiro,9,13,19,18,16,19
Abdirak Shadowdancer,10,Elfo,Bardo,19,17,11,16,13,14
Dammon Ansur,9,Meio-Elfo,Guerreiro,14,8,12,16,12,19
Minthara Spellweaver,12,Halfling,Bardo,10,15,15,16,12,19
Bhaal Stonefoot,12,Halfling,Bardo,16,9,8,19,10,8
Halsin Brightwood,10,Anão,Paladino,18,16,19,17,9,13
Elminster Cliffgate,5,Orc,Paladino,12,15,13,13,13,9
Cora Darkweaver,1,Meio-Elfo,Feiticeiro,15,10,11,9,18,15
Abdirak Silverfrond,12,Githyanki,Druida,18,12,12,9,8,12
Bex Del'Vyre,9,Humano,Guerreiro,13,16,18,18,14,10
Danis Hallowtide,12,Gnomo,Monge,19,8,12,11,12,17
Halsin Windrunner,5,Tiefling,Guerreiro,17,16,9,16,11,14
Gortash Brightwood,6,Orc,Bardo,15,11,15,10,16,18
Orin Windrunner,4,Anão,Paladino,18,11,9,13,17,9
Halsin Ravengard,6,Orc,Patrulheiro,19,11,11,9,8,12
Minsc Swiftfoot,12,Meio-Elfo,Mago,10,17,19,8,18,18
Jaheira Starseeker,8,Dragonborn,Guerreiro,10,19,12,19,11,15
Cora Spellweaver,3,Githyanki,Ladino,12,16,8,12,10,18
Ragzlin Moonbreeze,5,Humano,Ladino,18,13,13,15,13,8
Volothamp Starseeker,2,Orc,Druida,17,18,9,17,12,8
Zevlor Shadowdancer,2,Githyanki,Bruxo,10,15,12,17,14,10
Aradin Del'Vyre,7,Tiefling,Guerreiro,15,19,13,9,8,10
Kagha Nightbreeze,10,Humano,Guerreiro,17,11,18,17,12,14
Voss Windrunner,10,Tiefling,Clérigo,19,10,15,16,9,13
Volothamp Brightwood,11,Halfling,Bardo,15,8,16,19,9,14
Kagha Firebrand,10,Orc,Bruxo,9,17,19,15,18,11
Elminster Ravengard,6,Tiefling,Bardo,19,14,13,10,18,18
Gortash Starseeker,4,Githyanki,Bardo,11,11,12,8,9,9
Zevlor Silverfrond,5,Dragonborn,Monge,17,15,19,11,16,9
Brem Bloodaxe,1,Gnomo,Mago,8,10,11,15,17,17
Voss Goldseeker,7,Elfo,Guerreiro,11,8,9,10,10,8
Raphael Firebrand,8,Dragonborn,Bruxo,19,12,9,17,11,16
Gale Shadowdancer,9,Anão,Monge,18,9,14,19,12,14
Blurg Starseeker,8,Dragonborn,Paladino,11,10,12,9,11,17
Rath Silverfrond,5,Tiefling,Patrulheiro,17,13,14,14,11,10
Abdirak Spellweaver,3,Anão,Bardo,16,10,18,11,12,9
Cora Starseeker,10,Dragonborn,Druida,10,10,8,13,17,10
Kagha Stoutbeard,11,Elfo,Ladino,9,19,8,12,16,14
Orin Stonefoot,9,Githyanki,Bruxo,16,13,12,9,19,12
Wyll Anchev,6,Gnomo,Clérigo,16,12,9,17,16,19
Ragzlin Ravengard,5,Tiefling,Guerreiro,8,17,15,9,13,10
Danis Cliffgate,3,Orc,Feiticeiro,13,16,10,16,18,16
Roah Moonbreeze,6,Humano,Ladino,17,8,8,18,19,9
Ketheric Stormwind,3,Meio-Elfo,Monge,15,10,9,17,10,14
Volothamp Windrunner,10,Orc,Ladino,10,10,17,9,13,17
Mizora Windrunner,12,Halfling,Guerreiro,18,18,17,15,17,13
Bhaal Ansur,6,Tiefling,Ladino,16,13,14,15,11,13
Shadowheart Spellweaver,4,Humano,Paladino,9,15,13,8,10,14
Voss Ironfist,2,Githyanki,Clérigo,13,10,19,8,13,13
Raphael Swiftfoot,8,Halfling,Druida,8,10,15,11,18,9
Aradin Darkweaver,4,Meio-Elfo,Bruxo,14,13,14,9,13,18
Ketheric Bloodaxe,9,Tiefling,Guerreiro,10,15,17,19,9,12
Ketheric Swiftfoot,7,Orc,Feiticeiro,14,13,15,8,16,10
Volothamp Firebrand,12,Dragonborn,Ladino,11,19,10,16,15,16
Dammon Darkweaver,2,Orc,Clérigo,16,17,13,10,13,15
Dammon Dekarios,4,Orc,Guerreiro,12,10,14,8,8,17
Voss Anchev,5,Meio-Elfo,Clérigo,10,11,17,9,19,18
Kagha Brightwood,3,Tiefling,Ladino,15,8,18,15,9,9
Ragzlin Swiftfoot,9,Tiefling,Bardo,13,15,8,12,11,8
Ragzlin Ironfist,5,Anão,Bruxo,9,11,8,18,14,11
Bhaal Bloodaxe,2,Orc,Mago,10,13,14,14,16,11
Minthara Hallowtide,11,Githyanki,Mago,15,18,18,13,17,19
Aradin Starseeker,3,Humano,Bruxo,17,10,10,8,12,17
Roah Firebrand,9,Humano,Bardo,14,18,10,13,17,18
Kagha Windrunner,7,Halfling,Guerreiro,17,19,12,18,9,9
Barcus Darkweaver,2,Meio-Elfo,Clérigo,13,18,18,14,18,14
Karlach Windrunner,9,Orc,Feiticeiro,8,13,13,11,18,10
Astarion Firebrand,4,Githyanki,Bardo,16,19,9,15,18,14
Aradin Sunstrider,9,Halfling,Mago,10,18,10,15,8,14
Gale Stoutbeard,2,Tiefling,Guerreiro,12,16,13,14,17,8
Gortash Ironfist,12,Humano,Monge,14,16,10,18,8,13
Aradin Brightwood,10,Elfo,Bardo,14,17,12,9,12,11
Wyll Firebrand,12,Anão,Mago,10,10,16,13,14,18
Volothamp Ansur,4,Githyanki,Druida,11,10,19,13,16,15
Blurg Ansur,5,Halfling,Ladino,17,11,10,19,16,15
Roah Darkweaver,2,Halfling,Clérigo,14,19,19,19,15,10
Astarion Del'Vyre,10,Githyanki,Paladino,15,14,18,14,8,11
Orin Swiftfoot,1,Dragonborn,Guerreiro,9,10,13,13,12,8
Minsc Stoutbeard,7,Elfo,Druida,16,17,18,9,13,17
Orin Firebrand,10,Tiefling,Ladino,14,15,12,15,13,9
Brem Swiftfoot,1,Humano,Paladino,15,18,12,11,11,14
Wyll Ansur,11,Orc,Feiticeiro,13,15,18,16,8,18
Sarevok Stormwind,11,Githyanki,Druida,13,13,13,15,10,19
Blurg Anchev,8,Meio-Elfo,Bardo,16,11,13,10,17,14
Blurg Darkweaver,3,Elfo,Ladino,11,18,8,10,11,16
Lae'zel Silverfrond,10,Anão,Ladino,18,19,18,15,11,17
Kagha Windrunner,6,Anão,Feiticeiro,18,18,16,9,11,16
Brem Ansur,7,Meio-Elfo,Mago,12,12,12,16,12,16
Viconia Anchev,10,Elfo,Patrulheiro,16,19,8,11,18,13
Ketheric Shadowdancer,1,Halfling,Ladino,8,9,15,13,16,15
Raphael Firebrand,6,Anão,Mago,11,13,14,10,11,16
Roah Silverfrond,7,Halfling,Monge,14,10,14,10,16,19
Halsin Shadowdancer,6,Dragonborn,Druida,18,13,12,10,16,14
Wyll Spellweaver,4,Elfo,Paladino,16,19,8,18,8,11
Jaheira Stonefoot,1,Githyanki,Clérigo,18,12,16,17,12,11
Barcus Hallowtide,11,Orc,Paladino,19,9,18,19,16,13
Ragzlin Sunstrider,9,Humano,Guerreiro,17,19,16,19,11,18
Minthara Spellweaver,4,Dragonborn,Guerreiro,13,12,15,9,12,11
Raphael Hallowtide,7,Halfling,Ladino,19,12,12,15,11,18
Abdirak Silverfrond,7,Elfo,Ladino,15,16,10,16,9,14
Gale Ravengard,2,Dragonborn,Ladino,16,18,15,15,17,15
Lae'zel Spellweaver,1,Halfling,Monge,17,15,8,17,9,15
Karlach Del'Vyre,8,Orc,Bruxo,11,19,10,10,9,15
Karlach Hallowtide,8,Orc,Clérigo,8,19,19,14,8,9
Cora Spellweaver,7,Meio-Elfo,Bruxo,15,14,18,18,10,17
Minsc Hallowtide,8,Tiefling,Mago,9,19,14,17,18,9
Voss Stonefoot,3,Anão,Mago,18,10,11,9,17,9
Barcus Ansur,11,Orc,Paladino,8,17,14,11,8,9
Voss Spellweaver,2,Gnomo,Clérigo,14,11,19,19,11,11
Volothamp Spellweaver,7,Orc,Paladino,19,13,18,13,8,12
Elminster Ironfist,8,Dragonborn,Clérigo,17,10,12,18,11,11
Brem Nightbreeze,1,Humano,Mago,16,18,13,12,10,12
Gale Del'Vyre,12,Elfo,Ladino,18,16,14,16,16,11
Dammon Firebrand,10,Dragonborn,Ladino,19,15,17,17,8,14
Voss Stonefoot,9,Tiefling,Clérigo,19,13,19,11,15,17
Sazza Ironfist,11,Orc,Monge,16,11,14,12,18,8
Ketheric Shadowdancer,4,Githyanki,Bruxo,10,14,14,11,16,8
Roah Nightbreeze,12,Elfo,Bardo,13,18,14,15,19,9
Minsc Windrunner,4,Dragonborn,Bruxo,14,10,18,15,14,8
Wyll Brightwood,3,Gnomo,Feiticeiro,17,17,14,10,8,19
Gortash Sunstrider,6,Humano,Patrulheiro,16,15,10,8,11,17
Blurg Sunstrider,1,Anão,Bardo,9,8,19,13,17,19
Raphael Ansur,6,Elfo,Ladino,15,10,10,9,8,19
Viconia Nightbreeze,2,Tiefling,Paladino,14,18,14,9,11,17
Gale Windrunner,9,Githyanki,Bardo,11,12,9,10,10,18
Dror Shadowdancer,2,Gnomo,Ladino,9,12,9,15,9,10
Ragzlin Brightwood,7,Anão,Bardo,15,17,10,10,8,13
Minsc Darkweaver,12,Halfling,Feiticeiro,18,9,11,14,13,17
Gale Moonbreeze,1,Humano,Ladino,12,17,13,17,19,18
Roah Darkweaver,12,Anão,Patrulheiro,13,15,15,17,14,13
Raphael Windrunner,7,Orc,Patrulheiro,18,12,17,16,13,8
Sarevok Brightwood,5,Meio-Elfo,Guerreiro,14,14,17,15,16,13
Minsc Hallowtide,8,Githyanki,Clérigo,17,14,14,8,19,12
Orin Bloodaxe,4,Gnomo,Feiticeiro,8,12,11,14,16,14
Rath Darkweaver,12,Anão,Ladino,15,15,9,14,9,13
Roah Darkweaver,10,Meio-Elfo,Mago,11,16,9,15,9,19
Karlach Anchev,7,Anão,Bardo,16,11,11,17,16,19
Viconia Brightwood,6,Dragonborn,Feiticeiro,8,11,13,12,8,14
Raphael Silverfrond,5,Halfling,Patrulheiro,18,15,10,17,12,9
Brem Firebrand,4,Humano,Mago,9,8,13,16,8,19
Orin Del'Vyre,7,Halfling,Monge,13,11,12,16,14,8
Sazza Ironfist,12,Dragonborn,Paladino,18,13,12,15,16,14
Jaheira Stonefoot,5,Anão,Bruxo,17,11,9,13,13,16
Karlach Bloodaxe,5,Elfo,Patrulheiro,18,13,15,13,9,9
Abdirak Nightbreeze,1,Meio-Elfo,Mago,8,12,12,8,13,19
Volothamp Stoutbeard,2,Githyanki,Bardo,11,16,18,13,16,14
Lae'zel Stormwind,5,Tiefling,Ladino,15,17,9,11,10,10
Blurg Darkweaver,3,Meio-Elfo,Patrulheiro,17,16,14,11,16,13
Ketheric Shadowdancer,2,Halfling,Guerreiro,12,11,16,9,15,10
Dror Anchev,4,Meio-Elfo,Clérigo,16,11,16,18,19,17
Karlach Stoutbeard,4,Orc,Druida,18,19,8,11,14,18
Ketheric Windrunner,4,Anão,Patrulheiro,18,15,14,12,15,18
Elminster Cliffgate,4,Dragonborn,Bardo,13,17,16,19,17,18
Rath Moonbreeze,3,Meio-Elfo,Ladino,8,11,13,12,13,12
Dammon Firebrand,12,Meio-Elfo,Bruxo,13,9,8,12,10,9
Ragzlin Nightbreeze,7,Dragonborn,Bardo,13,9,9,11,14,15
Gale Stoutbeard,9,Orc,Clérigo,13,8,11,8,11,15
Rath Dekarios,12,Orc,Feiticeiro,15,12,11,17,18,14
Raphael Firebrand,5,Tiefling,Bardo,13,13,9,15,17,13
Rath Goldseeker,4,Tiefling,Ladino,12,16,15,10,12,8
Nere Nightbreeze,11,Orc,Guerreiro,18,12,9,9,15,15
Ketheric Spellweaver,2,Elfo,Guerreiro,9,13,10,16,14,8
Mizora Silverfrond,2,Tiefling,Paladino,11,13,11,14,14,15
Lae'zel Stormwind,5,Orc,Ladino,17,10,16,16,15,18
Brem Anchev,7,Orc,Guerreiro,12,19,17,9,17,9
Alfira Silverfrond,10,Meio-Elfo,Bruxo,17,11,8,16,10,15
Bhaal Silverfrond,10,Tiefling,Feiticeiro,11,8,15,17,10,17
Rath Windrunner,9,Anão,Feiticeiro,9,11,19,16,9,19
Dror Firebrand,7,Dragonborn,Feiticeiro,14,8,12,18,8,11
Mizora Goldseeker,5,Dragonborn,Feiticeiro,17,12,14,16,17,14
Ketheric Swiftfoot,10,Gnomo,Guerreiro,17,18,15,17,13,12
Roah Del'Vyre,10,Meio-Elfo,Patrulheiro,9,18,12,17,13,15
Omeluum Darkweaver,10,Gnomo,Monge,8,15,15,11,17,19
Nere Del'Vyre,6,Gnomo,Feiticeiro,12,15,17,17,19,13
Sazza Windrunner,11,Meio-Elfo,Clérigo,19,12,18,10,15,12
Halsin Bloodaxe,12,Anão,Paladino,8,17,15,13,13,8
Karlach Stoutbeard,3,Elfo,Bardo,8,9,16,10,13,10
Zevlor Starseeker,5,Humano,Clérigo,8,19,9,18,8,17
Cora Dekarios,8,Elfo,Bardo,13,13,10,16,19,16
Minthara Goldseeker,1,Tiefling,Druida,16,8,8,10,14,16
Dammon Ironfist,12,Orc,Paladino,17,14,11,9,14,12
Aradin Ironfist,1,Halfling,Paladino,18,18,12,15,17,10
Kagha Ironfist,7,Githyanki,Monge,19,11,18,13,16,13
Zevlor Anchev,5,Meio-Elfo,Patrulheiro,8,12,8,15,19,12
Volothamp Spellweaver,5,Elfo,Ladino,12,13,15,14,14,8
Omeluum Brightwood,1,Anão,Bardo,16,18,9,10,15,9
Shadowheart Anchev,9,Elfo,Bardo,16,8,8,15,11,19
Gortash Sunstrider,1,Tiefling,Druida,8,16,9,17,16,12
Ketheric Firebrand,5,Orc,Mago,15,17,12,8,8,16
Ragzlin Shadowdancer,10,Gnomo,Paladino,8,11,16,8,15,19
Sarevok Nightbreeze,9,Dragonborn,Paladino,15,15,16,17,10,11
Kagha Dekarios,4,Halfling,Monge,8,12,9,15,8,16
Shadowheart Stoutbeard,8,Elfo,Monge,19,18,9,16,9,10
Dammon Brightwood,6,Anão,Ladino,12,15,10,17,13,8
Ketheric Ravengard,11,Humano,Bardo,15,8,14,13,12,13
Nere Shadowdancer,3,Elfo,Paladino,13,15,18,12,10,17
Elminster Silverfrond,4,Anão,Druida,16,18,10,9,16,14
Rath Hallowtide,2,Gnomo,Paladino,8,18,8,18,15,11
Zevlor Goldseeker,1,Anão,Feiticeiro,16,11,13,16,10,17
Raphael Spellweaver,8,Anão,Druida,8,9,10,13,9,12
Brem Del'Vyre,1,Orc,Feiticeiro,17,18,8,15,15,11
Voss Ravengard,11,Orc,Patrulheiro,17,13,11,16,12,10
Lae'zel Darkweaver,1,Elfo,Patrulheiro,10,9,8,16,16,8
Alfira Moonbreeze,4,Githyanki,Mago,8,12,8,15,8,13
Aradin Hallowtide,10,Orc,Monge,10,9,19,19,17,17
Halsin Brightwood,12,Dragonborn,Feiticeiro,19,10,9,17,10,12
Minthara Cliffgate,10,Dragonborn,Ladino,18,18,17,15,12,18
Dammon Spellweaver,6,Halfling,Guerreiro,9,13,15,10,9,8
Raphael Shadowdancer,9,Meio-Elfo,Guerreiro,9,8,9,10,10,12
Dror Starseeker,1,Gnomo,Bardo,16,13,18,9,11,13
Orin Del'Vyre,7,Githyanki,Paladino,15,10,9,8,11,17
Aradin Stonefoot,10,Dragonborn,Bardo,8,14,18,11,18,12
Blurg Dekarios,11,Tiefling,Clérigo,19,9,18,9,16,8
Ragzlin Swiftfoot,5,Dragonborn,Feiticeiro,11,13,17,9,8,12
Danis Ravengard,12,Anão,Paladino,8,15,17,18,19,17
Wyll Stonefoot,8,Gnomo,Guerreiro,8,8,15,18,16,8
Barcus Windrunner,7,Halfling,Feiticeiro,19,18,19,12,16,18
Dammon Swiftfoot,4,Elfo,Guerreiro,19,18,13,11,18,10
Omeluum Moonbreeze,4,Dragonborn,Mago,11,16,19,8,13,19
Wyll Swiftfoot,6,Meio-Elfo,Guerreiro,9,12,18,16,18,9
Nere Silverfrond,6,Halfling,Monge,10,12,11,11,8,8
Elminster Ironfist,9,Dragonborn,Ladino,18,19,10,12,18,11
Sarevok Windrunner,12,Githyanki,Paladino,16,12,8,14,19,9
Danis Shadowdancer,5,Githyanki,Bardo,9,13,18,9,13,12
Elminster Stoutbeard,8,Halfling,Paladino,11,9,10,15,15,17
Minthara Stoutbeard,5,Elfo,Paladino,8,13,19,18,12,8
Astarion Nightbreeze,2,Tiefling,Guerreiro,9,18,16,9,12,19
Danis Stoutbeard,6,Tiefling,Guerreiro,12,11,12,18,8,17
Abdirak Silverfrond,9,Dragonborn,Feiticeiro,17,15,13,17,8,8
Volothamp Anchev,3,Dragonborn,Clérigo,8,18,12,12,15,18
Gortash Moonbreeze,1,Halfling,Druida,18,16,8,19,12,17
Ragzlin Swiftfoot,1,Humano,Mago,14,16,17,9,15,11
Sarevok Moonbreeze,3,Anão,Paladino,11,15,8,9,17,14
Omeluum Ironfist,10,Anão,Clérigo,13,10,11,11,9,9
Voss Firebrand,5,Meio-Elfo,Paladino,15,17,10,11,11,9
Sarevok Shadowdancer,3,Dragonborn,Monge,13,18,18,15,18,8
Halsin Spellweaver,9,Meio-Elfo,Feiticeiro,9,18,15,13,17,12
Ragzlin Anchev,8,Halfling,Guerreiro,8,11,19,17,16,13
Viconia Stormwind,3,Elfo,Clérigo,15,8,19,15,10,13
Mizora Moonbreeze,9,Gnomo,Feiticeiro,15,16,14,14,13,9
Lae'zel Darkweaver,6,Gnomo,Bruxo,16,12,18,17,18,19
Orin Starseeker,7,Dragonborn,Monge,13,13,14,11,14,19
Dammon Stormwind,4,Dragonborn,Bardo,19,10,15,9,10,14
Viconia Spellweaver,4,Humano,Clérigo,8,18,17,16,8,13
Cora Cliffgate,12,Halfling,Patrulheiro,16,17,14,9,9,15
Abdirak Nightbreeze,2,Elfo,Bardo,19,15,17,8,18,13
Raphael Firebrand,5,Orc,Bruxo,10,14,9,15,17,16
Raphael Del'Vyre,8,Halfling,Mago,18,8,11,17,14,17
Ragzlin Cliffgate,7,Orc,Ladino,13,17,18,16,14,9
Wyll Del'Vyre,7,Githyanki,Guerreiro,17,19,13,8,19,14
Elminster Ansur,6,Anão,Ladino,17,12,10,14,8,12
Voss Silverfrond,3,Dragonborn,Guerreiro,18,17,10,9,17,8
Ketheric Stonefoot,5,Humano,Ladino,19,16,13,13,14,10
Kagha Bloodaxe,1,Dragonborn,Mago,16,19,8,18,17,11
Orin Silverfrond,7,Gnomo,Bruxo,18,18,8,12,18,19
Ragzlin Dekarios,9,Dragonborn,Bruxo,10,19,12,8,13,9
Ragzlin Hallowtide,1,Gnomo,Patrulheiro,12,13,8,9,18,14
Viconia Windrunner,2,Meio-Elfo,Monge,12,15,17,9,13,8
Dammon Swiftfoot,3,Dragonborn,Patrulheiro,17,17,15,17,14,10
Shadowheart Hallowtide,3,Halfling,Guerreiro,14,8,9,17,14,19
Gortash Stonefoot,8,Orc,Clérigo,11,17,13,13,8,16
Barcus Firebrand,7,Halfling,Bruxo,18,18,17,18,17,18
Danis Firebrand,6,Tiefling,Guerreiro,11,14,17,19,12,9
Viconia Dekarios,10,Gnomo,Patrulheiro,14,10,12,8,15,12
Nere Starseeker,10,Githyanki,Bruxo,16,16,17,18,15,11
Gale Starseeker,11,Tiefling,Guerreiro,18,13,19,11,10,19
Elminster Cliffgate,4,Meio-Elfo,Druida,11,12,19,19,10,10
Dror Sunstrider,9,Halfling,Mago,11,15,11,17,14,12
Ragzlin Goldseeker,1,Githyanki,Bruxo,13,15,8,18,11,13
Bex Ravengard,11,Orc,Druida,13,19,10,12,13,8
Bhaal Goldseeker,2,Elfo,Patrulheiro,14,19,19,9,16,9
Blurg Moonbreeze,4,Humano,Bardo,8,10,11,9,17,8
Barcus Ansur,3,Dragonborn,Guerreiro,18,9,9,14,9,10
Lae'zel Stoutbeard,1,Dragonborn,Druida,10,9,19,14,9,15
Alfira Ansur,5,Elfo,Mago,16,12,9,13,13,15
Karlach Ravengard,7,Dragonborn,Ladino,13,17,9,8,10,11
Gale Windrunner,2,Halfling,Ladino,13,19,18,19,8,13
Astarion Cliffgate,5,Elfo,Paladino,12,14,8,19,9,19
Sazza Stonefoot,6,Tiefling,Mago,18,15,17,10,14,16
Orin Del'Vyre,11,Tiefling,Paladino,10,17,9,16,11,14
Raphael Firebrand,7,Meio-Elfo,Paladino,18,15,13,17,19,9
Voss Ravengard,1,Humano,Paladino,12,19,10,8,9,18
Roah Sunstrider,7,Anão,Clérigo,8,15,17,9,18,9
Brem Bloodaxe,4,Elfo,Bruxo,10,17,12,15,19,10
Sarevok Stormwind,8,Anão,Bruxo,11,19,8,14,19,15
Volothamp Shadowdancer,4,Dragonborn,Ladino,12,18,15,16,15,17
Orin Cliffgate,6,Elfo,Guerreiro,17,10,11,17,11,16
Bhaal Nightbreeze,9,Humano,Monge,16,18,16,19,11,10
Nere Sunstrider,5,Meio-Elfo,Mago,11,9,11,19,9,16
Jaheira Bloodaxe,12,Orc,Monge,10,11,9,11,8,19
Roah Sunstrider,4,Tiefling,Patrulheiro,17,8,10,11,8,19
Elminster Stoutbeard,8,Gnomo,Guerreiro,8,10,12,14,10,17
Ragzlin Hallowtide,9,Gnomo,Feiticeiro,17,18,19,8,13,19
Jaheira Stoutbeard,4,Tiefling,Paladino,13,16,17,17,14,15
Orin Silverfrond,3,Dragonborn,Druida,14,14,13,19,16,12
Nere Cliffgate,8,Meio-Elfo,Clérigo,17,14,14,16,12,18
Halsin Stormwind,5,Meio-Elfo,Druida,15,8,11,9,16,17
Gale Anchev,2,Orc,Druida,19,14,14,8,15,10
Ragzlin Stoutbeard,10,Dragonborn,Monge,8,17,17,14,8,18
Brem Ironfist,9,Tiefling,Bardo,19,14,10,13,18,14
Gale Ansur,3,Orc,Feiticeiro,11,11,14,19,19,16
Barcus Windrunner,12,Halfling,Clérigo,18,14,11,10,10,19
Orin Cliffgate,2,Anão,Patrulheiro,12,15,15,8,15,13
Roah Shadowdancer,1,Gnomo,Clérigo,9,10,16,19,16,10
Aradin Goldseeker,8,Githyanki,Paladino,8,17,14,12,11,12
Gortash Moonbreeze,11,Gnomo,Paladino,15,9,15,17,19,14
Halsin Ironfist,3,Dragonborn,Paladino,13,14,15,11,13,15
Elminster Swiftfoot,7,Humano,Guerreiro,12,12,9,12,11,19
Barcus Del'Vyre,1,Gnomo,Feiticeiro,16,12,16,8,16,11
Omeluum Silverfrond,1,Elfo,Bardo,18,12,13,8,9,9
Minsc Del'Vyre,12,Meio-Elfo,Feiticeiro,18,14,18,12,13,17
Sazza Firebrand,9,Gnomo,Guerreiro,9,16,11,13,18,9
Danis Shadowdancer,12,Elfo,Paladino,17,18,12,12,10,19
Shadowheart Silverfrond,8,Anão,Patrulheiro,19,15,17,9,17,10
Brem Spellweaver,12,Gnomo,Paladino,15,13,12,16,11,15
Jaheira Del'Vyre,3,Halfling,Guerreiro,18,14,14,12,9,8
Viconia Goldseeker,6,Gnomo,Clérigo,17,16,16,18,18,14
Ketheric Ironfist,11,Gnomo,Druida,16,18,14,18,15,13
Elminster Stonefoot,3,Dragonborn,Clérigo,8,13,16,12,17,9
Jaheira Darkweaver,12,Githyanki,Paladino,14,8,11,17,15,16
Bex Windrunner,4,Halfling,Ladino,15,11,17,16,8,19
Volothamp Ironfist,1,Gnomo,Clérigo,10,15,17,10,17,12
Aradin Shadowdancer,5,Gnomo,Bruxo,11,14,11,12,13,9
Volothamp Stonefoot,1,Gnomo,Druida,10,10,13,19,8,10
Zevlor Del'Vyre,1,Elfo,Bruxo,14,17,15,12,13,14
Sazza Windrunner,10,Anão,Druida,16,10,16,9,14,14
Dammon Cliffgate,11,Humano,Bardo,10,18,8,18,9,17
Viconia Bloodaxe,11,Humano,Bruxo,13,10,8,11,16,8
Roah Sunstrider,7,Humano,Clérigo,15,19,15,18,15,17
Mizora Stormwind,12,Tiefling,Druida,13,8,18,18,16,18
Sazza Spellweaver,6,Humano,Bardo,9,17,14,9,17,18
Jaheira Dekarios,2,Gnomo,Monge,14,8,16,12,11,19
Viconia Starseeker,11,Elfo,Ladino,9,13,18,17,11,11
Danis Firebrand,12,Gnomo,Feiticeiro,9,8,10,19,19,13
Brem Ironfist,2,Gnomo,Mago,9,12,17,9,15,15
Elminster Del'Vyre,11,Meio-Elfo,Bardo,18,11,19,17,8,10
Sarevok Del'Vyre,7,Dragonborn,Clérigo,8,12,12,16,15,10
Dammon Shadowdancer,1,Anão,Clérigo,18,14,10,17,14,15
Orin Ravengard,2,Tiefling,Ladino,8,13,12,13,19,15
Bhaal Stonefoot,12,Anão,Ladino,14,19,17,15,14,15
Danis Swiftfoot,8,Humano,Bardo,19,16,8,16,16,8
Dror Darkweaver,6,Gnomo,Paladino,12,13,18,15,17,15
Barcus Nightbreeze,2,Halfling,Ladino,18,16,11,12,14,15
Mizora Dekarios,7,Githyanki,Feiticeiro,10,11,13,12,9,9
Minthara Darkweaver,4,Githyanki,Paladino,8,8,9,13,8,19
Rath Ironfist,2,Dragonborn,Monge,18,8,14,8,8,16
Dammon Anchev,12,Tiefling,Clérigo,17,17,15,18,14,14
Mizora Swiftfoot,6,Elfo,Bardo,13,14,8,15,12,15
Shadowheart Ironfist,11,Dragonborn,Ladino,18,10,11,9,11,9
Mizora Nightbreeze,9,Meio-Elfo,Monge,8,9,18,13,12,11
Mizora Goldseeker,11,Gnomo,Bardo,16,13,11,16,17,14
Ketheric Shadowdancer,9,Orc,Druida,9,13,12,10,17,13
Aradin Darkweaver,8,Tiefling,Mago,8,14,19,9,13,14
Mizora Starseeker,3,Gnomo,Druida,19,12,19,17,19,8
Ketheric Sunstrider,3,Halfling,Guerreiro,14,15,11,12,17,15
Abdirak Ironfist,2,Anão,Paladino,13,14,16,18,13,14
Danis Bloodaxe,5,Elfo,Feiticeiro,13,9,14,16,8,11
Kagha Anchev,12,Githyanki,Guerreiro,12,8,9,13,9,8
Shadowheart Starseeker,4,Tiefling,Patrulheiro,18,16,8,15,10,15
Sazza Ravengard,7,Tiefling,Monge,11,12,16,15,11,17
Kagha Ravengard,4,Anão,Paladino,18,19,8,14,13,14
Abdirak Darkweaver,9,Halfling,Monge,11,18,13,12,19,15
Orin Stonefoot,12,Gnomo,Druida,10,12,9,9,19,17
Raphael Moonbreeze,12,Elfo,Bruxo,17,19,11,17,18,8
Rath Stormwind,2,Anão,Paladino,15,17,13,17,16,12
Viconia Dekarios,11,Anão,Clérigo,14,11,12,12,19,16
Gale Windrunner,6,Anão,Monge,16,9,18,19,9,12
Lae'zel Spellweaver,7,Tiefling,Clérigo,8,12,13,14,15,17
Minsc Swiftfoot,4,Tiefling,Bruxo,14,9,10,19,16,19
Lae'zel Goldseeker,6,Tiefling,Ladino,17,19,12,19,9,10
Minsc Cliffgate,7,Tiefling,Monge,11,14,9,14,16,16
Kagha Nightbreeze,4,Elfo,Guerreiro,14,18,14,18,14,16
Zevlor Bloodaxe,8,Halfling,Monge,19,16,10,9,16,11
Dammon Ironfist,9,Orc,Ladino,8,16,8,14,13,11
Sarevok Ironfist,1,Elfo,Druida,12,18,15,13,9,18
Jaheira Stormwind,7,Halfling,Bardo,10,13,15,14,15,15
Jaheira Starseeker,9,Gnomo,Feiticeiro,12,8,10,18,17,14
Dror Windrunner,12,Meio-Elfo,Guerreiro,11,13,14,15,16,18
Barcus Stormwind,10,Gnomo,Guerreiro,9,12,16,11,19,12
Halsin Sunstrider,5,Halfling,Bruxo,18,11,15,8,15,13
Viconia Starseeker,12,Anão,Druida,11,19,10,15,9,10
Barcus Ironfist,2,Orc,Guerreiro,10,13,9,15,15,13
Bhaal Stonefoot,10,Githyanki,Mago,8,13,17,10,10,15
Wyll Moonbreeze,6,Dragonborn,Clérigo,19,13,14,10,10,17
Lae'zel Ravengard,12,Tiefling,Paladino,17,9,14,12,16,18
Danis Starseeker,12,Humano,Mago,15,14,16,10,16,16
Abdirak Brightwood,7,Githyanki,Bardo,12,11,12,12,16,10
Gale Nightbreeze,2,Githyanki,Monge,11,19,11,15,11,15
Gortash Brightwood,2,Gnomo,Druida,17,16,15,8,19,19
Viconia Windrunner,10,Tiefling,Patrulheiro,19,17,11,9,14,10
Volothamp Swiftfoot,12,Meio-Elfo,Patrulheiro,12,9,11,9,15,9
Sarevok Windrunner,10,Halfling,Feiticeiro,11,12,19,19,12,12
Cora Darkweaver,1,Tiefling,Mago,10,11,19,11,8,11
Sarevok Ansur,4,Humano,Guerreiro,12,16,9,16,16,12
Ketheric Hallowtide,7,Humano,Monge,11,11,8,9,13,13
Roah Dekarios,9,Halfling,Druida,8,15,11,19,10,10
Alfira Ansur,3,Githyanki,Ladino,19,15,14,18,10,8
Omeluum Firebrand,12,Tiefling,Monge,10,13,19,19,17,11
Jaheira Stoutbeard,11,Humano,Feiticeiro,17,13,16,16,8,13
Ragzlin Moonbreeze,7,Halfling,Feiticeiro,17,18,16,14,15,9
Dammon Windrunner,7,Dragonborn,Paladino,15,15,19,17,9,9
Volothamp Windrunner,7,Dragonborn,Bruxo,14,19,17,15,19,8
Lae'zel Stormwind,2,Elfo,Druida,9,19,8,8,8,16
Volothamp Firebrand,6,Tiefling,Monge,8,17,12,12,14,10
Alfira Spellweaver,2,Orc,Druida,10,16,14,16,18,9
Danis Bloodaxe,6,Halfling,Ladino,12,12,14,19,16,11
Blurg Bloodaxe,10,Githyanki,Guerreiro,17,18,17,11,13,13
Dammon Stormwind,3,Meio-Elfo,Bardo,18,8,13,9,15,8
Gale Goldseeker,2,Humano,Bruxo,19,8,18,13,15,16
Dror Stormwind,12,Anão,Bruxo,8,9,17,9,16,16
Minthara Shadowdancer,6,Tiefling,Guerreiro,10,17,11,10,14,15
Voss Ansur,2,Humano,Paladino,10,17,10,15,16,13
Ragzlin Starseeker,5,Elfo,Patrulheiro,12,12,19,10,16,11
Orin Ironfist,2,Halfling,Bardo,10,11,16,9,19,9
Mizora Firebrand,3,Githyanki,Mago,16,8,19,13,18,15
Halsin Moonbreeze,3,Humano,Mago,8,11,17,10,8,14
Sarevok Stoutbeard,6,Anão,Feiticeiro,11,11,11,8,13,19
Aradin Windrunner,6,Meio-Elfo,Bardo,17,17,15,19,19,11
Bex Goldseeker,10,Halfling,Paladino,17,11,8,10,15,10
Zevlor Cliffgate,3,Halfling,Paladino,11,8,14,13,17,13
Brem Del'Vyre,3,Orc,Ladino,8,16,19,10,16,8
Barcus Sunstrider,12,Elfo,Feiticeiro,9,10,13,16,11,9
Blurg Silverfrond,1,Halfling,Clérigo,18,11,19,14,9,14
Wyll Silverfrond,7,Githyanki,Monge,8,12,8,12,18,18
Dror Anchev,8,Halfling,Paladino,13,14,11,9,16,10
Barcus Ravengard,2,Orc,Mago,10,13,19,16,16,8
Brem Spellweaver,4,Elfo,Guerreiro,14,12,12,12,19,9
Dammon Cliffgate,10,Tiefling,Feiticeiro,12,15,18,14,15,17
Omeluum Anchev,7,Gnomo,Mago,16,8,15,16,10,17
Raphael Dekarios,8,Tiefling,Clérigo,14,14,11,11,12,16
Omeluum Windrunner,1,Dragonborn,Bardo,11,19,10,16,9,14
Shadowheart Ironfist,4,Orc,Clérigo,12,13,9,8,10,14
Orin Stoutbeard,6,Halfling,Druida,12,18,11,19,8,17
Raphael Moonbreeze,3,Elfo,Monge,18,12,18,13,11,15
Omeluum Stoutbeard,5,Tiefling,Druida,12,14,17,9,12,19
Lae'zel Ironfist,10,Tiefling,Ladino,17,10,11,15,19,19
Kagha Windrunner,9,Dragonborn,Paladino,16,8,17,12,9,15
Sarevok Goldseeker,11,Tiefling,Ladino,17,16,12,10,10,16
Gale Stoutbeard,3,Orc,Clérigo,10,9,14,9,19,9
Volothamp Stoutbeard,5,Tiefling,Druida,13,17,16,15,13,15
Rath Spellweaver,8,Githyanki,Guerreiro,15,10,9,14,13,15
Bex Goldseeker,6,Dragonborn,Monge,18,15,12,16,14,12
Orin Goldseeker,4,Elfo,Feiticeiro,16,19,18,15,19,12
Mizora Starseeker,8,Elfo,Guerreiro,14,17,17,18,16,11
Voss Shadowdancer,11,Tiefling,Feiticeiro,19,16,16,11,11,12
Abdirak Bloodaxe,3,Orc,Guerreiro,10,10,19,9,12,9
Jaheira Ironfist,3,Orc,Guerreiro,8,13,10,9,18,9
Omeluum Hallowtide,4,Meio-Elfo,Bardo,11,14,8,9,9,12
Aradin Shadowdancer,9,Humano,Paladino,13,8,9,18,13,18
Cora Silverfrond,5,Githyanki,Paladino,10,14,13,19,11,10
Gortash Firebrand,8,Meio-Elfo,Druida,8,11,12,13,12,8
Gortash Sunstrider,6,Humano,Guerreiro,13,12,8,14,14,16
Shadowheart Shadowdancer,3,Gnomo,Bruxo,8,15,8,19,13,9
Blurg Stonefoot,8,Anão,Monge,16,11,18,13,15,19
Karlach Starseeker,12,Humano,Bruxo,18,11,11,9,13,17
Sazza Sunstrider,9,Anão,Ladino,19,15,19,11,17,9
Gortash Brightwood,8,Dragonborn,Druida,8,12,11,10,15,11
Kagha Del'Vyre,4,Tiefling,Monge,13,13,13,18,11,9
Roah Darkweaver,11,Humano,Clérigo,8,19,13,11,19,14
Barcus Goldseeker,6,Orc,Druida,19,18,17,12,14,19
Shadowheart Ravengard,1,Githyanki,Ladino,14,12,13,14,10,17
Kagha Swiftfoot,4,Gnomo,Ladino,10,8,8,16,8,8
Lae'zel Spellweaver,8,Elfo,Ladino,13,14,17,18,16,18
Elminster Firebrand,1,Meio-Elfo,Bruxo,14,13,16,9,16,9
Roah Starseeker,3,Tiefling,Feiticeiro,8,9,18,15,13,18
Dror Nightbreeze,1,Meio-Elfo,Feiticeiro,8,18,14,10,9,12
Shadowheart Stoutbeard,9,Meio-Elfo,Paladino,12,14,14,16,15,9
Voss Firebrand,2,Halfling,Monge,13,13,18,17,17,16
Blurg Stonefoot,9,Meio-Elfo,Feiticeiro,16,12,14,19,13,11
Karlach Bloodaxe,4,Meio-Elfo,Clérigo,8,15,9,11,14,16
Astarion Goldseeker,2,Halfling,Patrulheiro,11,12,9,10,8,18
Rath Hallowtide,4,Halfling,Patrulheiro,17,18,13,17,10,19
Sarevok Stonefoot,12,Githyanki,Guerreiro,15,9,14,13,8,8
Omeluum Starseeker,11,Humano,Bardo,17,13,10,17,17,8
Cora Moonbreeze,11,Humano,Druida,16,19,11,16,8,8
Zevlor Spellweaver,10,Githyanki,Bardo,10,8,19,14,19,11
Viconia Spellweaver,6,Halfling,Patrulheiro,18,12,10,11,19,16
Minthara Swiftfoot,11,Anão,Patrulheiro,9,13,14,10,18,15
Gale Darkweaver,7,Elfo,Mago,11,14,14,17,8,14
Gortash Bloodaxe,3,Githyanki,Clérigo,9,9,11,11,11,8
Bhaal Ironfist,3,Gnomo,Mago,8,8,14,10,14,10
Minthara Anchev,12,Githyanki,Guerreiro,19,13,12,19,14,16
Ragzlin Stormwind,10,Halfling,Mago,10,10,8,10,19,16
Minthara Hallowtide,12,Anão,Druida,14,12,17,19,12,12
Sarevok Moonbreeze,8,Tiefling,Bruxo,8,19,11,16,19,19
Aradin Anchev,5,Halfling,Guerreiro,9,18,14,11,13,13
Astarion Goldseeker,4,Dragonborn,Bruxo,8,9,9,16,9,18
Karlach Stormwind,7,Dragonborn,Guerreiro,15,8,9,19,12,13
Barcus Cliffgate,7,Elfo,Mago,12,8,8,17,14,17
Jaheira Sunstrider,9,Halfling,Patrulheiro,15,18,9,12,16,11
Sarevok Swiftfoot,9,Orc,Bruxo,10,11,17,14,13,8
Astarion Goldseeker,5,Dragonborn,Monge,19,17,15,12,19,12
Barcus Firebrand,12,Meio-Elfo,Guerreiro,14,9,18,8,17,8
Dror Ravengard,8,Tiefling,Bardo,15,8,15,9,11,8
Blurg Goldseeker,10,Meio-Elfo,Paladino,13,13,15,18,10,18
Blurg Del'Vyre,1,Gnomo,Monge,14,11,8,12,16,12
Sarevok Ravengard,9,Elfo,Feiticeiro,19,17,8,13,14,12
Blurg Nightbreeze,8,Gnomo,Monge,9,19,19,14,18,14
Dror Stoutbeard,6,Gnomo,Ladino,15,14,17,9,13,9
Orin Stoutbeard,3,Dragonborn,Ladino,12,18,11,17,14,13
Lae'zel Stoutbeard,3,Halfling,Ladino,14,13,13,16,15,9
Barcus Moonbreeze,8,Humano,Clérigo,8,12,15,13,12,17
Gortash Sunstrider,5,Dragonborn,Patrulheiro,12,17,9,9,10,12
Shadowheart Starseeker,10,Githyanki,Bardo,8,19,10,9,10,11
Minsc Stoutbeard,11,Humano,Paladino,19,19,13,10,9,18
Blurg Ironfist,7,Halfling,Druida,15,19,17,8,15,17
Barcus Bloodaxe,5,Gnomo,Bruxo,11,19,11,16,8,12
Abdirak Stoutbeard,8,Anão,Monge,11,9,19,17,19,9
Ragzlin Sunstrider,10,Elfo,Clérigo,9,12,9,18,15,15
Astarion Swiftfoot,10,Halfling,Bruxo,12,16,14,11,10,15
Voss Hallowtide,4,Anão,Clérigo,8,16,11,12,16,13
Lae'zel Spellweaver,2,Tiefling,Mago,16,9,15,14,19,10
Blurg Dekarios,3,Gnomo,Clérigo,12,14,15,8,19,11
Karlach Silverfrond,8,Meio-Elfo,Mago,13,17,14,10,18,8
Mizora Dekarios,11,Githyanki,Mago,9,11,17,10,9,16
Gortash Ravengard,7,Anão,Druida,17,10,16,9,17,17
Sarevok Windrunner,2,Halfling,Feiticeiro,17,18,11,15,16,12
Barcus Dekarios,6,Meio-Elfo,Paladino,8,8,14,12,13,15
Brem Stormwind,9,Dragonborn,Druida,11,10,17,8,8,10
Raphael Cliffgate,4,Tiefling,Clérigo,14,18,17,19,12,11
Roah Sunstrider,9,Tiefling,Patrulheiro,13,16,19,9,17,11
Ragzlin Sunstrider,2,Dragonborn,Mago,17,16,8,8,16,15
Kagha Starseeker,2,Tiefling,Feiticeiro,8,14,11,13,13,19
Zevlor Windrunner,9,Meio-Elfo,Feiticeiro,8,10,9,16,14,16
Cora Anchev,12,Meio-Elfo,Paladino,15,10,16,18,11,10
Sazza Starseeker,7,Elfo,Clérigo,11,11,12,14,8,14
Barcus Ironfist,7,Humano,Monge,12,14,10,12,12,16
Cora Bloodaxe,1,Halfling,Paladino,14,14,11,19,9,9
Bhaal Ravengard,11,Anão,Monge,15,19,13,10,15,11
Jaheira Cliffgate,6,Elfo,Mago,17,19,17,19,11,10
Bex Swiftfoot,7,Humano,Bruxo,14,9,8,19,8,15
Astarion Stoutbeard,11,Meio-Elfo,Bardo,9,19,14,15,17,11
Jaheira Bloodaxe,6,Gnomo,Mago,11,12,15,17,14,16
Ragzlin Sunstrider,6,Elfo,Ladino,17,14,14,11,19,8
Dammon Del'Vyre,2,Orc,Ladino,19,14,14,16,18,8
Sazza Moonbreeze,6,Tiefling,Patrulheiro,8,13,16,12,9,11
Karlach Shadowdancer,4,Tiefling,Paladino,17,17,11,13,10,10
Danis Starseeker,9,Meio-Elfo,Bardo,16,17,14,12,16,10
Raphael Spellweaver,12,Humano,Monge,10,19,16,17,16,17
Astarion Ansur,1,Githyanki,Guerreiro,19,15,12,19,9,19
Abdirak Starseeker,8,Halfling,Ladino,10,10,9,18,10,9
Minthara Swiftfoot,5,Elfo,Bardo,17,8,12,14,18,17
Aradin Nightbreeze,1,Dragonborn,Patrulheiro,16,10,11,14,19,17
Volothamp Starseeker,4,Orc,Clérigo,17,18,15,8,16,9
Elminster Swiftfoot,1,Orc,Bardo,10,9,12,9,8,15
Abdirak Stonefoot,6,Anão,Clérigo,15,9,16,14,9,8
Jaheira Sunstrider,2,Orc,Paladino,9,9,16,15,18,15
Rath Anchev,5,Tiefling,Druida,10,12,10,11,9,17
Sarevok Brightwood,7,Halfling,Clérigo,9,8,17,13,17,10
Nere Windrunner,2,Meio-Elfo,Paladino,8,17,13,18,10,9
Jaheira Silverfrond,6,Orc,Mago,9,11,13,19,17,16
Roah Nightbreeze,6,Dragonborn,Paladino,15,17,11,17,10,12
Wyll Shadowdancer,5,Elfo,Monge,16,12,18,10,17,12
Mizora Stormwind,5,Humano,Bardo,9,9,17,14,9,13
Astarion Darkweaver,3,Halfling,Bruxo,14,12,10,18,15,11
Alfira Moonbreeze,10,Anão,Druida,12,17,8,10,15,14
Zevlor Stoutbeard,10,Orc,Feiticeiro,10,11,19,18,15,14
Bhaal Spellweaver,11,Tiefling,Clérigo,16,15,14,14,9,18
Gortash Firebrand,12,Githyanki,Druida,13,8,12,19,16,16
Karlach Swiftfoot,2,Gnomo,Bardo,18,19,17,18,18,13
Abdirak Firebrand,7,Humano,Bardo,8,12,14,19,14,8
Dror Firebrand,1,Dragonborn,Clérigo,12,18,8,18,19,16
Shadowheart Starseeker,6,Elfo,Patrulheiro,14,19,15,15,12,19
Lae'zel Hallowtide,6,Anão,Bruxo,11,17,10,10,14,17
Minsc Silverfrond,3,Meio-Elfo,Clérigo,15,8,14,9,15,16
Mizora Spellweaver,2,Gnomo,Guerreiro,17,17,19,19,16,12
Roah Brightwood,12,Elfo,Druida,12,17,10,13,9,14
Ketheric Stoutbeard,2,Halfling,Guerreiro,16,11,10,11,13,8
Minsc Goldseeker,9,Githyanki,Feiticeiro,16,15,17,15,16,11
Ketheric Stonefoot,11,Meio-Elfo,Druida,16,8,16,9,13,19
Zevlor Stormwind,5,Elfo,Mago,8,18,9,11,9,17
Viconia Silverfrond,7,Elfo,Druida,9,9,11,9,8,11
Wyll Shadowdancer,12,Githyanki,Bardo,10,8,13,9,19,12
Raphael Brightwood,5,Gnomo,Paladino,11,18,10,9,10,13
Sazza Moonbreeze,7,Elfo,Guerreiro,17,14,19,8,18,11
Wyll Moonbreeze,4,Meio-Elfo,Guerreiro,16,9,17,11,12,13
Sazza Cliffgate,8,Humano,Ladino,17,8,17,9,14,17
Alfira Darkweaver,11,Elfo,Druida,13,19,14,16,17,14
Lae'zel Hallowtide,10,Elfo,Bruxo,8,13,14,16,17,10
Raphael Nightbreeze,11,Elfo,Monge,19,13,12,18,10,16
Volothamp Del'Vyre,10,Tiefling,Guerreiro,16,17,10,18,16,15
Ketheric Shadowdancer,7,Meio-Elfo,Feiticeiro,13,9,9,14,17,8
Cora Stormwind,10,Anão,Druida,11,8,11,13,19,9
Alfira Shadowdancer,5,Elfo,Bardo,11,17,11,19,11,9
Viconia Starseeker,11,Halfling,Monge,10,10,18,10,17,17
Astarion Hallowtide,6,Githyanki,Patrulheiro,14,17,15,19,9,16
Brem Dekarios,5,Githyanki,Paladino,10,12,15,14,10,19
Halsin Nightbreeze,7,Tiefling,Druida,9,13,12,8,12,16
Roah Stoutbeard,12,Dragonborn,Mago,17,10,13,16,10,16
Bex Silverfrond,2,Halfling,Monge,15,16,15,11,12,8
Orin Silverfrond,5,Halfling,Patrulheiro,11,18,8,13,11,14
Astarion Spellweaver,10,Meio-Elfo,Feiticeiro,15,12,12,13,18,19
Sarevok Spellweaver,3,Gnomo,Druida,8,9,11,18,17,18
Halsin Ravengard,9,Humano,Druida,12,17,11,10,10,10
Orin Cliffgate,6,Meio-Elfo,Monge,16,13,18,11,19,18
Bex Darkweaver,10,Elfo,Monge,8,19,9,18,13,16
Alfira Silverfrond,3,Tiefling,Monge,18,15,17,17,15,15
Ragzlin Nightbreeze,7,Githyanki,Clérigo,11,18,8,10,19,10
Roah Bloodaxe,4,Anão,Paladino,13,13,13,13,11,8
Mizora Windrunner,3,Tiefling,Guerreiro,17,11,14,8,16,16
Dammon Dekarios,8,Dragonborn,Monge,15,13,12,15,13,17
Voss Hallowtide,4,Orc,Monge,10,15,15,15,12,8
Sazza Stoutbeard,11,Elfo,Clérigo,12,15,16,16,10,10
Abdirak Nightbreeze,1,Tiefling,Bardo,14,17,18,13,12,13
Viconia Silverfrond,6,Meio-Elfo,Patrulheiro,8,9,18,8,12,13
Voss Cliffgate,10,Dragonborn,Bruxo,14,15,9,10,19,18
Jaheira Cliffgate,11,Gnomo,Druida,19,13,18,8,19,17
Gortash Sunstrider,11,Meio-Elfo,Druida,18,9,11,12,11,11
Minthara Stonefoot,1,Dragonborn,Monge,15,8,18,10,19,9
Shadowheart Del'Vyre,5,Meio-Elfo,Clérigo,15,13,16,9,13,17
Minsc Del'Vyre,7,Githyanki,Paladino,16,14,12,10,10,13
Gale Silverfrond,6,Meio-Elfo,Bruxo,13,17,10,16,17,17
Bex Windrunner,2,Humano,Bardo,19,12,13,18,8,12
Abdirak Anchev,11,Elfo,Ladino,13,17,10,15,14,13
Jaheira Shadowdancer,4,Anão,Bardo,9,15,12,10,14,14
Shadowheart Windrunner,11,Elfo,Ladino,10,18,10,18,19,18
Lae'zel Cliffgate,2,Anão,Clérigo,11,19,13,9,11,16
Dror Stoutbeard,11,Anão,Paladino,11,16,19,12,16,19
Ragzlin Starseeker,1,Anão,Bruxo,15,11,17,19,19,19
Abdirak Stoutbeard,3,Humano,Ladino,8,14,12,19,9,14
Roah Nightbreeze,3,Githyanki,Monge,17,15,16,19,8,11
Sarevok Cliffgate,12,Orc,Guerreiro,11,13,10,8,10,17
Karlach Bloodaxe,7,Tiefling,Guerreiro,18,9,13,11,14,12
Raphael Del'Vyre,1,Elfo,Monge,19,14,15,15,16,13
Blurg Swiftfoot,9,Meio-Elfo,Paladino,18,16,14,8,9,16
Orin Del'Vyre,11,Dragonborn,Mago,18,12,13,12,13,12
Omeluum Moonbreeze,6,Tiefling,Feiticeiro,11,9,9,19,10,12
Orin Spellweaver,4,Anão,Druida,8,11,14,11,12,14
Cora Ravengard,3,Anão,Bardo,10,10,15,13,19,9
Lae'zel Goldseeker,3,Githyanki,Ladino,12,11,8,14,16,10
Bex Nightbreeze,2,Halfling,Guerreiro,13,17,16,16,10,19
Cora Brightwood,2,Halfling,Monge,16,14,11,8,8,9
Bhaal Stonefoot,12,Tiefling,Bruxo,16,17,15,18,12,17
Orin Goldseeker,10,Humano,Feiticeiro,16,15,17,17,8,17
Roah Hallowtide,5,Meio-Elfo,Bruxo,18,8,14,11,15,19
Omeluum Windrunner,9,Elfo,Ladino,8,15,17,13,14,9
Viconia Dekarios,2,Orc,Mago,19,12,14,17,18,10
Orin Silverfrond,2,Gnomo,Patrulheiro,16,19,9,14,9,13
Wyll Silverfrond,12,Gnomo,Patrulheiro,15,14,8,14,18,12
Bex Swiftfoot,6,Orc,Clérigo,9,18,11,15,16,18
Ketheric Stormwind,10,Humano,Paladino,18,18,19,17,12,12
Danis Spellweaver,2,Gnomo,Paladino,8,8,9,15,14,9
Alfira Goldseeker,12,Orc,Bardo,8,9,15,15,11,9
Raphael Goldseeker,4,Elfo,Bardo,19,8,17,15,19,19
Gortash Silverfrond,6,Anão,Patrulheiro,13,12,14,19,8,8
Wyll Spellweaver,5,Gnomo,Ladino,16,13,15,15,15,10
Nere Windrunner,1,Meio-Elfo,Guerreiro,14,17,18,13,8,19
Ragzlin Dekarios,6,Meio-Elfo,Guerreiro,12,16,13,16,10,19
Dror Ansur,1,Meio-Elfo,Monge,18,15,8,10,13,18
Voss Ansur,3,Anão,Ladino,9,14,19,13,15,14
Jaheira Firebrand,10,Githyanki,Guerreiro,8,19,16,12,15,18
Bhaal Silverfrond,5,Anão,Mago,9,12,13,15,9,12
Omeluum Spellweaver,10,Anão,Druida,8,10,19,11,16,14
Aradin Sunstrider,5,Anão,Paladino,10,16,17,11,11,16
Volothamp Stoutbeard,10,Tiefling,Mago,13,12,8,17,11,13
Shadowheart Stormwind,6,Halfling,Guerreiro,15,10,8,18,9,9
Ketheric Silverfrond,12,Elfo,Druida,10,10,15,17,8,8
Wyll Starseeker,10,Tiefling,Monge,17,10,13,12,17,8
Abdirak Bloodaxe,8,Meio-Elfo,Bardo,16,13,15,18,14,17
Roah Stoutbeard,5,Humano,Ladino,17,8,15,13,18,16
Aradin Stoutbeard,11,Githyanki,Ladino,12,18,18,18,17,13
Viconia Firebrand,1,Halfling,Feiticeiro,14,11,15,11,10,13
Halsin Silverfrond,5,Orc,Guerreiro,15,15,17,9,11,11
Zevlor Hallowtide,3,Humano,Clérigo,10,10,14,19,18,19
Minthara Ravengard,4,Humano,Guerreiro,9,12,14,19,16,9
Kagha Spellweaver,8,Humano,Bardo,9,9,17,9,13,17
Ketheric Nightbreeze,7,Githyanki,Bardo,12,9,11,19,8,10
Zevlor Shadowdancer,11,Dragonborn,Monge,8,18,16,10,16,10
Halsin Starseeker,5,Gnomo,Patrulheiro,9,14,19,9,16,15
Omeluum Anchev,2,Orc,Bardo,16,17,9,8,12,13
Barcus Windrunner,6,Gnomo,Bardo,14,10,18,15,15,14
Wyll Stormwind,11,Gnomo,Paladino,13,12,16,19,14,16
Halsin Spellweaver,6,Anão,Mago,16,10,17,12,18,8
Astarion Hallowtide,10,Halfling,Paladino,14,13,10,17,15,9
Ketheric Silverfrond,10,Orc,Guerreiro,18,17,9,8,16,16
Danis Stormwind,11,Meio-Elfo,Bardo,12,10,11,16,9,12
Bex Bloodaxe,6,Meio-Elfo,Bruxo,16,15,12,15,17,11
Danis Stormwind,9,Orc,Feiticeiro,13,9,9,11,12,8
Dror Silverfrond,11,Tiefling,Druida,13,10,8,15,15,16
Minsc Ironfist,8,Halfling,Guerreiro,18,15,17,19,10,18
Abdirak Stonefoot,8,Dragonborn,Monge,11,15,18,17,18,16
Minsc Stonefoot,1,Halfling,Monge,19,8,12,14,18,11
Orin Shadowdancer,5,Anão,Guerreiro,8,15,16,18,13,16
Minthara Starseeker,7,Meio-Elfo,Ladino,12,17,19,18,13,17
Brem Spellweaver,6,Elfo,Patrulheiro,18,9,19,14,14,8
Jaheira Stoutbeard,5,Meio-Elfo,Mago,16,19,12,8,18,12
Brem Darkweaver,8,Tiefling,Feiticeiro,15,14,19,13,10,8
Bhaal Goldseeker,3,Dragonborn,Patrulheiro,15,13,18,11,15,11
Abdirak Firebrand,6,Halfling,Druida,12,9,17,17,15,19
Nere Brightwood,5,Humano,Monge,19,12,16,17,16,12
Blurg Goldseeker,8,Meio-Elfo,Monge,16,14,19,17,15,18
Wyll Swiftfoot,4,Anão,Guerreiro,10,15,17,18,10,10
Brem Moonbreeze,8,Orc,Monge,10,10,13,19,13,9
Alfira Stonefoot,10,Anão,Ladino,8,8,10,9,16,13
Omeluum Starseeker,2,Humano,Patrulheiro,16,14,11,17,8,18
Kagha Goldseeker,9,Orc,Monge,13,12,11,14,10,10
Minthara Ansur,9,Githyanki,Clérigo,9,12,8,16,9,17
Roah Nightbreeze,10,Orc,Bruxo,15,14,10,12,19,8
Volothamp Goldseeker,10,Anão,Clérigo,19,8,10,15,15,18
Alfira Brightwood,6,Elfo,Guerreiro,16,15,8,12,13,12
Omeluum Windrunner,4,Githyanki,Druida,16,19,16,14,17,9
Minthara Firebrand,4,Anão,Bruxo,9,17,18,14,18,9
Mizora Ansur,6,Anão,Bardo,9,12,8,16,18,11
Karlach Moonbreeze,5,Gnomo,Clérigo,14,15,16,10,15,11
Voss Del'Vyre,6,Dragonborn,Ladino,18,17,8,8,9,11
Raphael Ironfist,7,Halfling,Mago,11,17,9,9,18,14
Mizora Anchev,7,Dragonborn,Druida,8,12,9,19,13,8
Bex Shadowdancer,9,Humano,Druida,15,19,13,13,14,15
Elminster Brightwood,8,Anão,Ladino,9,14,14,17,15,19
Danis Firebrand,6,Humano,Ladino,10,17,18,17,16,17
Blurg Moonbreeze,12,Meio-Elfo,Clérigo,12,10,8,19,12,16
Orin Ansur,6,Tiefling,Bruxo,10,9,10,16,18,17
Voss Silverfrond,5,Humano,Guerreiro,14,13,9,10,10,13
Dror Bloodaxe,1,Halfling,Monge,14,12,15,17,9,11
Halsin Nightbreeze,9,Humano,Feiticeiro,9,16,16,9,15,13
Dammon Nightbreeze,9,Gnomo,Druida,14,17,9,18,8,17
Viconia Stoutbeard,9,Githyanki,Clérigo,18,11,9,8,17,14
Minthara Stoutbeard,11,Meio-Elfo,Clérigo,13,18,17,9,13,13
Minsc Moonbreeze,8,Gnomo,Clérigo,17,10,16,10,9,18
Gortash Ansur,10,Anão,Paladino,16,16,11,14,10,8
Ketheric Ironfist,3,Gnomo,Patrulheiro,16,15,12,9,15,12
Roah Stoutbeard,1,Elfo,Mago,9,13,18,12,8,15
Shadowheart Swiftfoot,11,Anão,Guerreiro,14,8,16,9,13,15
Voss Darkweaver,12,Tiefling,Bardo,12,17,13,14,10,19
Halsin Ironfist,12,Gnomo,Patrulheiro,13,19,17,17,13,17
Bex Hallowtide,8,Githyanki,Clérigo,8,18,19,15,10,16
Volothamp Ironfist,7,Tiefling,Bruxo,14,8,16,15,18,11
Gale Spellweaver,5,Humano,Clérigo,13,19,16,15,18,17
Kagha Ansur,10,Gnomo,Bruxo,11,13,14,17,15,13
Viconia Stonefoot,7,Meio-Elfo,Ladino,8,10,19,16,12,14
Kagha Stonefoot,10,Dragonborn,Feiticeiro,16,10,17,8,11,12
Brem Stoutbeard,4,Humano,Paladino,11,13,16,19,16,18
Alfira Starseeker,9,Orc,Feiticeiro,9,10,12,8,12,15
Wyll Sunstrider,11,Elfo,Druida,15,18,12,17,19,10
Abdirak Cliffgate,10,Meio-Elfo,Guerreiro,9,17,19,9,11,15
Sazza Windrunner,2,Meio-Elfo,Guerreiro,12,13,15,18,15,12
Dammon Stormwind,9,Tiefling,Bardo,18,12,17,13,15,8
Kagha Cliffgate,9,Dragonborn,Monge,13,11,11,8,15,13
Omeluum Ravengard,5,Githyanki,Bardo,18,15,16,12,11,9
Rath Silverfrond,11,Tiefling,Ladino,15,9,14,12,8,14
Blurg Darkweaver,1,Dragonborn,Patrulheiro,18,19,14,11,9,16
Mizora Windrunner,7,Gnomo,Bardo,8,18,10,18,11,10
Omeluum Stoutbeard,10,Elfo,Guerreiro,8,14,11,12,17,17
Gale Brightwood,10,Humano,Paladino,19,11,14,19,9,11
Minsc Spellweaver,4,Meio-Elfo,Feiticeiro,11,9,18,8,18,11
Jaheira Del'Vyre,9,Githyanki,Ladino,12,14,18,18,17,11
Mizora Darkweaver,6,Tiefling,Druida,16,8,12,18,10,10
Lae'zel Ironfist,3,Elfo,Bardo,18,11,19,13,16,12
Kagha Sunstrider,6,Humano,Bruxo,14,16,10,14,16,16
Wyll Spellweaver,10,Elfo,Paladino,14,11,8,15,18,18
Ketheric Stonefoot,6,Meio-Elfo,Feiticeiro,15,19,14,9,16,15
Shadowheart Darkweaver,5,Gnomo,Mago,12,10,13,14,14,17
Karlach Anchev,2,Githyanki,Guerreiro,12,17,17,13,11,9
Nere Stoutbeard,10,Dragonborn,Clérigo,8,17,14,16,8,19
Dammon Darkweaver,10,Orc,Druida,16,9,9,15,10,16
Bex Hallowtide,2,Githyanki,Guerreiro,13,10,19,18,15,19
Jaheira Spellweaver,7,Dragonborn,Ladino,16,8,11,11,11,17
Sazza Cliffgate,2,Tiefling,Bruxo,10,17,9,16,17,9
Jaheira Darkweaver,12,Gnomo,Bardo,12,15,15,8,17,14
Gale Sunstrider,6,Dragonborn,Feiticeiro,9,8,14,18,9,12
Gale Cliffgate,5,Gnomo,Ladino,17,10,8,13,15,14
Danis Anchev,4,Elfo,Paladino,12,10,9,15,14,12
Lae'zel Cliffgate,7,Githyanki,Feiticeiro,15,9,9,18,18,19
Shadowheart Starseeker,8,Githyanki,Feiticeiro,18,12,11,18,17,13
Cora Ravengard,4,Meio-Elfo,Bruxo,9,17,10,11,16,15
Shadowheart Darkweaver,1,Githyanki,Clérigo,15,10,8,9,9,8
Sazza Goldseeker,1,Elfo,Monge,11,10,19,18,12,18
Elminster Dekarios,1,Meio-Elfo,Bardo,17,15,9,9,13,19
Voss Windrunner,11,Gnomo,Druida,17,11,18,17,9,8
Raphael Spellweaver,1,Anão,Guerreiro,8,11,16,8,9,12
Cora Ironfist,5,Dragonborn,Bruxo,12,10,8,12,17,8
Aradin Dekarios,4,Humano,Bardo,8,18,16,13,11,10
Jaheira Silverfrond,9,Gnomo,Druida,14,8,14,11,15,17
Danis Goldseeker,3,Elfo,Patrulheiro,15,15,9,11,18,16
Omeluum Spellweaver,7,Gnomo,Ladino,10,8,9,12,12,14
Karlach Brightwood,11,Humano,Guerreiro,10,14,12,12,16,19
Ketheric Dekarios,8,Elfo,Feiticeiro,14,12,12,16,11,13
Ragzlin Starseeker,6,Githyanki,Mago,11,11,11,15,10,15
Zevlor Bloodaxe,12,Gnomo,Patrulheiro,10,11,19,16,17,15
Bhaal Darkweaver,10,Dragonborn,Druida,15,15,17,10,15,13
Aradin Del'Vyre,1,Tiefling,Patrulheiro,10,18,17,10,8,11
Bhaal Bloodaxe,8,Githyanki,Bardo,14,18,19,8,16,11
Sarevok Stoutbeard,10,Githyanki,Bruxo,9,13,10,17,11,11
Elminster Sunstrider,3,Anão,Mago,18,19,11,13,18,13
Bhaal Ansur,8,Tiefling,Feiticeiro,18,8,17,11,16,8
Sarevok Swiftfoot,12,Halfling,Monge,8,17,11,18,15,19
Jaheira Stormwind,4,Tiefling,Bruxo,19,15,9,15,10,9
Barcus Shadowdancer,8,Anão,Monge,13,9,12,9,10,13
Gale Stoutbeard,11,Orc,Feiticeiro,15,13,12,18,16,18
Bhaal Ansur,1,Humano,Druida,8,16,12,9,10,8
Aradin Moonbreeze,3,Anão,Clérigo,17,8,18,14,11,16
Cora Stoutbeard,6,Orc,Bruxo,19,13,18,12,16,19
Dror Sunstrider,9,Meio-Elfo,Druida,16,15,17,8,19,13
Rath Shadowdancer,2,Githyanki,Bardo,10,17,8,14,11,14
Karlach Stormwind,11,Halfling,Monge,10,9,13,14,18,19
Barcus Dekarios,1,Anão,Druida,11,12,18,17,10,8
Rath Cliffgate,10,Dragonborn,Guerreiro,18,13,9,13,14,15
Astarion Moonbreeze,3,Halfling,Monge,8,12,14,11,13,19
Aradin Brightwood,4,Meio-Elfo,Bardo,16,10,11,19,8,19
Bex Firebrand,11,Elfo,Guerreiro,18,11,12,15,17,19
Barcus Shadowdancer,5,Dragonborn,Druida,10,14,12,19,15,19
Lae'zel Sunstrider,3,Elfo,Patrulheiro,17,11,12,18,8,19
Danis Moonbreeze,10,Dragonborn,Paladino,11,16,9,9,11,12
Volothamp Sunstrider,11,Halfling,Bruxo,8,18,12,9,13,12
Jaheira Starseeker,2,Dragonborn,Mago,11,19,10,9,13,13
Kagha Bloodaxe,2,Halfling,Bardo,8,17,11,10,14,14
Dammon Silverfrond,7,Humano,Clérigo,12,9,9,13,18,14
Mizora Nightbreeze,9,Elfo,Mago,12,12,11,8,19,12
Bhaal Anchev,10,Gnomo,Druida,18,15,16,18,12,8
Sarevok Del'Vyre,2,Meio-Elfo,Guerreiro,14,12,15,9,12,18
Sazza Sunstrider,7,Dragonborn,Monge,15,17,18,17,11,16
Raphael Windrunner,7,Halfling,Mago,11,19,19,9,13,13
Gortash Swiftfoot,11,Meio-Elfo,Feiticeiro,14,15,10,19,14,16
Omeluum Brightwood,7,Orc,Guerreiro,11,15,8,8,17,18
Mizora Goldseeker,3,Tiefling,Paladino,10,16,8,10,17,11
Cora Stoutbeard,12,Dragonborn,Monge,13,17,13,17,8,9
Shadowheart Swiftfoot,7,Anão,Bruxo,11,13,10,14,16,10
Bex Darkweaver,1,Githyanki,Patrulheiro,10,19,11,8,15,19
Shadowheart Del'Vyre,10,Gnomo,Feiticeiro,16,11,8,14,14,11
Nere Sunstrider,1,Humano,Paladino,12,19,15,12,16,17
Minsc Ravengard,5,Halfling,Monge,14,18,8,16,10,19
Astarion Del'Vyre,2,Halfling,Paladino,19,10,12,9,17,15
Viconia Shadowdancer,9,Tiefling,Bruxo,13,19,13,8,11,10
Gale Spellweaver,7,Tiefling,Guerreiro,17,12,9,16,14,15
Cora Firebrand,4,Gnomo,Monge,12,13,14,15,13,13
Abdirak Del'Vyre,4,Dragonborn,Druida,14,10,14,17,9,11
Wyll Moonbreeze,2,Elfo,Bardo,18,9,8,13,9,14
Volothamp Brightwood,5,Tiefling,Mago,13,14,11,12,17,18
Lae'zel Stonefoot,4,Orc,Feiticeiro,17,18,19,15,14,12
Voss Moonbreeze,12,Tiefling,Patrulheiro,9,12,11,15,16,12
Danis Firebrand,1,Anão,Ladino,10,16,12,12,18,16
Orin Anchev,12,Orc,Clérigo,9,10,8,19,19,10
Danis Starseeker,8,Elfo,Guerreiro,19,15,8,14,16,17
Blurg Stormwind,3,Anão,Bardo,10,13,14,8,14,11
Sarevok Goldseeker,6,Anão,Clérigo,8,11,16,11,18,12
Sazza Moonbreeze,4,Gnomo,Ladino,15,19,8,9,15,8
Volothamp Starseeker,9,Tiefling,Monge,13,19,9,17,17,14
Voss Dekarios,7,Meio-Elfo,Feiticeiro,9,16,13,10,10,15
Aradin Starseeker,9,Orc,Paladino,15,12,13,19,8,13
Brem Shadowdancer,10,Humano,Feiticeiro,13,17,9,8,14,16
Aradin Starseeker,3,Meio-Elfo,Bardo,14,13,16,18,15,10
Gortash Shadowdancer,1,Githyanki,Patrulheiro,18,16,11,18,9,9
Lae'zel Ansur,5,Humano,Bruxo,8,14,14,9,16,12
Gale Windrunner,3,Dragonborn,Druida,14,19,13,8,11,16
Bhaal Nightbreeze,6,Elfo,Mago,10,12,18,15,17,18
Halsin Anchev,8,Gnomo,Paladino,18,9,18,11,18,8
Gortash Del'Vyre,11,Meio-Elfo,Guerreiro,19,11,10,10,16,8
Minsc Stonefoot,4,Tiefling,Clérigo,15,9,15,8,10,17
Orin Nightbreeze,5,Elfo,Guerreiro,13,10,14,9,15,10
Bex Goldseeker,5,Anão,Guerreiro,11,17,16,10,18,17
Voss Spellweaver,4,Orc,Bardo,18,19,10,10,9,10
Shadowheart Goldseeker,4,Githyanki,Bruxo,15,10,8,13,10,12
Nere Windrunner,4,Gnomo,Clérigo,16,11,9,17,8,11
Shadowheart Stonefoot,4,Anão,Clérigo,17,13,19,15,12,13
Voss Ansur,4,Elfo,Clérigo,9,19,18,13,11,19
Volothamp Goldseeker,5,Orc,Guerreiro,13,10,19,9,8,15
Gortash Cliffgate,2,Githyanki,Bardo,12,17,8,9,17,15
Barcus Firebrand,2,Anão,Guerreiro,12,8,18,14,16,18
Volothamp Bloodaxe,9,Githyanki,Druida,17,8,12,8,13,11
Minthara Goldseeker,2,Elfo,Druida,18,16,17,8,13,8
Roah Firebrand,6,Tiefling,Clérigo,10,16,9,14,18,14
Shadowheart Bloodaxe,2,Halfling,Bruxo,19,12,10,16,9,13
Roah Nightbreeze,5,Dragonborn,Feiticeiro,15,16,15,12,14,12
Mizora Stonefoot,4,Dragonborn,Bruxo,15,18,17,18,19,11
Omeluum Sunstrider,12,Anão,Clérigo,19,14,12,8,19,13
Zevlor Nightbreeze,7,Anão,Monge,12,16,11,12,16,15
Gortash Ravengard,7,Dragonborn,Patrulheiro,15,19,12,18,13,13
Astarion Cliffgate,6,Meio-Elfo,Feiticeiro,17,14,17,8,18,10
Bhaal Spellweaver,10,Tiefling,Clérigo,15,16,13,17,15,16
Gale Ironfist,5,Dragonborn,Bardo,10,9,19,19,19,10
Voss Shadowdancer,1,Dragonborn,Bardo,9,18,14,16,12,11
Lae'zel Moonbreeze,12,Orc,Bardo,16,18,16,11,9,12
Roah Firebrand,3,Anão,Clérigo,9,15,8,16,11,18
Ketheric Starseeker,9,Githyanki,Bardo,16,14,11,9,19,9
Raphael Dekarios,1,Orc,Bardo,11,13,19,14,8,18
Jaheira Stormwind,5,Anão,Ladino,19,12,19,19,8,17
Bex Stonefoot,2,Dragonborn,Ladino,9,11,16,9,13,18
Raphael Del'Vyre,4,Gnomo,Mago,17,14,12,19,9,17
Wyll Windrunner,11,Halfling,Monge,8,10,15,11,13,9
Roah Stoutbeard,1,Anão,Paladino,11,15,19,13,8,13
Orin Starseeker,3,Halfling,Guerreiro,16,9,8,9,18,9
Wyll Del'Vyre,10,Humano,Bardo,19,8,11,9,17,17
Sarevok Stoutbeard,7,Tiefling,Mago,16,18,19,9,10,8
Dammon Stormwind,10,Dragonborn,Druida,11,9,19,10,16,15
Dammon Swiftfoot,3,Githyanki,Bruxo,16,16,16,12,9,17
Dror Nightbreeze,4,Meio-Elfo,Paladino,19,12,8,16,15,17
Ketheric Goldseeker,2,Githyanki,Mago,13,18,8,13,13,8
Zevlor Spellweaver,3,Orc,Feiticeiro,8,15,11,19,19,17
Gortash Stoutbeard,9,Halfling,Bruxo,17,10,10,16,13,13
Barcus Starseeker,3,Orc,Clérigo,13,14,14,17,14,19
Volothamp Ironfist,11,Gnomo,Monge,16,9,18,12,12,8
Ragzlin Ravengard,5,Humano,Ladino,9,15,10,18,19,15
Lae'zel Silverfrond,2,Githyanki,Clérigo,13,14,8,13,18,12
Dammon Stonefoot,4,Githyanki,Feiticeiro,9,19,19,17,11,10
Ragzlin Starseeker,12,Gnomo,Clérigo,11,12,18,19,13,12
Shadowheart Ravengard,7,Dragonborn,Mago,15,19,17,15,15,8
Cora Sunstrider,7,Anão,Monge,14,18,9,10,11,8
Alfira Silverfrond,12,Halfling,Patrulheiro,18,11,17,9,12,19
Zevlor Cliffgate,3,Halfling,Bardo,19,8,11,10,14,11
Karlach Ravengard,5,Tiefling,Monge,16,12,8,16,13,16
Alfira Brightwood,1,Tiefling,Mago,14,19,8,13,11,16
Raphael Shadowdancer,10,Tiefling,Bruxo,8,16,19,17,11,8
Minthara Anchev,10,Halfling,Paladino,9,17,15,19,17,10
Roah Ansur,10,Anão,Bruxo,13,11,14,11,11,19
Shadowheart Stoutbeard,11,Dragonborn,Clérigo,14,16,15,17,8,11
Viconia Darkweaver,1,Humano,Druida,10,19,11,10,12,9
Zevlor Ironfist,5,Humano,Druida,16,9,13,9,15,14
Orin Moonbreeze,10,Gnomo,Druida,14,11,10,11,14,10
Minsc Moonbreeze,9,Elfo,Monge,13,16,18,16,12,8
Cora Hallowtide,1,Meio-Elfo,Patrulheiro,13,11,15,11,10,8
Alfira Silverfrond,1,Anão,Patrulheiro,8,12,11,19,18,10
Minsc Stoutbeard,4,Elfo,Patrulheiro,12,18,10,12,8,13
Voss Windrunner,4,Orc,Monge,17,15,11,15,14,11
Bex Brightwood,2,Tiefling,Guerreiro,10,8,13,9,18,8
Minsc Hallowtide,9,Orc,Patrulheiro,14,8,18,19,10,14
Dror Stonefoot,9,Humano,Mago,17,16,14,18,11,9
Halsin Sunstrider,2,Meio-Elfo,Ladino,10,16,14,10,12,19
Bhaal Firebrand,9,Elfo,Guerreiro,12,11,19,13,19,12
Bhaal Anchev,6,Githyanki,Bruxo,14,9,11,19,15,15
Mizora Starseeker,8,Dragonborn,Druida,10,16,15,14,14,14
Wyll Goldseeker,10,Meio-Elfo,Guerreiro,17,11,14,11,16,18
Wyll Nightbreeze,4,Halfling,Bardo,9,13,9,8,18,19
Kagha Moonbreeze,2,Meio-Elfo,Monge,13,19,15,14,10,15
Rath Ansur,2,Gnomo,Guerreiro,15,8,16,19,18,17
Elminster Starseeker,9,Halfling,Monge,11,19,12,16,17,18
Blurg Windrunner,1,Elfo,Ladino,16,16,11,8,8,13
Kagha Stoutbeard,12,Orc,Clérigo,19,12,11,8,8,14
Ragzlin Ravengard,7,Dragonborn,Patrulheiro,19,10,11,8,19,16
Omeluum Firebrand,11,Gnomo,Bruxo,15,11,13,17,17,13
Sazza Ansur,3,Meio-Elfo,Paladino,14,8,18,14,8,16
Kagha Ansur,3,Humano,Monge,14,16,11,18,9,19
Blurg Nightbreeze,2,Halfling,Bardo,10,15,14,16,9,9
Voss Swiftfoot,10,Elfo,Mago,13,11,14,10,14,9
Halsin Windrunner,6,Elfo,Clérigo,12,9,12,15,16,9
Nere Swiftfoot,10,Githyanki,Clérigo,8,16,12,16,15,13
Dror Stonefoot,2,Orc,Ladino,18,11,17,10,11,9
Danis Firebrand,10,Tiefling,Druida,10,16,15,19,9,10
Gortash Spellweaver,4,Gnomo,Paladino,19,17,14,19,10,15
Halsin Windrunner,10,Humano,Druida,8,10,14,10,17,15
Blurg Cliffgate,9,Orc,Bruxo,11,14,13,8,12,18
Danis Del'Vyre,9,Elfo,Clérigo,17,14,14,9,16,19
Karlach Silverfrond,6,Tiefling,Paladino,10,17,14,14,15,11
Shadowheart Shadowdancer,4,Meio-Elfo,Ladino,18,11,17,10,19,16
Nere Stoutbeard,7,Elfo,Druida,11,9,9,14,10,15
Bex Firebrand,1,Gnomo,Feiticeiro,16,18,17,12,16,8
Sazza Spellweaver,12,Dragonborn,Feiticeiro,10,16,9,17,17,15
Orin Spellweaver,4,Dragonborn,Patrulheiro,19,11,17,15,10,8
Bex Windrunner,5,Elfo,Paladino,13,15,14,12,17,11
Minthara Silverfrond,8,Gnomo,Paladino,13,9,17,10,19,17
Cora Spellweaver,12,Halfling,Monge,14,15,14,16,15,13
Kagha Cliffgate,2,Tiefling,Patrulheiro,16,18,14,14,8,14
Karlach Spellweaver,12,Anão,Guerreiro,19,17,12,12,11,17
Astarion Shadowdancer,5,Elfo,Paladino,14,12,8,14,11,11
Ketheric Bloodaxe,6,Orc,Clérigo,8,14,9,18,13,15
Bex Silverfrond,5,Meio-Elfo,Ladino,15,14,16,17,19,15
Abdirak Cliffgate,9,Githyanki,Bruxo,12,19,15,16,19,16
Bex Del'Vyre,10,Orc,Bardo,16,16,15,12,9,13
Volothamp Bloodaxe,1,Dragonborn,Patrulheiro,17,10,17,14,14,11
Blurg Bloodaxe,3,Githyanki,Mago,19,17,8,18,12,9
Dammon Firebrand,2,Halfling,Bardo,12,11,13,16,17,14
Omeluum Stoutbeard,12,Halfling,Bardo,12,17,16,8,13,17
Elminster Firebrand,3,Tiefling,Clérigo,19,11,15,11,18,10
Voss Windrunner,10,Tiefling,Druida,19,17,10,8,13,18
Viconia Silverfrond,9,Humano,Bardo,9,12,11,15,19,19
Bex Spellweaver,9,Halfling,Ladino,19,13,10,10,18,10
Abdirak Stonefoot,10,Dragonborn,Feiticeiro,18,10,13,9,13,10
Wyll Sunstrider,2,Tiefling,Bardo,10,11,16,11,17,11
Raphael Del'Vyre,3,Elfo,Druida,17,10,15,18,19,9
Volothamp Cliffgate,4,Dragonborn,Monge,16,9,17,10,15,12
Rath Ravengard,9,Elfo,Paladino,14,17,11,18,17,10
Voss Windrunner,3,Orc,Guerreiro,8,19,9,12,11,17
Ragzlin Spellweaver,7,Humano,Clérigo,10,16,15,15,17,12
Ragzlin Starseeker,12,Meio-Elfo,Monge,19,8,15,17,15,19
Sazza Nightbreeze,3,Meio-Elfo,Ladino,9,9,19,15,16,14
Bex Anchev,7,Gnomo,Ladino,8,15,18,18,11,16
Ketheric Firebrand,7,Meio-Elfo,Druida,16,14,13,14,8,9
Elminster Ravengard,9,Tiefling,Bruxo,15,19,15,15,10,16
Minsc Goldseeker,2,Dragonborn,Clérigo,12,8,16,12,8,17
Astarion Cliffgate,6,Meio-Elfo,Clérigo,18,12,8,17,14,13
Shadowheart Cliffgate,9,Githyanki,Monge,19,17,16,17,19,19
Ragzlin Stormwind,12,Humano,Bardo,9,13,9,18,8,13
Mizora Stormwind,12,Meio-Elfo,Paladino,8,12,8,19,18,18
Minthara Dekarios,2,Meio-Elfo,Bardo,14,11,15,18,11,10
Rath Spellweaver,2,Tiefling,Bruxo,18,8,15,13,8,17
Bex Nightbreeze,5,Halfling,Patrulheiro,18,14,18,15,9,16
Dror Bloodaxe,10,Anão,Patrulheiro,9,16,11,8,18,11
Viconia Bloodaxe,10,Elfo,Mago,8,13,15,13,8,12
Raphael Silverfrond,12,Tiefling,Feiticeiro,9,10,14,13,12,10
Jaheira Hallowtide,10,Meio-Elfo,Monge,14,17,9,18,14,12
Danis Moonbreeze,8,Tiefling,Druida,14,11,12,12,10,15
Jaheira Starseeker,11,Orc,Bruxo,17,17,17,11,15,15
Orin Firebrand,9,Tiefling,Paladino,13,12,11,8,12,15
Elminster Darkweaver,2,Elfo,Clérigo,12,19,10,18,12,13
Cora Ironfist,5,Tiefling,Ladino,10,19,8,17,12,8
Brem Firebrand,7,Gnomo,Bruxo,19,8,12,18,15,18
Alfira Moonbreeze,6,Orc,Paladino,10,12,17,15,9,17
Karlach Del'Vyre,6,Anão,Bruxo,18,8,15,13,9,19
Dammon Spellweaver,7,Halfling,Bardo,19,16,19,10,19,13
Astarion Del'Vyre,3,Dragonborn,Mago,16,14,16,19,15,19
Cora Darkweaver,3,Halfling,Paladino,11,10,14,10,16,18
Blurg Goldseeker,10,Meio-Elfo,Bardo,16,16,19,19,18,17
Jaheira Dekarios,9,Elfo,Monge,11,9,18,13,19,14
Ketheric Del'Vyre,8,Gnomo,Feiticeiro,9,19,8,19,17,16
Jaheira Shadowdancer,5,Gnomo,Ladino,11,14,8,14,17,19
Cora Moonbreeze,6,Tiefling,Druida,13,16,8,15,9,15
Astarion Stoutbeard,11,Dragonborn,Mago,13,13,9,12,11,18
Brem Sunstrider,12,Anão,Paladino,12,17,8,17,15,19
Voss Spellweaver,10,Dragonborn,Paladino,8,12,11,13,9,15
Brem Hallowtide,1,Humano,Guerreiro,10,19,17,19,11,14
Elminster Ironfist,10,Gnomo,Feiticeiro,12,14,16,8,17,9
Karlach Stormwind,12,Gnomo,Bardo,13,13,19,13,8,8
Barcus Ansur,1,Meio-Elfo,Clérigo,8,12,11,16,9,9
Bex Del'Vyre,4,Githyanki,Monge,16,9,11,17,14,13
Rath Dekarios,2,Halfling,Monge,10,15,14,11,8,9
Zevlor Silverfrond,11,Humano,Paladino,17,14,18,17,19,17
Omeluum Cliffgate,7,Tiefling,Monge,10,13,16,8,8,11
Viconia Bloodaxe,2,Orc,Mago,18,12,14,18,9,17
Orin Ravengard,10,Meio-Elfo,Feiticeiro,9,12,8,16,11,10
Alfira Shadowdancer,2,Orc,Druida,15,16,8,11,14,13
Halsin Firebrand,5,Orc,Patrulheiro,10,8,11,9,11,19
Dror Firebrand,4,Anão,Druida,13,16,11,8,12,19
Karlach Dekarios,8,Gnomo,Druida,9,13,8,10,11,15
Karlach Stoutbeard,4,Dragonborn,Druida,14,11,13,14,11,18
Aradin Shadowdancer,12,Anão,Guerreiro,11,17,17,18,16,13
Dammon Shadowdancer,6,Githyanki,Clérigo,16,14,9,17,13,9
Jaheira Dekarios,5,Dragonborn,Patrulheiro,17,16,18,9,19,12
Minthara Silverfrond,11,Orc,Feiticeiro,16,12,12,16,10,18
Sazza Silverfrond,2,Orc,Patrulheiro,14,12,15,19,13,13
Dammon Anchev,11,Gnomo,Druida,19,15,10,18,14,16
Dror Del'Vyre,12,Tiefling,Patrulheiro,15,14,16,9,14,13
Elminster Windrunner,8,Dragonborn,Feiticeiro,10,15,14,12,15,17
Zevlor Stoutbeard,2,Elfo,Feiticeiro,18,18,16,15,11,12
Jaheira Sunstrider,9,Halfling,Paladino,12,19,8,19,8,8
Rath Firebrand,9,Tiefling,Mago,9,17,12,17,13,17
Roah Ironfist,3,Dragonborn,Clérigo,17,9,19,15,15,12
Minsc Brightwood,4,Halfling,Monge,14,16,10,10,12,12
Shadowheart Hallowtide,8,Meio-Elfo,Mago,15,10,11,9,10,13
Orin Silverfrond,9,Gnomo,Paladino,16,13,11,16,11,14
Gale Anchev,3,Halfling,Guerreiro,18,13,18,10,15,11
Omeluum Stoutbeard,5,Dragonborn,Clérigo,18,9,19,15,13,14
Wyll Hallowtide,11,Githyanki,Guerreiro,14,19,14,9,12,12
Gortash Sunstrider,8,Githyanki,Bruxo,17,14,17,10,16,13
Roah Moonbreeze,3,Gnomo,Ladino,17,16,18,8,17,11
Minthara Darkweaver,7,Anão,Guerreiro,15,19,15,18,10,19
Bex Hallowtide,11,Anão,Bardo,19,17,18,13,14,15
Omeluum Swiftfoot,8,Githyanki,Ladino,16,18,17,14,16,16
Sarevok Nightbreeze,10,Anão,Feiticeiro,13,8,12,11,18,9
Nere Shadowdancer,11,Dragonborn,Druida,19,15,19,8,18,19
Rath Del'Vyre,3,Githyanki,Feiticeiro,19,9,17,10,19,18
Shadowheart Swiftfoot,2,Halfling,Druida,17,8,14,16,11,11
Ketheric Cliffgate,10,Gnomo,Mago,9,15,10,12,17,18
Dammon Stormwind,7,Meio-Elfo,Paladino,9,9,10,13,17,15
Zevlor Stormwind,12,Halfling,Patrulheiro,11,13,10,11,10,15
Bhaal Ravengard,9,Halfling,Ladino,16,13,19,8,8,16
Dammon Stonefoot,1,Elfo,Monge,14,12,11,12,16,10
Dammon Hallowtide,3,Orc,Clérigo,9,15,13,12,8,8
Raphael Anchev,5,Gnomo,Bruxo,15,10,12,12,9,16
Viconia Ironfist,3,Githyanki,Feiticeiro,18,17,15,13,16,8
Minthara Silverfrond,1,Tiefling,Paladino,14,11,19,18,12,10
Orin Starseeker,7,Dragonborn,Paladino,16,14,12,9,11,10
Elminster Ravengard,7,Elfo,Bruxo,15,14,18,8,16,16
Rath Cliffgate,10,Githyanki,Monge,10,19,19,9,16,8
Volothamp Sunstrider,12,Meio-Elfo,Guerreiro,8,15,12,17,9,14
Minsc Bloodaxe,8,Orc,Monge,9,9,17,13,10,9
Roah Moonbreeze,5,Halfling,Monge,9,18,9,12,19,14
Rath Dekarios,10,Tiefling,Ladino,11,19,19,12,10,8
Gortash Starseeker,12,Anão,Bardo,13,9,18,19,12,17
Roah Cliffgate,5,Tiefling,Clérigo,11,11,18,19,10,17
Danis Swiftfoot,5,Dragonborn,Paladino,16,17,12,13,17,15
Aradin Stormwind,1,Orc,Mago,11,16,19,17,13,17
Barcus Firebrand,10,Orc,Patrulheiro,13,17,14,14,9,17
Bex Stoutbeard,5,Anão,Monge,13,19,9,16,13,9
Dammon Brightwood,6,Halfling,Bruxo,17,16,13,14,13,10
Bex Ravengard,12,Meio-Elfo,Monge,18,11,14,9,9,15
Voss Swiftfoot,1,Halfling,Bruxo,17,16,12,13,13,10
Dammon Goldseeker,11,Dragonborn,Clérigo,8,10,16,16,13,8
Aradin Cliffgate,7,Meio-Elfo,Druida,15,19,11,14,13,16
Kagha Shadowdancer,1,Halfling,Clérigo,19,12,17,9,19,15
Sarevok Sunstrider,11,Orc,Mago,10,17,8,10,12,11
Volothamp Del'Vyre,2,Humano,Bardo,13,16,15,15,14,15
Bex Swiftfoot,2,Elfo,Ladino,10,13,15,18,19,12
Ketheric Ironfist,5,Meio-Elfo,Bruxo,18,10,14,16,12,10
Bex Ironfist,10,Humano,Bardo,9,17,15,11,18,8
Jaheira Spellweaver,7,Githyanki,Bruxo,12,16,9,16,8,17
Rath Dekarios,1,Githyanki,Ladino,8,13,10,9,19,12
Halsin Dekarios,10,Halfling,Clérigo,16,11,16,18,16,18
Cora Spellweaver,1,Anão,Guerreiro,18,11,8,12,10,13
Dammon Brightwood,1,Halfling,Bardo,14,15,15,18,9,11
Viconia Darkweaver,6,Anão,Bruxo,10,14,15,9,17,14
Danis Ravengard,2,Halfling,Bardo,11,8,14,18,13,10
Danis Windrunner,1,Tiefling,Bardo,13,13,18,8,15,14
Roah Sunstrider,6,Dragonborn,Bruxo,10,15,12,12,9,8
Danis Cliffgate,2,Elfo,Ladino,19,10,11,9,11,14
Dror Del'Vyre,6,Anão,Ladino,14,16,17,14,9,8
Ragzlin Windrunner,10,Dragonborn,Feiticeiro,13,17,17,15,19,18
Ketheric Ansur,8,Tiefling,Patrulheiro,16,9,17,9,19,8
Volothamp Goldseeker,2,Githyanki,Feiticeiro,19,13,17,14,16,9
Shadowheart Windrunner,11,Halfling,Patrulheiro,12,19,13,11,17,9
Ragzlin Shadowdancer,9,Gnomo,Clérigo,11,8,19,8,9,11
Bex Starseeker,8,Dragonborn,Paladino,10,19,18,18,17,8
Orin Ironfist,12,Halfling,Bardo,17,18,8,10,9,11
Nere Silverfrond,10,Githyanki,Bardo,8,9,12,18,12,9
Zevlor Swiftfoot,1,Anão,Clérigo,10,12,11,19,19,11
Orin Del'Vyre,7,Dragonborn,Mago,10,8,11,8,12,11
Cora Brightwood,10,Meio-Elfo,Clérigo,14,15,14,12,19,16
Brem Moonbreeze,6,Halfling,Paladino,14,8,16,15,14,16
Ketheric Starseeker,6,Dragonborn,Clérigo,19,16,15,8,8,8
Danis Bloodaxe,6,Orc,Feiticeiro,8,17,18,16,19,12
Blurg Ansur,6,Tiefling,Mago,10,18,19,10,9,14
Mizora Stormwind,10,Humano,Ladino,15,10,15,12,18,11
Gale Spellweaver,7,Anão,Bardo,16,19,12,16,18,19
Alfira Brightwood,12,Elfo,Paladino,14,9,13,12,13,12
Cora Brightwood,3,Elfo,Guerreiro,14,8,9,16,9,9
Ragzlin Starseeker,6,Tiefling,Patrulheiro,19,16,18,17,11,10
Aradin Swiftfoot,3,Meio-Elfo,Druida,18,11,10,15,17,14
Kagha Darkweaver,7,Meio-Elfo,Clérigo,15,19,12,14,13,17
Roah Firebrand,7,Gnomo,Feiticeiro,13,8,9,18,19,14
Blurg Ravengard,8,Gnomo,Bruxo,18,8,10,8,14,11
Jaheira Firebrand,2,Humano,Ladino,10,14,11,11,17,19
Bhaal Goldseeker,9,Humano,Bardo,8,9,13,16,12,8
Jaheira Starseeker,5,Gnomo,Druida,14,14,12,17,15,8
Astarion Nightbreeze,9,Tiefling,Bruxo,8,19,17,15,13,11
Karlach Anchev,10,Githyanki,Mago,8,14,11,11,12,11
Gale Silverfrond,5,Anão,Clérigo,16,17,9,19,11,13
Astarion Sunstrider,7,Orc,Patrulheiro,17,16,19,8,13,14
Wyll Shadowdancer,11,Gnomo,Patrulheiro,14,14,18,17,13,16
Rath Firebrand,9,Meio-Elfo,Guerreiro,18,8,12,11,13,16
Voss Nightbreeze,4,Anão,Druida,11,19,12,10,8,17
Dammon Swiftfoot,2,Githyanki,Patrulheiro,13,15,18,13,13,19
Raphael Bloodaxe,9,Humano,Feiticeiro,8,15,14,18,8,19
Roah Swiftfoot,2,Halfling,Mago,14,11,8,12,12,12
Minthara Nightbreeze,3,Tiefling,Druida,19,15,11,12,14,17
Bex Bloodaxe,10,Meio-Elfo,Druida,13,11,18,9,8,18
Kagha Starseeker,2,Elfo,Patrulheiro,11,15,12,19,8,10
Nere Brightwood,3,Elfo,Druida,14,12,15,10,13,10
Nere Nightbreeze,6,Humano,Bardo,10,11,19,18,14,13
Shadowheart Bloodaxe,3,Halfling,Guerreiro,8,13,19,13,13,8
Ketheric Del'Vyre,10,Meio-Elfo,Patrulheiro,11,9,15,9,12,14
Minsc Goldseeker,8,Tiefling,Bardo,10,19,8,11,13,10
Omeluum Shadowdancer,11,Humano,Guerreiro,8,9,12,9,10,12
Danis Anchev,6,Githyanki,Ladino,9,9,17,16,16,14
Abdirak Swiftfoot,7,Elfo,Guerreiro,18,16,8,10,12,14
Sarevok Del'Vyre,1,Dragonborn,Monge,12,17,8,17,9,16
Elminster Ironfist,3,Orc,Druida,15,10,9,17,19,8
Gortash Ironfist,3,Anão,Mago,8,17,9,13,17,10
Gortash Stonefoot,2,Gnomo,Patrulheiro,11,11,16,8,17,16
Raphael Stonefoot,7,Githyanki,Ladino,11,17,11,18,14,15
Barcus Windrunner,9,Tiefling,Monge,12,19,10,17,10,9
Viconia Silverfrond,4,Dragonborn,Mago,14,15,18,10,8,15
Bhaal Hallowtide,12,Tiefling,Clérigo,19,11,8,15,10,15
Zevlor Starseeker,5,Elfo,Mago,15,18,19,12,16,9
Lae'zel Spellweaver,3,Githyanki,Druida,13,17,9,15,12,15
Alfira Anchev,11,Humano,Bardo,8,17,13,9,14,10
Blurg Moonbreeze,9,Elfo,Feiticeiro,14,14,16,14,10,14
Wyll Nightbreeze,4,Meio-Elfo,Guerreiro,10,12,12,16,11,16
Wyll Swiftfoot,5,Meio-Elfo,Clérigo,13,16,11,14,8,11
Barcus Stormwind,1,Orc,Guerreiro,15,11,12,10,10,18
Minthara Windrunner,11,Anão,Druida,14,10,16,14,14,13
Brem Ironfist,12,Halfling,Patrulheiro,17,9,19,15,11,16
Voss Shadowdancer,2,Gnomo,Ladino,13,8,14,8,9,18
Abdirak Spellweaver,12,Humano,Clérigo,16,18,15,10,12,18
Blurg Darkweaver,9,Dragonborn,Patrulheiro,16,13,11,12,12,12
Sazza Stormwind,2,Gnomo,Monge,8,17,18,19,9,19
Bex Del'Vyre,5,Orc,Patrulheiro,8,9,15,13,18,8
Rath Stonefoot,8,Githyanki,Bruxo,8,15,13,10,13,10
Kagha Shadowdancer,3,Halfling,Clérigo,15,13,12,11,17,18
Bex Cliffgate,6,Tiefling,Patrulheiro,19,19,19,12,11,16
Minthara Nightbreeze,4,Anão,Bardo,19,19,14,10,8,10
Sazza Moonbreeze,11,Gnomo,Bardo,17,12,13,11,10,18
Wyll Ironfist,7,Gnomo,Monge,14,9,10,12,16,18
Barcus Firebrand,10,Anão,Guerreiro,10,14,12,9,17,17
Elminster Firebrand,3,Gnomo,Paladino,9,9,16,17,14,9
Halsin Shadowdancer,6,Dragonborn,Patrulheiro,11,12,14,16,13,11
Wyll Swiftfoot,12,Halfling,Feiticeiro,10,9,19,17,8,12
Ragzlin Moonbreeze,10,Elfo,Druida,14,18,11,15,16,14
Gortash Silverfrond,9,Githyanki,Clérigo,17,17,14,19,16,14
Gale Dekarios,11,Anão,Patrulheiro,15,18,12,13,8,16
Brem Hallowtide,10,Anão,Guerreiro,13,18,18,17,13,15
Blurg Windrunner,1,Tiefling,Patrulheiro,10,9,9,18,14,9
Bhaal Anchev,3,Orc,Paladino,13,14,13,10,9,19
Wyll Firebrand,2,Orc,Ladino,9,16,14,18,17,15
Brem Stoutbeard,8,Gnomo,Feiticeiro,19,12,15,9,15,15
Raphael Hallowtide,7,Anão,Paladino,14,14,13,14,15,12
Aradin Firebrand,2,Gnomo,Druida,18,11,15,15,13,10
Volothamp Starseeker,6,Meio-Elfo,Feiticeiro,17,9,14,17,16,16
Alfira Bloodaxe,3,Tiefling,Paladino,14,10,9,8,10,19
Zevlor Stoutbeard,8,Gnomo,Druida,11,9,13,13,9,14
Alfira Moonbreeze,10,Meio-Elfo,Guerreiro,15,12,16,14,9,8
Alfira Silverfrond,3,Humano,Clérigo,11,13,19,16,13,15
Danis Ironfist,10,Orc,Paladino,14,14,13,19,14,17
Brem Spellweaver,9,Halfling,Feiticeiro,11,10,11,10,13,12
Sarevok Spellweaver,1,Orc,Bardo,19,11,14,9,18,13
Aradin Sunstrider,5,Elfo,Monge,12,15,10,12,10,16
Sazza Dekarios,3,Tiefling,Paladino,14,11,12,17,12,17
Zevlor Stonefoot,6,Tiefling,Clérigo,17,14,8,8,15,15
Omeluum Stoutbeard,10,Anão,Guerreiro,10,19,17,13,13,18
Alfira Ravengard,2,Gnomo,Bardo,17,13,10,16,9,10
Omeluum Shadowdancer,9,Humano,Druida,12,14,15,17,14,12
Aradin Dekarios,6,Elfo,Bardo,18,8,16,16,15,11
Mizora Windrunner,7,Gnomo,Paladino,10,10,16,14,11,8
Volothamp Firebrand,5,Elfo,Guerreiro,12,13,17,18,19,12
Dror Moonbreeze,9,Anão,Druida,10,10,9,14,8,17
Viconia Ravengard,1,Anão,Mago,18,14,11,15,9,14
Mizora Starseeker,5,Orc,Feiticeiro,17,16,12,17,11,8
Elminster Shadowdancer,11,Githyanki,Bruxo,18,10,10,9,14,11
Lae'zel Bloodaxe,10,Orc,Patrulheiro,14,8,18,13,9,13
Wyll Swiftfoot,11,Tiefling,Ladino,8,17,8,12,13,18
Barcus Hallowtide,6,Tiefling,Clérigo,16,13,13,12,9,19
Nere Silverfrond,7,Humano,Clérigo,16,19,17,10,19,16
Orin Goldseeker,12,Halfling,Clérigo,12,8,9,10,14,18
Lae'zel Ravengard,4,Meio-Elfo,Mago,16,8,16,13,9,15
Gortash Del'Vyre,12,Meio-Elfo,Guerreiro,17,15,8,19,10,9
Viconia Firebrand,1,Gnomo,Bardo,13,16,18,17,16,18
Kagha Dekarios,11,Anão,Druida,12,9,16,17,11,10
Minsc Firebrand,8,Dragonborn,Bardo,10,16,14,14,12,17
Abdirak Bloodaxe,10,Anão,Bardo,18,12,18,8,16,12
Bhaal Goldseeker,4,Dragonborn,Ladino,18,15,17,10,14,18
Karlach Darkweaver,3,Anão,Clérigo,15,14,9,19,15,14
Minthara Silverfrond,12,Meio-Elfo,Clérigo,11,14,13,8,18,10
Gale Swiftfoot,7,Halfling,Mago,17,11,15,17,10,19
Ketheric Stonefoot,12,Halfling,Bardo,10,9,9,10,18,14
Aradin Ravengard,2,Orc,Ladino,13,12,12,12,18,12
Lae'zel Starseeker,8,Orc,Bruxo,15,18,19,16,11,17
Elminster Goldseeker,6,Humano,Mago,16,18,18,10,14,13
Alfira Goldseeker,7,Dragonborn,Mago,13,10,13,17,11,13
Voss Nightbreeze,5,Dragonborn,Patrulheiro,12,16,10,17,9,18
Abdirak Cliffgate,9,Dragonborn,Bruxo,19,13,19,16,17,18
Karlach Dekarios,5,Orc,Clérigo,18,8,9,8,13,19
Ragzlin Anchev,11,Anão,Bardo,9,10,18,13,16,11
Blurg Windrunner,5,Githyanki,Clérigo,9,19,13,16,9,19
Barcus Shadowdancer,3,Orc,Feiticeiro,16,11,10,19,8,15
Bex Stormwind,11,Meio-Elfo,Mago,9,16,9,12,15,16
Minthara Ravengard,1,Tiefling,Clérigo,9,18,8,18,8,9
Karlach Windrunner,2,Gnomo,Guerreiro,10,13,15,17,8,16
Omeluum Dekarios,8,Githyanki,Paladino,10,11,8,9,10,18
Lae'zel Silverfrond,1,Anão,Bruxo,11,8,19,12,12,19
Abdirak Darkweaver,7,Anão,Bardo,14,15,12,8,19,11
Wyll Starseeker,5,Gnomo,Bruxo,16,18,18,16,16,13
Kagha Anchev,3,Dragonborn,Patrulheiro,9,9,13,17,18,14
Kagha Silverfrond,12,Meio-Elfo,Clérigo,11,18,18,17,17,11
Voss Ironfist,12,Dragonborn,Clérigo,16,18,19,16,9,15
Astarion Windrunner,11,Dragonborn,Bardo,9,15,19,13,19,17
Brem Dekarios,7,Tiefling,Bardo,17,13,10,18,19,15
Omeluum Windrunner,9,Tiefling,Feiticeiro,18,15,14,16,8,8
Lae'zel Goldseeker,2,Halfling,Guerreiro,8,13,9,10,8,15
Zevlor Goldseeker,8,Elfo,Ladino,17,12,14,11,15,17
Barcus Firebrand,9,Elfo,Monge,15,12,9,13,17,19
Brem Dekarios,11,Orc,Patrulheiro,16,17,12,11,17,10
Roah Brightwood,3,Dragonborn,Clérigo,14,17,14,8,17,12
Omeluum Hallowtide,2,Gnomo,Bardo,15,18,18,14,9,17
Bex Darkweaver,7,Dragonborn,Bardo,11,15,18,12,16,15
Aradin Darkweaver,5,Meio-Elfo,Paladino,11,14,10,15,16,18
Brem Cliffgate,5,Humano,Patrulheiro,9,15,18,16,9,13
Aradin Cliffgate,10,Gnomo,Monge,15,19,11,12,10,11
Danis Goldseeker,5,Elfo,Paladino,18,15,8,15,9,11
Dror Firebrand,4,Githyanki,Mago,9,14,10,8,13,19
Halsin Firebrand,5,Halfling,Patrulheiro,16,9,16,8,14,11
Voss Nightbreeze,4,Halfling,Patrulheiro,11,18,17,14,19,13
Dror Goldseeker,6,Orc,Feiticeiro,8,16,12,13,13,14
Gortash Brightwood,4,Dragonborn,Mago,11,14,15,12,10,12
Minthara Dekarios,2,Gnomo,Bruxo,10,19,9,12,19,17
Bhaal Stormwind,9,Meio-Elfo,Druida,19,18,10,16,10,15
Bhaal Stormwind,2,Githyanki,Guerreiro,13,13,14,8,19,14
Zevlor Ravengard,9,Orc,Feiticeiro,14,16,17,15,9,15
Roah Goldseeker,10,Anão,Paladino,15,8,11,9,9,11
Ketheric Starseeker,6,Orc,Druida,9,18,16,14,18,15
Lae'zel Ironfist,9,Anão,Mago,13,9,14,13,19,13
Minsc Ravengard,9,Elfo,Bardo,13,8,18,17,12,10
Omeluum Windrunner,3,Meio-Elfo,Paladino,17,17,19,9,18,15
Barcus Dekarios,1,Anão,Druida,19,19,8,19,18,14
Volothamp Moonbreeze,1,Tiefling,Feiticeiro,12,10,11,10,15,17
Bex Anchev,3,Meio-Elfo,Monge,17,18,17,11,13,12
Wyll Silverfrond,5,Dragonborn,Guerreiro,17,12,18,14,16,18
Mizora Swiftfoot,3,Dragonborn,Monge,14,8,13,15,18,11
Nere Brightwood,12,Orc,Feiticeiro,10,11,13,18,12,8
Halsin Swiftfoot,9,Elfo,Bardo,11,15,17,9,17,17
Lae'zel Hallowtide,9,Anão,Bruxo,17,13,13,15,11,10
Orin Dekarios,3,Dragonborn,Patrulheiro,16,8,12,18,16,9
Volothamp Darkweaver,3,Humano,Feiticeiro,11,19,10,16,19,15
Dammon Swiftfoot,12,Humano,Mago,10,8,9,14,17,15
Viconia Del'Vyre,5,Anão,Paladino,9,10,10,8,18,19
Barcus Nightbreeze,2,Elfo,Ladino,12,17,16,13,12,12
Brem Stonefoot,6,Humano,Monge,11,15,10,15,8,12
Orin Darkweaver,7,Dragonborn,Bruxo,15,18,10,12,12,18
Halsin Stonefoot,9,Elfo,Paladino,14,18,8,19,12,11
Bex Anchev,6,Anão,Feiticeiro,13,15,9,9,12,8
Abdirak Goldseeker,3,Meio-Elfo,Bruxo,18,10,18,12,9,8
Gortash Swiftfoot,12,Elfo,Feiticeiro,19,14,19,15,13,13
Blurg Anchev,5,Dragonborn,Patrulheiro,9,19,10,9,12,11
Bex Anchev,4,Meio-Elfo,Bruxo,10,10,9,8,9,11
Volothamp Sunstrider,5,Githyanki,Paladino,17,11,15,11,19,10
Karlach Spellweaver,8,Orc,Patrulheiro,16,16,13,11,17,16
Gale Shadowdancer,8,Halfling,Guerreiro,16,11,14,16,15,10
Cora Shadowdancer,6,Githyanki,Druida,12,10,8,10,13,15
Abdirak Bloodaxe,1,Meio-Elfo,Ladino,10,12,13,11,18,9
Blurg Hallowtide,8,Halfling,Bruxo,9,14,9,10,17,11
Brem Stonefoot,8,Orc,Guerreiro,15,12,13,9,19,8
Alfira Ironfist,2,Gnomo,Ladino,13,11,10,11,18,18
Roah Sunstrider,4,Githyanki,Bruxo,17,15,14,15,10,12
Bex Ansur,12,Dragonborn,Paladino,18,11,10,8,16,9
Sarevok Ironfist,2,Elfo,Bruxo,19,9,16,15,18,18
Mizora Starseeker,4,Elfo,Feiticeiro,14,17,10,15,18,8
Wyll Stonefoot,12,Halfling,Ladino,8,13,14,10,11,8
Halsin Dekarios,10,Halfling,Paladino,8,9,19,17,10,9
Danis Hallowtide,7,Halfling,Druida,17,10,11,17,14,12
Mizora Firebrand,9,Anão,Mago,9,8,15,19,19,19
Elminster Stormwind,8,Dragonborn,Bruxo,17,12,9,19,15,16
Brem Moonbreeze,12,Halfling,Bardo,10,16,15,13,14,13
Raphael Spellweaver,9,Humano,Mago,19,9,16,11,8,19
Dror Ansur,8,Orc,Monge,8,19,15,8,8,11
Kagha Ironfist,2,Halfling,Paladino,12,14,13,8,12,10
Danis Ansur,7,Humano,Clérigo,10,12,17,12,15,15
Elminster Firebrand,2,Anão,Paladino,8,9,8,19,17,10
Raphael Stonefoot,12,Humano,Feiticeiro,15,15,14,15,18,8
Lae'zel Swiftfoot,11,Gnomo,Feiticeiro,19,18,8,8,10,11
Lae'zel Hallowtide,2,Gnomo,Bruxo,18,13,14,9,15,18
Raphael Anchev,4,Humano,Paladino,13,11,9,14,10,12
Astarion Swiftfoot,1,Dragonborn,Ladino,16,11,15,15,11,12
Minthara Sunstrider,5,Anão,Druida,10,9,9,19,17,12
Bex Dekarios,6,Elfo,Patrulheiro,16,10,10,10,14,15
Karlach Moonbreeze,9,Humano,Patrulheiro,16,14,19,18,10,15
Shadowheart Darkweaver,10,Meio-Elfo,Paladino,19,10,10,19,11,19
Danis Ironfist,8,Tiefling,Paladino,19,12,8,15,15,11
Shadowheart Stoutbeard,2,Orc,Druida,8,17,12,8,11,16
Minthara Stormwind,1,Orc,Patrulheiro,10,13,12,16,16,8
Raphael Ironfist,2,Dragonborn,Guerreiro,13,13,17,19,11,12
Bhaal Ironfist,7,Halfling,Bruxo,15,11,12,9,11,12
Kagha Silverfrond,4,Tiefling,Mago,11,13,16,9,12,12
Danis Del'Vyre,10,Elfo,Guerreiro,12,10,13,11,8,15
Sarevok Moonbreeze,5,Anão,Druida,16,14,13,19,14,16
Brem Del'Vyre,12,Gnomo,Paladino,13,14,10,17,16,10
Rath Swiftfoot,7,Halfling,Bruxo,19,11,12,10,19,16
Sazza Spellweaver,3,Gnomo,Bardo,14,9,17,11,16,18
Minthara Windrunner,10,Elfo,Bardo,14,18,14,13,8,15
Voss Anchev,2,Tiefling,Monge,11,14,10,14,13,10
Dammon Spellweaver,7,Dragonborn,Monge,11,10,9,12,10,9
Halsin Shadowdancer,5,Githyanki,Bruxo,11,8,12,9,11,11
Bex Anchev,1,Gnomo,Clérigo,18,9,10,10,15,19
Barcus Windrunner,1,Tiefling,Paladino,12,17,12,17,11,9
Abdirak Goldseeker,9,Humano,Ladino,12,16,16,18,15,11
Wyll Cliffgate,5,Githyanki,Bardo,15,19,18,10,11,12
Danis Nightbreeze,1,Gnomo,Paladino,16,15,17,12,16,9
Orin Swiftfoot,7,Anão,Paladino,9,13,8,19,13,19
Rath Swiftfoot,9,Orc,Druida,18,13,11,18,8,15
Bex Stoutbeard,11,Githyanki,Patrulheiro,14,8,17,19,17,8
Orin Ansur,1,Humano,Guerreiro,8,9,12,12,9,10
Danis Silverfrond,10,Elfo,Bardo,8,11,9,11,14,14
Dror Sunstrider,4,Meio-Elfo,Monge,11,10,19,15,17,17
Gortash Brightwood,3,Humano,Paladino,17,8,9,13,14,8
Nere Windrunner,5,Elfo,Feiticeiro,14,15,8,13,10,18
Rath Swiftfoot,7,Elfo,Mago,9,14,15,8,8,9
Dror Firebrand,8,Tiefling,Guerreiro,18,11,9,13,15,10
Abdirak Ravengard,2,Orc,Patrulheiro,9,19,10,10,17,9
Shadowheart Windrunner,7,Gnomo,Monge,8,19,19,13,18,9
Roah Shadowdancer,1,Githyanki,Druida,17,16,9,17,18,19
Gale Silverfrond,7,Halfling,Bardo,9,18,11,18,17,18
Jaheira Windrunner,8,Githyanki,Feiticeiro,14,11,8,13,14,13
Mizora Nightbreeze,2,Orc,Bruxo,16,8,10,9,17,14
Voss Goldseeker,9,Githyanki,Mago,13,17,12,8,15,13
Lae'zel Stormwind,1,Elfo,Feiticeiro,17,8,17,18,8,18
Kagha Ironfist,6,Githyanki,Bardo,9,8,8,10,10,13
Cora Brightwood,1,Meio-Elfo,Ladino,19,8,11,12,9,16
Roah Shadowdancer,3,Meio-Elfo,Patrulheiro,17,11,13,11,8,15
Alfira Anchev,11,Githyanki,Patrulheiro,17,8,11,14,12,15
Karlach Nightbreeze,6,Tiefling,Bardo,16,9,14,11,10,13
Viconia Anchev,3,Dragonborn,Feiticeiro,14,11,14,15,17,12
Sarevok Moonbreeze,8,Tiefling,Patrulheiro,18,14,13,14,15,16
Minthara Stoutbeard,5,Githyanki,Bruxo,8,9,16,17,13,19
Jaheira Brightwood,2,Dragonborn,Druida,19,15,9,16,17,9
Brem Moonbreeze,4,Anão,Bruxo,16,14,17,8,16,14
Dror Brightwood,9,Elfo,Ladino,9,16,15,12,16,13
Omeluum Swiftfoot,4,Halfling,Druida,11,13,15,11,18,14
Blurg Nightbreeze,10,Elfo,Feiticeiro,16,11,18,13,13,19
Bex Anchev,10,Anão,Clérigo,11,13,17,8,9,11
Jaheira Shadowdancer,8,Elfo,Monge,10,11,18,13,16,16
Minsc Goldseeker,5,Halfling,Bardo,8,14,11,8,9,14
Orin Hallowtide,11,Gnomo,Druida,14,16,13,8,10,9
Rath Anchev,11,Humano,Druida,13,10,18,15,13,11
Volothamp Ansur,10,Dragonborn,Ladino,17,10,13,9,9,12
Barcus Darkweaver,1,Elfo,Bruxo,11,9,12,17,12,9
Lae'zel Dekarios,7,Halfling,Ladino,13,8,8,13,9,17
Sarevok Sunstrider,3,Dragonborn,Bruxo,13,8,10,13,19,15
Shadowheart Windrunner,10,Halfling,Druida,11,10,14,13,11,8
Halsin Anchev,8,Meio-Elfo,Patrulheiro,13,14,15,15,18,10
Bhaal Nightbreeze,12,Gnomo,Patrulheiro,17,18,9,11,18,8
Gale Bloodaxe,3,Humano,Bruxo,18,16,10,10,10,12
Gale Anchev,1,Humano,Guerreiro,15,9,11,13,12,15
Nere Firebrand,5,Dragonborn,Guerreiro,10,14,18,11,13,14
Rath Moonbreeze,2,Tiefling,Clérigo,11,8,12,9,14,16
Sazza Ravengard,11,Orc,Mago,17,9,10,13,17,9
Mizora Goldseeker,4,Orc,Guerreiro,19,13,12,17,15,19
Dror Hallowtide,1,Meio-Elfo,Guerreiro,8,18,15,12,16,15
Astarion Sunstrider,9,Dragonborn,Bruxo,11,12,15,18,11,15
Jaheira Stonefoot,6,Dragonborn,Paladino,18,15,9,16,11,13
Blurg Swiftfoot,8,Humano,Patrulheiro,17,19,13,18,14,10
Dammon Bloodaxe,11,Orc,Clérigo,17,18,11,13,19,9
Blurg Bloodaxe,4,Tiefling,Guerreiro,19,9,16,10,17,15
Wyll Ravengard,9,Elfo,Bardo,16,8,17,18,17,13
Aradin Stormwind,2,Elfo,Patrulheiro,15,14,9,12,18,11
Lae'zel Sunstrider,9,Elfo,Feiticeiro,18,13,15,17,16,12
Alfira Bloodaxe,12,Halfling,Feiticeiro,11,15,8,15,18,12
Dammon Anchev,5,Tiefling,Ladino,19,18,18,16,9,16
Minsc Moonbreeze,6,Anão,Mago,14,15,13,15,18,16
Sarevok Windrunner,3,Anão,Monge,17,9,18,10,13,15
Viconia Sunstrider,4,Githyanki,Monge,10,15,18,16,17,15
Bhaal Cliffgate,6,Orc,Clérigo,16,13,19,10,17,19
Astarion Dekarios,7,Githyanki,Paladino,17,16,17,15,15,9
Bex Silverfrond,1,Tiefling,Guerreiro,11,19,8,17,12,10
Aradin Dekarios,7,Orc,Patrulheiro,9,14,9,16,12,15
Ketheric Windrunner,1,Anão,Patrulheiro,17,9,10,14,15,12
Raphael Bloodaxe,5,Dragonborn,Clérigo,12,15,16,11,8,14
Wyll Shadowdancer,6,Orc,Bardo,9,16,12,17,13,15
Dror Dekarios,2,Meio-Elfo,Ladino,17,14,17,16,17,13
Sazza Sunstrider,10,Meio-Elfo,Paladino,13,11,17,10,16,12
Zevlor Nightbreeze,9,Tiefling,Feiticeiro,18,16,19,10,19,15
Nere Ansur,10,Githyanki,Paladino,17,11,9,9,13,8
Karlach Silverfrond,6,Anão,Feiticeiro,8,19,17,17,14,8
Roah Dekarios,7,Anão,Patrulheiro,13,11,12,10,11,8
Gale Goldseeker,10,Humano,Bardo,11,16,12,8,19,10
Mizora Stormwind,8,Humano,Feiticeiro,10,15,8,11,17,17
Wyll Cliffgate,11,Meio-Elfo,Bardo,9,11,10,15,8,19
Roah Del'Vyre,10,Tiefling,Patrulheiro,14,15,12,12,16,13
Barcus Starseeker,1,Githyanki,Bardo,16,15,16,9,19,13
Raphael Silverfrond,8,Anão,Guerreiro,19,14,17,10,13,12
Abdirak Shadowdancer,4,Elfo,Feiticeiro,10,17,8,8,10,14
Karlach Ravengard,10,Gnomo,Clérigo,13,13,15,9,11,12
Voss Dekarios,8,Gnomo,Mago,16,15,8,8,17,9
Dror Stonefoot,6,Githyanki,Druida,9,14,16,9,19,11
Ragzlin Stoutbeard,11,Anão,Bardo,14,12,13,10,13,8
Minsc Darkweaver,9,Dragonborn,Patrulheiro,12,19,8,8,13,14
Sazza Bloodaxe,11,Meio-Elfo,Monge,12,11,15,18,19,11
Lae'zel Hallowtide,4,Elfo,Monge,18,19,12,16,16,11
Alfira Bloodaxe,2,Githyanki,Guerreiro,14,9,14,17,11,11
Viconia Cliffgate,2,Gnomo,Guerreiro,16,18,14,12,12,10
Shadowheart Moonbreeze,5,Dragonborn,Guerreiro,11,15,14,15,12,15
Minsc Shadowdancer,10,Orc,Guerreiro,16,16,13,12,10,11
Bex Spellweaver,9,Githyanki,Monge,18,11,18,15,9,15
Brem Silverfrond,12,Humano,Guerreiro,17,11,15,14,15,16
Raphael Starseeker,3,Humano,Paladino,16,12,16,19,17,8
Danis Bloodaxe,8,Halfling,Bruxo,11,9,19,11,16,11
Gale Hallowtide,4,Githyanki,Monge,10,14,9,14,17,13
Sarevok Bloodaxe,6,Tiefling,Feiticeiro,9,12,14,13,18,15
Dror Firebrand,10,Tiefling,Monge,16,13,9,10,16,13
Aradin Moonbreeze,6,Elfo,Ladino,19,11,13,16,12,19
Abdirak Spellweaver,3,Meio-Elfo,Monge,9,15,9,19,18,13
Bex Brightwood,5,Anão,Bruxo,13,15,17,17,16,17
Dror Windrunner,12,Elfo,Bardo,12,19,13,16,11,11
Abdirak Firebrand,3,Orc,Monge,12,12,9,12,9,16
Mizora Moonbreeze,11,Githyanki,Paladino,11,19,8,15,10,14
Bex Anchev,11,Halfling,Monge,13,13,14,14,8,18
Voss Ravengard,1,Tiefling,Bardo,12,10,10,16,12,13
Raphael Silverfrond,7,Githyanki,Ladino,18,8,19,14,8,8
Volothamp Goldseeker,4,Halfling,Druida,11,16,11,11,19,9
Viconia Starseeker,7,Gnomo,Clérigo,16,16,13,11,18,19
Cora Stoutbeard,3,Anão,Bardo,13,10,12,18,8,13
Danis Bloodaxe,12,Dragonborn,Monge,18,11,11,15,18,18
Elminster Firebrand,11,Humano,Clérigo,17,14,16,13,18,8
Karlach Ironfist,5,Humano,Guerreiro,17,9,13,16,14,18
Viconia Ansur,5,Halfling,Mago,17,19,13,17,9,12
Aradin Stonefoot,2,Orc,Druida,10,10,9,14,15,8
Orin Del'Vyre,11,Githyanki,Bardo,17,13,13,14,13,10
Nere Spellweaver,10,Elfo,Clérigo,13,18,14,11,11,19
Voss Darkweaver,12,Meio-Elfo,Bruxo,8,15,15,10,16,19
Mizora Bloodaxe,2,Dragonborn,Feiticeiro,12,8,15,15,17,19
Barcus Windrunner,4,Halfling,Patrulheiro,17,11,16,14,15,14
Bhaal Starseeker,4,Meio-Elfo,Bruxo,13,8,17,11,17,12
Raphael Stoutbeard,4,Gnomo,Druida,18,9,18,11,10,19
Shadowheart Silverfrond,6,Gnomo,Monge,15,15,19,8,10,17
Voss Goldseeker,2,Halfling,Bruxo,18,13,10,18,11,8
Rath Del'Vyre,6,Halfling,Bardo,16,16,17,14,16,8
Dror Ravengard,7,Gnomo,Ladino,18,9,14,8,16,15
Kagha Brightwood,11,Elfo,Mago,10,10,14,17,12,18
Lae'zel Cliffgate,10,Gnomo,Bruxo,9,16,8,17,19,16
Minsc Nightbreeze,3,Elfo,Mago,11,16,15,11,16,14
Barcus Windrunner,11,Meio-Elfo,Bardo,15,13,11,18,13,10
Astarion Anchev,12,Elfo,Guerreiro,18,10,12,10,15,19
Jaheira Silverfrond,8,Humano,Clérigo,15,12,13,18,18,13
Cora Ravengard,2,Humano,Druida,10,9,10,10,15,10
Gale Nightbreeze,11,Githyanki,Bardo,11,14,12,19,19,17
Wyll Stoutbeard,8,Anão,Paladino,10,17,17,8,17,11
Roah Starseeker,11,Halfling,Patrulheiro,17,18,12,11,14,19
Sazza Ansur,5,Orc,Paladino,9,15,8,8,11,11
Orin Goldseeker,2,Tiefling,Paladino,11,13,10,15,11,10
Bex Moonbreeze,7,Elfo,Feiticeiro,13,15,10,8,13,17
Voss Starseeker,2,Orc,Mago,18,9,8,19,16,13
Gortash Ironfist,6,Githyanki,Bruxo,18,10,14,13,14,12
Omeluum Hallowtide,10,Anão,Bardo,12,14,8,14,12,18
Sarevok Firebrand,3,Orc,Feiticeiro,10,17,14,17,12,16
Elminster Windrunner,9,Orc,Monge,9,19,11,19,15,16
Kagha Sunstrider,3,Humano,Druida,16,8,16,9,13,10
Minsc Ironfist,11,Dragonborn,Feiticeiro,8,14,14,11,8,16
Voss Windrunner,12,Anão,Ladino,16,13,12,18,8,19
Ketheric Shadowdancer,12,Tiefling,Paladino,8,15,14,10,16,10
Orin Del'Vyre,3,Meio-Elfo,Feiticeiro,14,14,16,16,15,11
Volothamp Goldseeker,5,Githyanki,Patrulheiro,13,11,17,14,13,8
Mizora Bloodaxe,7,Halfling,Bruxo,14,10,13,9,8,12
Lae'zel Del'Vyre,8,Halfling,Clérigo,10,10,8,18,9,19
Nere Ansur,12,Meio-Elfo,Feiticeiro,10,11,13,19,17,16
Cora Stonefoot,11,Githyanki,Bardo,18,16,8,13,10,9
Nere Firebrand,7,Meio-Elfo,Guerreiro,8,16,19,16,17,11
Raphael Ansur,9,Elfo,Patrulheiro,11,9,11,19,19,17
Sazza Spellweaver,5,Githyanki,Feiticeiro,19,12,15,10,10,9
Gortash Anchev,10,Githyanki,Mago,9,8,12,18,9,15
Omeluum Goldseeker,11,Orc,Druida,17,11,12,13,19,16
Jaheira Cliffgate,3,Anão,Paladino,15,9,17,10,9,10
Voss Stoutbeard,6,Anão,Monge,10,15,18,10,13,16
Alfira Shadowdancer,5,Orc,Guerreiro,14,11,15,11,14,13
Aradin Darkweaver,12,Gnomo,Ladino,14,12,15,16,11,13
Gortash Ansur,4,Githyanki,Paladino,19,18,8,18,8,14
Barcus Del'Vyre,12,Dragonborn,Monge,16,11,12,15,13,19
Roah Del'Vyre,2,Orc,Mago,13,12,19,8,14,12
Rath Ravengard,7,Meio-Elfo,Mago,8,12,12,19,11,13
Brem Moonbreeze,5,Gnomo,Bruxo,15,12,15,18,13,18
Gortash Moonbreeze,4,Tiefling,Clérigo,8,18,8,8,16,8
Abdirak Goldseeker,12,Gnomo,Ladino,10,10,14,14,11,10
Sazza Silverfrond,8,Meio-Elfo,Clérigo,18,14,14,10,19,19
Cora Goldseeker,9,Githyanki,Guerreiro,12,10,16,18,17,16
Danis Brightwood,9,Anão,Bruxo,15,9,9,14,11,19
Alfira Hallowtide,3,Elfo,Feiticeiro,16,10,10,16,17,12
Gale Dekarios,3,Githyanki,Feiticeiro,14,18,11,10,19,12
Alfira Darkweaver,5,Meio-Elfo,Mago,16,10,8,10,12,15
Minsc Windrunner,5,Gnomo,Mago,18,15,14,9,10,18
Dror Darkweaver,10,Halfling,Paladino,10,11,17,17,17,18
Barcus Cliffgate,2,Elfo,Bardo,12,10,10,8,9,9
Halsin Silverfrond,1,Humano,Patrulheiro,17,17,10,16,16,14
Gortash Ironfist,8,Githyanki,Mago,15,12,10,13,8,16
Minsc Silverfrond,3,Meio-Elfo,Druida,19,11,15,13,12,14
Alfira Silverfrond,1,Tiefling,Patrulheiro,8,16,16,15,12,19
Gortash Nightbreeze,1,Githyanki,Paladino,15,15,17,18,15,12
Sazza Windrunner,11,Githyanki,Druida,14,18,9,12,13,13
Omeluum Goldseeker,2,Orc,Patrulheiro,8,14,17,16,13,11
Rath Firebrand,6,Gnomo,Feiticeiro,17,15,17,18,13,19
Elminster Stonefoot,6,Dragonborn,Clérigo,19,12,8,12,11,14
Aradin Silverfrond,3,Githyanki,Patrulheiro,17,11,16,9,8,8
Minsc Windrunner,12,Meio-Elfo,Bruxo,19,14,13,13,10,11
Mizora Ironfist,4,Gnomo,Mago,13,8,16,16,17,10
Roah Darkweaver,12,Halfling,Bruxo,8,13,13,10,19,11
Gortash Stoutbeard,2,Tiefling,Bardo,9,15,9,17,18,8
Viconia Goldseeker,2,Tiefling,Clérigo,12,14,8,11,13,19
Voss Stoutbeard,7,Githyanki,Guerreiro,9,9,15,17,12,9
Gortash Swiftfoot,1,Humano,Paladino,17,14,10,18,17,19
Aradin Shadowdancer,7,Gnomo,Mago,8,13,8,15,8,18
Wyll Darkweaver,12,Halfling,Guerreiro,13,12,15,13,12,16
Wyll Starseeker,12,Anão,Guerreiro,15,11,19,14,9,14
Dror Ironfist,1,Orc,Paladino,15,8,8,14,8,13
Jaheira Silverfrond,6,Humano,Guerreiro,15,9,15,11,11,9
Shadowheart Brightwood,3,Anão,Monge,18,14,8,19,13,8
Danis Goldseeker,8,Orc,Bruxo,13,17,16,13,14,9
Bhaal Sunstrider,6,Tiefling,Ladino,18,10,16,19,16,14
Ragzlin Darkweaver,11,Anão,Ladino,10,12,19,16,12,9
Aradin Shadowdancer,2,Humano,Bardo,8,15,16,10,15,10
Sarevok Hallowtide,8,Orc,Mago,9,15,10,15,15,15
Voss Darkweaver,5,Humano,Bardo,12,13,11,14,18,14
Viconia Moonbreeze,8,Humano,Mago,17,12,12,11,16,19
Bex Firebrand,8,Orc,Ladino,12,9,13,17,10,18
Bex Starseeker,6,Halfling,Druida,17,16,16,10,10,18
Karlach Bloodaxe,2,Tiefling,Feiticeiro,8,8,18,14,16,18
Barcus Ironfist,8,Githyanki,Bardo,8,18,19,17,14,16
Blurg Swiftfoot,11,Dragonborn,Bruxo,16,9,11,16,11,19
Gale Ironfist,6,Elfo,Bruxo,9,8,13,19,8,11
Mizora Cliffgate,6,Githyanki,Monge,14,19,8,17,14,14
Minsc Anchev,8,Anão,Ladino,17,11,9,10,17,8
Minsc Ironfist,1,Orc,Bardo,11,11,15,17,13,18
Wyll Darkweaver,2,Halfling,Bruxo,14,12,11,16,10,18
Voss Cliffgate,12,Halfling,Ladino,15,12,17,15,12,9
Elminster Bloodaxe,12,Anão,Bruxo,12,15,14,19,10,14
Raphael Goldseeker,9,Gnomo,Mago,19,18,11,10,15,9
Brem Cliffgate,11,Humano,Paladino,19,18,16,15,12,13
Dammon Spellweaver,12,Elfo,Clérigo,8,10,16,19,17,17
Astarion Swiftfoot,8,Anão,Druida,11,13,11,11,17,19
Jaheira Ansur,12,Anão,Ladino,17,19,15,13,13,16
Cora Del'Vyre,7,Dragonborn,Monge,10,19,13,19,9,18
Rath Stoutbeard,7,Githyanki,Bardo,17,10,8,17,15,12
Sarevok Stoutbeard,5,Anão,Monge,19,9,14,9,16,17
Sarevok Goldseeker,2,Gnomo,Druida,12,15,8,15,10,14
Orin Windrunner,11,Anão,Druida,17,8,10,16,13,8
Alfira Firebrand,6,Anão,Druida,17,16,15,14,13,15
Abdirak Sunstrider,10,Githyanki,Druida,13,18,16,15,9,16
Ragzlin Hallowtide,3,Anão,Bruxo,9,14,10,14,17,12
Danis Ironfist,4,Gnomo,Patrulheiro,14,19,8,18,15,13
Rath Hallowtide,10,Githyanki,Bardo,10,17,8,17,12,18
Bex Dekarios,12,Meio-Elfo,Bardo,8,19,14,11,18,15
Sazza Nightbreeze,11,Tiefling,Clérigo,17,18,12,8,18,11
Barcus Moonbreeze,2,Tiefling,Paladino,10,11,8,10,15,9
Ragzlin Cliffgate,2,Humano,Mago,16,10,13,14,15,17
Wyll Bloodaxe,12,Elfo,Feiticeiro,17,13,13,18,19,15
Halsin Moonbreeze,8,Halfling,Clérigo,18,16,11,18,10,9
Dror Ironfist,8,Dragonborn,Mago,18,16,14,14,12,12
Dror Darkweaver,10,Gnomo,Patrulheiro,13,11,14,18,14,13
Wyll Stonefoot,6,Tiefling,Ladino,18,17,19,10,12,12
Danis Ravengard,5,Meio-Elfo,Druida,13,12,16,8,13,13
Sarevok Bloodaxe,8,Gnomo,Patrulheiro,11,18,19,17,9,13
Gale Stonefoot,4,Githyanki,Patrulheiro,15,16,8,16,15,10
Danis Sunstrider,11,Meio-Elfo,Patrulheiro,12,9,12,19,12,18
Shadowheart Shadowdancer,4,Gnomo,Patrulheiro,14,9,17,13,13,18
Brem Nightbreeze,5,Tiefling,Patrulheiro,16,12,10,19,8,10
Raphael Silverfrond,1,Halfling,Monge,12,8,14,14,17,16
Nere Nightbreeze,1,Orc,Mago,18,15,11,8,9,10
Astarion Windrunner,2,Dragonborn,Monge,12,12,11,8,18,10
Jaheira Windrunner,8,Dragonborn,Patrulheiro,11,19,19,11,11,18
Cora Nightbreeze,7,Gnomo,Feiticeiro,13,17,8,14,18,9
Sazza Goldseeker,10,Tiefling,Druida,9,9,8,18,16,14
Lae'zel Windrunner,9,Meio-Elfo,Guerreiro,10,19,17,18,13,17
Danis Dekarios,5,Tiefling,Bardo,8,16,9,15,15,17
Roah Ironfist,2,Tiefling,Feiticeiro,9,9,9,17,9,11
Volothamp Spellweaver,7,Anão,Mago,9,14,8,16,17,8
Elminster Hallowtide,8,Orc,Druida,15,15,15,8,12,13
Sarevok Bloodaxe,12,Anão,Bardo,15,13,13,11,19,12
Lae'zel Ironfist,7,Meio-Elfo,Patrulheiro,9,18,13,11,19,18
Abdirak Windrunner,7,Orc,Monge,13,14,17,10,8,9
Nere Brightwood,12,Tiefling,Monge,12,18,17,14,11,13
Jaheira Starseeker,5,Halfling,Guerreiro,10,8,16,8,17,8
Alfira Silverfrond,2,Meio-Elfo,Paladino,12,11,12,16,8,10
Astarion Starseeker,6,Gnomo,Feiticeiro,12,14,11,15,18,11
Ragzlin Stormwind,4,Gnomo,Patrulheiro,12,8,18,9,18,10
Voss Ironfist,10,Gnomo,Druida,10,8,13,9,16,13
Rath Firebrand,2,Elfo,Clérigo,10,18,15,15,9,18
Gortash Nightbreeze,12,Orc,Bruxo,11,13,8,18,14,11
Voss Nightbreeze,9,Tiefling,Feiticeiro,14,11,14,8,10,8
Barcus Windrunner,7,Tiefling,Clérigo,19,10,15,14,9,12
Ketheric Darkweaver,6,Orc,Monge,19,19,16,16,11,12
Sazza Ansur,12,Anão,Clérigo,19,12,18,19,14,16
Jaheira Dekarios,5,Gnomo,Mago,9,16,15,10,14,15
Barcus Bloodaxe,3,Anão,Monge,17,17,14,14,16,15
Mizora Bloodaxe,12,Anão,Feiticeiro,11,17,10,13,19,12
Abdirak Del'Vyre,10,Gnomo,Patrulheiro,11,19,9,14,10,15
Kagha Spellweaver,10,Githyanki,Patrulheiro,8,19,10,14,14,17
Bex Del'Vyre,4,Tiefling,Mago,17,18,11,17,13,14
Minsc Shadowdancer,3,Elfo,Bruxo,15,17,11,8,17,8
Brem Bloodaxe,12,Gnomo,Bardo,8,10,13,10,14,19
Blurg Goldseeker,11,Halfling,Mago,15,12,19,17,14,14
Elminster Silverfrond,8,Gnomo,Bardo,14,17,14,8,17,18
Brem Firebrand,3,Dragonborn,Ladino,16,12,19,12,12,15
Bex Bloodaxe,7,Dragonborn,Monge,15,16,11,10,16,10
Kagha Sunstrider,7,Meio-Elfo,Guerreiro,12,18,17,8,14,16
Kagha Nightbreeze,7,Githyanki,Bruxo,15,19,13,9,14,15
Ketheric Darkweaver,7,Gnomo,Paladino,18,17,16,17,19,9
Viconia Cliffgate,2,Tiefling,Bruxo,17,18,13,12,10,13
Alfira Swiftfoot,10,Githyanki,Bardo,19,11,10,18,8,11
Viconia Firebrand,3,Tiefling,Ladino,19,8,8,10,12,10
Ketheric Stonefoot,10,Orc,Bardo,10,17,18,13,15,18
Astarion Windrunner,9,Githyanki,Monge,17,12,17,16,12,13
Rath Goldseeker,3,Humano,Bardo,14,8,17,13,17,17
Alfira Cliffgate,2,Humano,Druida,19,13,12,9,10,16
Sarevok Starseeker,9,Meio-Elfo,Patrulheiro,11,19,17,9,16,9
Jaheira Nightbreeze,10,Githyanki,Paladino,12,17,17,15,9,17
Jaheira Swiftfoot,9,Humano,Ladino,16,17,10,18,10,17
Sarevok Hallowtide,4,Humano,Druida,14,14,15,15,19,17
Mizora Windrunner,12,Halfling,Bardo,11,8,17,13,11,12
Abdirak Spellweaver,9,Dragonborn,Paladino,13,17,8,17,17,13
Kagha Stormwind,3,Elfo,Bruxo,17,11,18,14,8,11
Dror Spellweaver,7,Anão,Clérigo,18,16,9,8,18,14
Karlach Brightwood,7,Gnomo,Druida,14,8,10,19,11,9
Jaheira Swiftfoot,11,Humano,Clérigo,17,16,10,16,11,14
Roah Swiftfoot,8,Anão,Mago,16,15,19,12,16,9
Nere Nightbreeze,10,Anão,Clérigo,11,12,15,16,15,8
Cora Hallowtide,4,Githyanki,Feiticeiro,17,13,12,9,9,18
Aradin Shadowdancer,3,Githyanki,Druida,10,14,15,15,14,12
Cora Stormwind,3,Gnomo,Guerreiro,15,11,18,14,13,9
Barcus Cliffgate,12,Dragonborn,Monge,8,13,18,18,14,15
Volothamp Goldseeker,5,Orc,Mago,16,14,13,11,18,19
Volothamp Ansur,11,Anão,Clérigo,8,18,19,10,11,19
Shadowheart Ansur,1,Orc,Bardo,9,13,9,11,12,19
Wyll Moonbreeze,10,Dragonborn,Druida,15,18,18,11,13,15
Aradin Stonefoot,3,Meio-Elfo,Ladino,16,19,11,17,16,8
Mizora Anchev,6,Elfo,Bardo,14,13,16,17,9,11
Omeluum Dekarios,3,Gnomo,Bruxo,10,9,11,15,18,16
Volothamp Spellweaver,5,Halfling,Bardo,14,12,12,11,16,12
Blurg Dekarios,9,Dragonborn,Druida,13,10,12,12,17,19
Alfira Ironfist,2,Humano,Guerreiro,9,14,17,9,8,18
Dror Windrunner,11,Orc,Bruxo,10,11,15,11,11,17
Rath Dekarios,2,Meio-Elfo,Monge,18,8,13,14,19,13
Barcus Ansur,12,Tiefling,Clérigo,19,19,17,10,12,10
Mizora Hallowtide,6,Orc,Mago,17,19,14,8,16,12
Sarevok Stormwind,6,Anão,Bruxo,17,13,13,15,13,19
Orin Brightwood,11,Orc,Clérigo,19,13,12,15,11,8
Kagha Del'Vyre,11,Halfling,Ladino,12,14,12,13,9,15
Shadowheart Stoutbeard,8,Dragonborn,Bruxo,17,18,10,14,12,18
Ragzlin Sunstrider,12,Humano,Bruxo,11,15,14,17,15,13
Minthara Darkweaver,11,Humano,Mago,9,10,17,18,15,19
Shadowheart Dekarios,2,Tiefling,Clérigo,11,13,12,9,13,9
Viconia Stormwind,9,Githyanki,Monge,19,17,14,12,18,11
Ketheric Goldseeker,2,Anão,Mago,15,9,9,19,8,11
Minthara Ironfist,1,Dragonborn,Clérigo,12,16,16,14,15,16
Gortash Bloodaxe,10,Orc,Monge,12,9,15,16,11,16
Volothamp Nightbreeze,2,Tiefling,Ladino,19,10,12,8,9,12
Minsc Stormwind,12,Elfo,Guerreiro,19,19,9,10,8,19
Kagha Shadowdancer,7,Halfling,Feiticeiro,17,17,13,13,14,10
Dror Del'Vyre,8,Githyanki,Mago,10,19,15,14,9,8
Gale Firebrand,5,Githyanki,Clérigo,15,19,14,13,11,13
Barcus Dekarios,6,Meio-Elfo,Monge,13,9,15,8,11,15
Lae'zel Ravengard,12,Meio-Elfo,Monge,9,16,11,11,17,8
Nere Spellweaver,1,Elfo,Feiticeiro,9,8,10,13,8,18
Shadowheart Hallowtide,6,Tiefling,Bruxo,16,12,14,15,9,8
Ragzlin Shadowdancer,12,Gnomo,Feiticeiro,14,8,9,17,8,18
Sazza Bloodaxe,8,Halfling,Bruxo,17,12,12,11,13,14
Gale Shadowdancer,3,Tiefling,Clérigo,16,15,14,14,10,14
Bhaal Hallowtide,11,Anão,Bardo,13,15,8,18,8,9
Aradin Brightwood,1,Halfling,Feiticeiro,12,18,11,10,19,10
Rath Dekarios,11,Githyanki,Ladino,19,15,9,15,15,9
Shadowheart Windrunner,4,Githyanki,Druida,8,9,13,8,19,13
Elminster Ironfist,1,Anão,Druida,19,15,19,11,11,15
Sarevok Anchev,8,Gnomo,Monge,13,19,8,15,17,15
Voss Moonbreeze,5,Elfo,Monge,13,12,14,17,14,8
Astarion Moonbreeze,1,Meio-Elfo,Guerreiro,10,8,10,11,17,18
Orin Dekarios,8,Githyanki,Patrulheiro,10,14,19,9,9,16
Abdirak Stormwind,9,Gnomo,Monge,10,13,8,9,13,18
Blurg Stonefoot,10,Dragonborn,Bardo,10,12,15,11,13,15
Bex Hallowtide,2,Halfling,Ladino,14,8,14,11,14,16
Zevlor Ansur,9,Elfo,Druida,17,8,9,9,19,16
Roah Starseeker,8,Tiefling,Ladino,18,13,14,14,8,18
Cora Silverfrond,7,Gnomo,Mago,9,17,10,13,19,19
Brem Cliffgate,3,Elfo,Monge,17,19,16,18,8,13
Sazza Cliffgate,2,Gnomo,Bardo,17,14,15,10,9,10
Dror Moonbreeze,7,Dragonborn,Feiticeiro,9,17,12,15,18,8
Bex Stoutbeard,5,Humano,Clérigo,10,17,14,15,9,18
Volothamp Sunstrider,6,Anão,Bruxo,17,8,10,8,12,15
Omeluum Windrunner,4,Humano,Monge,19,16,8,10,8,17
Voss Darkweaver,2,Elfo,Monge,14,11,8,12,18,10
Minsc Ravengard,9,Humano,Bardo,10,12,18,9,9,14
Sazza Stormwind,3,Gnomo,Patrulheiro,14,9,9,19,13,17
Aradin Ravengard,12,Gnomo,Ladino,16,19,15,19,10,13
Raphael Nightbreeze,7,Humano,Bardo,18,17,8,12,11,10
Dammon Swiftfoot,8,Anão,Paladino,17,15,18,18,8,13
Gale Ansur,2,Anão,Paladino,19,9,19,17,12,19
Gale Swiftfoot,6,Dragonborn,Paladino,18,10,12,10,11,10
Dror Ravengard,11,Gnomo,Patrulheiro,11,19,16,16,15,16
Orin Moonbreeze,8,Elfo,Feiticeiro,14,16,19,18,10,8
Cora Windrunner,7,Halfling,Bardo,16,9,16,8,17,15
Rath Hallowtide,11,Anão,Guerreiro,15,13,9,11,8,12
Viconia Brightwood,3,Orc,Feiticeiro,15,19,14,17,17,11
Dammon Windrunner,1,Anão,Monge,16,11,18,13,12,8
Omeluum Stonefoot,6,Dragonborn,Monge,12,14,8,16,8,16
Mizora Moonbreeze,8,Halfling,Paladino,12,13,10,10,18,16
Brem Starseeker,6,Meio-Elfo,Bruxo,10,17,13,10,12,12
Kagha Ansur,5,Orc,Bardo,12,16,16,19,16,18
Raphael Ironfist,11,Anão,Bardo,15,16,17,12,12,16
Dror Stonefoot,12,Humano,Clérigo,19,17,9,14,9,17
Blurg Firebrand,8,Gnomo,Druida,12,11,14,12,9,16
Halsin Anchev,2,Orc,Guerreiro,11,8,11,18,17,14
Wyll Goldseeker,12,Anão,Bruxo,15,9,9,15,16,15
Blurg Hallowtide,1,Gnomo,Patrulheiro,14,15,10,12,19,8
Astarion Stonefoot,1,Elfo,Mago,13,17,13,14,12,11
Astarion Moonbreeze,4,Halfling,Patrulheiro,12,15,17,13,18,17
